{"type":"FeatureCollection","features":[{"id":"автономна республіка крим","type":"Feature","geometry":{"type":"MultiPolygon","coordinates":[[[[33.4206,45.8255],[33.4195,45.8274],[33.4206,45.828],[33.4213,45.8273],[33.4206,45.8255]]],[[[33.4375,45.831],[33.4364,45.8307],[33.4355,45.8324],[33.4373,45.8325],[33.4375,45.831]]],[[[33.4348,45.8337],[33.4346,45.8333],[33.4335,45.8335],[33.434,45.834],[33.4348,45.8337]]],[[[33.4362,45.8354],[33.4371,45.8354],[33.4369,45.8347],[33.4364,45.8344],[33.4362,45.8354]]],[[[33.4403,45.835],[33.4391,45.8352],[33.4398,45.8374],[33.4418,45.8363],[33.4403,45.835]]],[[[33.4585,45.8438],[33.461,45.8438],[33.4615,45.8433],[33.4588,45.8428],[33.4585,45.8438]]],[[[33.4666,45.8445],[33.4662,45.845],[33.4682,45.8459],[33.4678,45.8448],[33.4666,45.8445]]],[[[33.5036,45.8536],[33.5029,45.8573],[33.5054,45.8568],[33.5083,45.8535],[33.5036,45.8536]]],[[[33.5063,45.8574],[33.5099,45.861],[33.5086,45.8574],[33.5106,45.8577],[33.5128,45.8552],[33.5063,45.8574]]],[[[33.514,45.8633],[33.5163,45.8641],[33.5154,45.8619],[33.5147,45.8618],[33.514,45.8633]]],[[[33.5186,45.8691],[33.5385,45.8792],[33.5208,45.8693],[33.5183,45.865],[33.5186,45.8691]]],[[[33.6415,45.9428],[33.6414,45.9444],[33.6445,45.9447],[33.6443,45.9444],[33.6415,45.9428]]],[[[34.1746,45.9435],[34.174,45.9444],[34.1753,45.9442],[34.1769,45.9434],[34.1746,45.9435]]],[[[34.2126,45.9514],[34.2111,45.9536],[34.2138,45.9547],[34.2147,45.9526],[34.2126,45.9514]]],[[[34.2407,45.9974],[34.2391,45.9971],[34.2389,45.9979],[34.2405,45.9985],[34.2407,45.9974]]],[[[34.2321,46.0077],[34.2272,46.0108],[34.2285,46.0161],[34.2334,46.0131],[34.2321,46.0077]]],[[[34.2375,46.0165],[34.2357,46.0163],[34.2362,46.0173],[34.2375,46.0174],[34.2375,46.0165]]],[[[34.2339,46.0164],[34.2321,46.0168],[34.2323,46.0175],[34.2335,46.0178],[34.2339,46.0164]]],[[[34.2299,46.017],[34.2265,46.0174],[34.2272,46.0178],[34.2292,46.018],[34.2299,46.017]]],[[[34.1408,46.0278],[34.1397,46.028],[34.1412,46.0286],[34.1412,46.028],[34.1408,46.0278]]],[[[34.1393,46.0308],[34.1392,46.0296],[34.1383,46.0296],[34.1379,46.0309],[34.1393,46.0308]]],[[[34.1371,46.0345],[34.136,46.0353],[34.1371,46.0356],[34.1378,46.0349],[34.1371,46.0345]]],[[[34.134,46.0362],[34.1328,46.0367],[34.1342,46.0372],[34.1342,46.0364],[34.134,46.0362]]],[[[34.1331,46.0392],[34.1318,46.0391],[34.1311,46.04],[34.1336,46.0402],[34.1331,46.0392]]],[[[34.1257,46.0395],[34.125,46.0406],[34.1259,46.0415],[34.1275,46.0399],[34.1257,46.0395]]],[[[34.13,46.0412],[34.1289,46.0424],[34.1305,46.0424],[34.1302,46.0416],[34.13,46.0412]]],[[[34.1305,46.0441],[34.1303,46.0437],[34.1287,46.0438],[34.1294,46.0445],[34.1305,46.0441]]],[[[34.2068,46.0467],[34.2082,46.0466],[34.2079,46.046],[34.2068,46.0457],[34.2068,46.0467]]],[[[34.2102,46.0458],[34.2088,46.0465],[34.2107,46.0471],[34.2113,46.046],[34.2102,46.0458]]],[[[34.2037,46.0478],[34.2048,46.0473],[34.2048,46.0467],[34.2034,46.047],[34.2037,46.0478]]],[[[34.1992,46.0502],[34.2008,46.0506],[34.2008,46.0497],[34.2001,46.0495],[34.1992,46.0502]]],[[[34.1968,46.0507],[34.1965,46.0512],[34.1988,46.0518],[34.1986,46.051],[34.1968,46.0507]]],[[[34.2098,46.0507],[34.2076,46.0501],[34.2034,46.0534],[34.2079,46.0525],[34.2098,46.0507]]],[[[34.1428,46.0597],[34.1421,46.0607],[34.1435,46.0607],[34.1435,46.0599],[34.1428,46.0597]]],[[[34.1385,46.0613],[34.1386,46.0624],[34.1397,46.0624],[34.1403,46.0613],[34.1385,46.0613]]],[[[34.166,46.0694],[34.1629,46.0694],[34.1613,46.0701],[34.1663,46.0724],[34.166,46.0694]]],[[[34.067,46.0751],[34.0729,46.0752],[34.0693,46.0733],[34.0692,46.0702],[34.067,46.0751]]],[[[33.9312,46.0949],[33.9229,46.0815],[33.9078,46.1005],[33.9275,46.1008],[33.9312,46.0949]]],[[[34.0866,46.0835],[34.083,46.0832],[34.0729,46.1088],[34.0836,46.1024],[34.0866,46.0835]]],[[[34.2436,45.9971],[34.2439,45.9982],[34.2443,45.9983],[34.2456,45.9969],[34.2436,45.9971]]],[[[34.2859,46.002],[34.2841,46.0032],[34.2852,46.0037],[34.2866,46.0027],[34.2859,46.002]]],[[[34.3021,46.0033],[34.2999,46.0048],[34.3036,46.0058],[34.3019,46.0041],[34.3021,46.0033]]],[[[34.283,46.0043],[34.2826,46.0056],[34.2837,46.0058],[34.2846,46.0046],[34.283,46.0043]]],[[[34.3168,46.0043],[34.3148,46.0056],[34.3153,46.0065],[34.3169,46.0057],[34.3168,46.0043]]],[[[34.2822,46.0081],[34.2826,46.0073],[34.2813,46.0064],[34.2815,46.008],[34.2822,46.0081]]],[[[34.3129,46.0095],[34.3149,46.0089],[34.3149,46.0087],[34.3135,46.0082],[34.3129,46.0095]]],[[[34.2797,46.0091],[34.2807,46.0113],[34.2816,46.0113],[34.2815,46.0094],[34.2797,46.0091]]],[[[34.2838,46.01],[34.2829,46.0097],[34.2829,46.0108],[34.2841,46.0108],[34.2838,46.01]]],[[[34.3261,46.0145],[34.3045,46.008],[34.3109,46.019],[34.314,46.017],[34.3261,46.0145]]],[[[34.3063,46.0163],[34.3061,46.0174],[34.3072,46.0179],[34.3079,46.0168],[34.3063,46.0163]]],[[[34.2414,46.0183],[34.2407,46.0169],[34.2391,46.0172],[34.2398,46.0182],[34.2414,46.0183]]],[[[34.3079,46.0188],[34.3075,46.0199],[34.3095,46.0204],[34.3095,46.019],[34.3079,46.0188]]],[[[34.3158,46.0194],[34.3159,46.0213],[34.3172,46.0212],[34.3181,46.0195],[34.3158,46.0194]]],[[[34.2471,46.0219],[34.2455,46.0214],[34.2453,46.0228],[34.2469,46.0231],[34.2471,46.0219]]],[[[34.2917,46.0215],[34.2915,46.0226],[34.2922,46.0231],[34.294,46.022],[34.2917,46.0215]]],[[[34.2449,46.0243],[34.2447,46.0254],[34.2463,46.0256],[34.2463,46.0245],[34.2449,46.0243]]],[[[34.247,46.0282],[34.2472,46.0267],[34.2459,46.0268],[34.2459,46.0279],[34.247,46.0282]]],[[[34.3095,46.0271],[34.3081,46.027],[34.3091,46.0284],[34.3102,46.0274],[34.3095,46.0271]]],[[[34.3066,46.0278],[34.3032,46.0274],[34.3041,46.0288],[34.3068,46.0289],[34.3066,46.0278]]],[[[34.3023,46.0293],[34.3009,46.0274],[34.2989,46.0287],[34.3019,46.0296],[34.3023,46.0293]]],[[[34.3118,46.0292],[34.3136,46.0293],[34.3136,46.0287],[34.3122,46.0279],[34.3118,46.0292]]],[[[34.2923,46.0278],[34.2906,46.0288],[34.2926,46.0294],[34.293,46.0283],[34.2923,46.0278]]],[[[34.2428,46.0295],[34.2421,46.0287],[34.241,46.0298],[34.2416,46.0301],[34.2428,46.0295]]],[[[34.2908,46.0305],[34.2888,46.0308],[34.2893,46.0313],[34.2908,46.031],[34.2908,46.0305]]],[[[34.2874,46.0304],[34.2861,46.031],[34.2861,46.0318],[34.2875,46.0318],[34.2874,46.0304]]],[[[34.2455,46.0293],[34.2435,46.0302],[34.2433,46.0321],[34.2456,46.033],[34.2455,46.0293]]],[[[34.3129,46.0307],[34.3123,46.0318],[34.3134,46.032],[34.3134,46.0312],[34.3129,46.0307]]],[[[34.2534,46.0323],[34.253,46.0336],[34.2541,46.0333],[34.2543,46.0325],[34.2534,46.0323]]],[[[34.2984,46.034],[34.2954,46.0333],[34.2943,46.0347],[34.2948,46.0349],[34.2984,46.034]]],[[[34.3038,46.0332],[34.3022,46.0357],[34.3034,46.0359],[34.3049,46.0333],[34.3038,46.0332]]],[[[34.3148,46.0318],[34.3113,46.0372],[34.317,46.0381],[34.3174,46.0371],[34.3148,46.0318]]],[[[34.3119,46.0358],[34.3124,46.0348],[34.3092,46.0344],[34.3101,46.0356],[34.3119,46.0358]]],[[[34.2556,46.037],[34.2554,46.0381],[34.2563,46.0383],[34.2567,46.0372],[34.2556,46.037]]],[[[34.2583,46.0386],[34.2581,46.04],[34.2599,46.0392],[34.2594,46.0387],[34.2583,46.0386]]],[[[34.2541,46.0403],[34.254,46.0394],[34.2522,46.0394],[34.2523,46.0402],[34.2541,46.0403]]],[[[34.2642,46.0415],[34.2658,46.0419],[34.2658,46.041],[34.2651,46.0408],[34.2642,46.0415]]],[[[34.2563,46.0403],[34.2557,46.0414],[34.2598,46.0433],[34.2624,46.041],[34.2563,46.0403]]],[[[34.2668,46.0447],[34.2672,46.0436],[34.2656,46.0437],[34.2657,46.0444],[34.2668,46.0447]]],[[[33.7713,46.1261],[33.8033,46.114],[33.8309,46.1493],[33.8122,46.1548],[33.8051,46.1787],[33.8343,46.1824],[33.8233,46.1718],[33.8444,46.1613],[33.8329,46.1754],[33.8471,46.1729],[33.8649,46.1399],[33.8395,46.1198],[33.847,46.1104],[33.8291,46.1198],[33.7974,46.0851],[33.8289,46.1055],[33.8761,46.0896],[33.9022,46.0432],[33.886,46.0362],[33.9041,46.0207],[33.9078,46.0544],[33.9326,46.0711],[33.9474,46.0621],[33.9308,46.0426],[33.9653,46.0295],[33.9571,46.0107],[33.9586,46.0074],[33.9671,46.0294],[33.9812,46.0232],[33.9933,46.0291],[33.971,46.0294],[33.9459,46.0554],[33.9963,46.0611],[33.9928,46.0762],[33.9603,46.0661],[33.9315,46.0833],[33.9459,46.0937],[34.0199,46.1003],[34.0637,46.0801],[34.0591,46.0632],[34.0814,46.073],[34.091,46.0447],[34.1663,46.0072],[34.1454,45.9917],[34.1862,46.0005],[34.1405,45.9705],[34.13,45.9841],[34.1008,45.9816],[34.1208,45.954],[34.1517,45.9545],[34.1507,45.9393],[34.1845,45.9331],[34.1825,45.9431],[34.1705,45.9488],[34.2146,45.9479],[34.2195,45.9551],[34.1862,46.0231],[34.1633,46.0271],[34.1744,46.0162],[34.1637,46.0141],[34.1218,46.0615],[34.1029,46.0505],[34.1091,46.0676],[34.2378,46.0312],[34.2242,46.018],[34.2254,46.0103],[34.2376,45.9913],[34.2315,45.99],[34.2285,45.9851],[34.2249,45.9863],[34.2259,45.9822],[34.2346,45.9777],[34.2411,45.9955],[34.2456,45.995],[34.2448,45.99],[34.2542,45.9855],[34.2363,46.014],[34.2509,46.0203],[34.2555,46.0321],[34.2554,46.0199],[34.2689,46.0177],[34.2582,46.0346],[34.2814,46.0425],[34.2721,46.0507],[34.2856,46.0403],[34.2764,46.0102],[34.2845,46.0012],[34.305,46.0014],[34.2971,45.9982],[34.307,45.9983],[34.3076,46.006],[34.3203,45.9898],[34.336,46.0147],[34.3149,46.0265],[34.3308,46.0225],[34.3459,46.0308],[34.3415,46.0379],[34.3219,46.0385],[34.3447,46.0384],[34.3456,46.036],[34.3571,46.0371],[34.4051,45.9726],[34.4399,45.9586],[34.4071,45.9443],[34.4187,45.9239],[34.3975,45.9301],[34.3938,45.917],[34.3965,45.9377],[34.3846,45.9367],[34.3774,45.9005],[34.4032,45.915],[34.4156,45.8981],[34.3994,45.8914],[34.4002,45.8866],[34.4181,45.8915],[34.4141,45.91],[34.4265,45.9118],[34.4343,45.8835],[34.4382,45.9386],[34.4282,45.9363],[34.4487,45.9427],[34.4413,45.9539],[34.4632,45.9378],[34.4746,45.9466],[34.4902,45.9203],[34.4759,45.8636],[34.5113,45.8842],[34.5307,45.9282],[34.5687,45.9114],[34.5923,45.9183],[34.5598,45.9533],[34.5519,45.9702],[34.5529,45.9804],[34.5671,45.981],[34.5533,45.9886],[34.6485,45.9447],[34.6383,45.9202],[34.6135,45.9199],[34.618,45.889],[34.6346,45.9179],[34.6277,45.8886],[34.5535,45.8648],[34.5522,45.8417],[34.5101,45.8063],[34.4613,45.8049],[34.4738,45.7841],[34.5482,45.7957],[34.6621,45.8719],[34.7607,45.9018],[34.7711,45.8765],[34.7597,45.8654],[34.7372,45.8796],[34.6744,45.8566],[34.6588,45.8009],[34.7494,45.8239],[34.7425,45.8239],[34.7432,45.8264],[34.753,45.8234],[34.7633,45.8088],[34.7417,45.8152],[34.7533,45.7986],[34.7646,45.8074],[34.7819,45.7925],[34.7375,45.7452],[34.708,45.7479],[34.6704,45.7211],[34.7169,45.7082],[34.875,45.7504],[34.8437,45.7258],[34.8948,45.6914],[34.876,45.6931],[34.8661,45.6716],[34.965,45.6864],[34.9598,45.6722],[34.962,45.6634],[34.9699,45.6587],[34.9563,45.6545],[35.0274,45.6388],[35.042,45.6154],[35.0554,45.6086],[35.0735,45.5822],[35.0774,45.5656],[35.0869,45.5581],[35.1026,45.5221],[35.1104,45.4927],[35.0996,45.5259],[35.0758,45.5661],[35.0724,45.5819],[35.0545,45.6075],[35.0446,45.6119],[35.0379,45.6194],[35.0213,45.5857],[35.0265,45.583],[35.0373,45.5825],[35.0383,45.5861],[35.0463,45.58],[35.0571,45.5806],[35.0531,45.5684],[35.0784,45.557],[35.0758,45.5408],[35.0711,45.5411],[35.0764,45.5333],[35.0889,45.5335],[35.0975,45.4935],[35.1113,45.4863],[35.0195,45.4421],[35.0043,45.3969],[34.9696,45.3936],[34.9564,45.3754],[34.9806,45.3593],[35.08,45.3579],[35.0819,45.3614],[35.0642,45.3778],[35.0427,45.4129],[35.0449,45.3995],[35.0375,45.4218],[35.0445,45.3994],[35.0601,45.3799],[35.0435,45.3978],[35.027,45.4391],[35.0667,45.3785],[35.1203,45.3403],[35.2046,45.3406],[35.2517,45.319],[35.242,45.3026],[35.2663,45.3135],[35.3548,45.2829],[35.3657,45.2726],[35.3336,45.2518],[35.3561,45.2305],[35.375,45.2565],[35.4557,45.2689],[35.4544,45.2594],[35.4708,45.2584],[35.4631,45.2712],[35.4816,45.2677],[35.4631,45.2807],[35.4758,45.2942],[35.4113,45.3161],[35.4189,45.3012],[35.3203,45.3927],[35.3061,45.3879],[35.2245,45.4854],[35.0052,45.6805],[34.9644,45.7588],[35.3056,45.4093],[35.4022,45.3365],[35.5252,45.2827],[35.7188,45.334],[35.757,45.369],[35.7497,45.3932],[35.822,45.4348],[35.8193,45.4606],[35.8496,45.4734],[35.8724,45.4653],[35.8453,45.4463],[35.8707,45.4176],[35.9746,45.3701],[36.0487,45.3845],[36.0734,45.4073],[36.0723,45.4414],[36.125,45.4618],[36.2853,45.481],[36.328,45.4707],[36.3449,45.4831],[36.4139,45.4458],[36.4752,45.4561],[36.5565,45.4239],[36.5969,45.4382],[36.6143,45.4214],[36.6088,45.4081],[36.647,45.3817],[36.5979,45.3462],[36.4832,45.3614],[36.4611,45.3358],[36.4947,45.3181],[36.4177,45.2862],[36.4286,45.2592],[36.407,45.2602],[36.425,45.2556],[36.4138,45.2431],[36.4337,45.2646],[36.4275,45.2761],[36.436,45.2654],[36.4026,45.2156],[36.4053,45.1729],[36.4533,45.1014],[36.4065,45.0706],[36.2665,45.0533],[36.2219,45.0279],[36.0279,45.0497],[35.956,45.0124],[35.9111,45.0188],[35.8405,44.9979],[35.7799,45.0649],[35.695,45.1058],[35.5846,45.1301],[35.5011,45.1179],[35.3895,45.0559],[35.3863,45.0297],[35.4249,45.0136],[35.3591,44.9883],[35.3847,44.9492],[35.3226,44.97],[35.2599,44.9652],[35.2405,44.9205],[35.1577,44.8955],[35.1296,44.8244],[35.083,44.7943],[35.048,44.802],[35.0301,44.8308],[34.9685,44.8423],[34.9105,44.8166],[34.7275,44.8118],[34.4571,44.7103],[34.4163,44.6731],[34.3728,44.5925],[34.3498,44.5824],[34.3486,44.5493],[34.3089,44.5537],[34.2514,44.5066],[34.1678,44.4943],[34.128,44.4286],[33.9668,44.3927],[33.8594,44.4076],[33.7625,44.3898],[33.7817,44.4049],[33.8989,44.4238],[33.883,44.4701],[33.8959,44.4822],[33.863,44.4771],[33.874,44.4904],[33.8643,44.5153],[33.8389,44.5203],[33.8269,44.5732],[33.7873,44.5849],[33.7811,44.612],[33.7356,44.601],[33.7164,44.618],[33.7224,44.6426],[33.7764,44.6902],[33.7269,44.7158],[33.686,44.7137],[33.6885,44.7019],[33.6155,44.7118],[33.6106,44.7508],[33.6817,44.7702],[33.6629,44.7958],[33.5845,44.8086],[33.5699,44.8302],[33.5983,44.8508],[33.6098,44.8847],[33.602,44.9993],[33.5682,45.0739],[33.5125,45.1335],[33.391,45.1971],[33.2592,45.1475],[33.1477,45.204],[32.9879,45.3254],[32.9085,45.3615],[32.7563,45.3654],[32.65,45.3147],[32.4936,45.3468],[32.5146,45.3714],[32.4796,45.3923],[32.5836,45.4796],[32.6919,45.5233],[32.6949,45.5104],[32.7894,45.5626],[32.8284,45.5487],[32.8446,45.5767],[32.8204,45.5867],[32.9085,45.6396],[33.1397,45.7197],[33.1541,45.7385],[33.1673,45.793],[33.1758,45.8062],[33.1679,45.7902],[33.1813,45.7726],[33.2434,45.7513],[33.3507,45.784],[33.4214,45.8331],[33.4543,45.8452],[33.4649,45.8464],[33.4279,45.8345],[33.4146,45.8249],[33.4471,45.8237],[33.4863,45.8551],[33.5441,45.8357],[33.5665,45.8686],[33.6137,45.8903],[33.6574,45.8728],[33.6831,45.8422],[33.6805,45.9071],[33.7614,45.9272],[33.7477,45.951],[33.6859,45.9611],[33.6179,45.9472],[33.6319,45.9828],[33.613,46.0498],[33.6423,46.084],[33.6176,46.1205],[33.6152,46.1346],[33.6364,46.1411],[33.6143,46.226],[33.6463,46.2295],[33.7018,46.1993],[33.7144,46.181],[33.7016,46.1706],[33.7308,46.1724],[33.7074,46.1591],[33.7367,46.1386],[33.7707,46.1453],[33.7817,46.1385],[33.7713,46.1261]],[[34.7544,45.7681],[34.7475,45.7636],[34.7516,45.764],[34.7576,45.7687],[34.7544,45.7681]],[[34.5596,45.9797],[34.5553,45.9787],[34.5571,45.9783],[34.5585,45.9788],[34.5596,45.9797]],[[34.7521,45.7672],[34.7526,45.7678],[34.7476,45.7658],[34.7496,45.7661],[34.7521,45.7672]],[[35.0762,45.5525],[35.0753,45.5529],[35.0748,45.5515],[35.0772,45.5499],[35.0762,45.5525]],[[34.5621,45.9792],[34.5612,45.98],[34.5598,45.9784],[34.5611,45.9772],[34.5621,45.9792]],[[35.431,45.3117],[35.4297,45.3117],[35.431,45.3098],[35.4323,45.3101],[35.431,45.3117]],[[34.1222,46.0261],[34.122,46.0252],[34.1238,46.0257],[34.1236,46.0268],[34.1222,46.0261]],[[34.1252,46.0263],[34.1247,46.0258],[34.1265,46.0253],[34.1272,46.0263],[34.1252,46.0263]],[[34.3338,46.0177],[34.3316,46.0176],[34.3329,46.0165],[34.3336,46.0168],[34.3338,46.0177]],[[34.6928,45.7117],[34.6914,45.711],[34.6941,45.7109],[34.6952,45.7116],[34.6928,45.7117]],[[34.7583,45.7708],[34.7556,45.7699],[34.7565,45.7699],[34.7576,45.7704],[34.7583,45.7708]],[[34.0759,46.0674],[34.075,46.067],[34.0763,46.0662],[34.077,46.0671],[34.0759,46.0674]]],[[[34.7027,45.7211],[34.7025,45.7214],[34.7036,45.7219],[34.7047,45.7209],[34.7027,45.7211]]],[[[34.6873,45.7238],[34.6852,45.7229],[34.6839,45.7234],[34.688,45.7252],[34.6873,45.7238]]],[[[34.6793,45.7252],[34.6786,45.7254],[34.6822,45.7272],[34.6829,45.7264],[34.6793,45.7252]]],[[[34.7286,45.7254],[34.7273,45.7254],[34.7291,45.7278],[34.7302,45.7273],[34.7286,45.7254]]],[[[34.7371,45.7311],[34.7339,45.7299],[34.7323,45.7299],[34.7326,45.7307],[34.7371,45.7311]]],[[[34.7431,45.7309],[34.738,45.7308],[34.7387,45.7312],[34.7425,45.7315],[34.7431,45.7309]]],[[[34.7778,45.7328],[34.7615,45.7309],[34.7639,45.733],[34.7791,45.7338],[34.7778,45.7328]]],[[[34.7587,45.7344],[34.7616,45.7331],[34.7483,45.732],[34.7522,45.7345],[34.7587,45.7344]]],[[[34.5072,45.7917],[34.5149,45.7929],[34.5146,45.7921],[34.511,45.7901],[34.5072,45.7917]]],[[[34.5064,45.7969],[34.5003,45.7938],[34.488,45.7885],[34.4773,45.7916],[34.4924,45.7914],[34.5064,45.7969]]],[[[34.4762,45.7993],[34.4844,45.7977],[34.4959,45.7974],[34.4904,45.7921],[34.4762,45.7993]]],[[[34.4968,45.7995],[34.4915,45.7999],[34.4931,45.8034],[34.4983,45.8038],[34.4968,45.7995]]],[[[34.5078,45.7988],[34.4975,45.7989],[34.5076,45.8051],[34.5095,45.8021],[34.5078,45.7988]]],[[[34.4908,45.802],[34.4881,45.8019],[34.4871,45.8036],[34.4884,45.8045],[34.4908,45.802]]],[[[34.5472,45.807],[34.5391,45.8075],[34.5398,45.8079],[34.5458,45.8082],[34.5472,45.807]]],[[[34.548,45.807],[34.5607,45.8105],[34.5603,45.8095],[34.552,45.8056],[34.548,45.807]]],[[[34.7359,45.8241],[34.7346,45.8235],[34.7325,45.8229],[34.7359,45.8241]]],[[[34.7412,45.8264],[34.7091,45.8222],[34.7126,45.8248],[34.7392,45.8271],[34.7412,45.8264]]],[[[34.7474,45.8461],[34.7409,45.8382],[34.7264,45.8357],[34.7491,45.8569],[34.7474,45.8461]]],[[[34.6248,45.8498],[34.6239,45.8495],[34.6273,45.852],[34.6273,45.8515],[34.6248,45.8498]]],[[[34.7514,45.8581],[34.7514,45.8641],[34.7542,45.863],[34.7521,45.8585],[34.7514,45.8581]]],[[[34.7781,45.8835],[34.7772,45.8837],[34.7788,45.8857],[34.7795,45.8846],[34.7781,45.8835]]],[[[34.7874,45.8881],[34.7745,45.8762],[34.7717,45.8746],[34.7927,45.8984],[34.7874,45.8881]]],[[[34.7814,45.8882],[34.7726,45.9032],[34.7784,45.9008],[34.7814,45.8905],[34.7814,45.8882]]],[[[34.7811,45.9001],[34.783,45.8984],[34.7791,45.9016],[34.7797,45.904],[34.7811,45.9001]]],[[[34.6204,45.9075],[34.619,45.9072],[34.6215,45.9086],[34.6215,45.9083],[34.6204,45.9075]]],[[[34.4331,45.9408],[34.4275,45.9412],[34.4337,45.9451],[34.4341,45.943],[34.4331,45.9408]]],[[[34.3256,46.002],[34.3269,46.002],[34.3269,46.0015],[34.3262,46.0012],[34.3256,46.002]]],[[[34.3215,46.0014],[34.3188,46.0011],[34.3179,46.0033],[34.3215,46.0034],[34.3215,46.0014]]],[[[34.3238,46.0047],[34.3234,46.0064],[34.3263,46.0056],[34.3256,46.0046],[34.3238,46.0047]]],[[[34.3207,46.0052],[34.3198,46.0052],[34.32,46.0061],[34.3207,46.0061],[34.3207,46.0052]]],[[[34.3212,46.0071],[34.3182,46.0074],[34.3169,46.0096],[34.3185,46.0102],[34.3212,46.0071]]],[[[34.3289,46.0103],[34.3299,46.0117],[34.3314,46.0115],[34.3305,46.0099],[34.3289,46.0103]]],[[[34.3222,46.0116],[34.3215,46.0119],[34.324,46.0133],[34.3256,46.0117],[34.3222,46.0116]]],[[[34.3315,46.0157],[34.3288,46.0161],[34.3284,46.017],[34.33,46.0173],[34.3315,46.0157]]],[[[34.3698,46.0206],[34.37,46.0214],[34.3718,46.0219],[34.3718,46.0201],[34.3698,46.0206]]],[[[34.3192,46.0209],[34.3188,46.0225],[34.32,46.0223],[34.3201,46.0209],[34.3192,46.0209]]],[[[34.3401,46.0334],[34.3375,46.0293],[34.3145,46.0298],[34.3227,46.0342],[34.3401,46.0334]]],[[[35.0107,45.3773],[35.0078,45.3786],[35.0092,45.3794],[35.0141,45.3787],[35.0107,45.3773]]],[[[35.0513,45.3848],[35.0423,45.3937],[35.0429,45.3936],[35.05,45.3867],[35.0513,45.3848]]],[[[35.0352,45.3956],[35.0328,45.3967],[35.0314,45.4007],[35.032,45.4005],[35.0352,45.3956]]],[[[35.0397,45.3961],[35.0367,45.3986],[35.035,45.4024],[35.0417,45.3963],[35.0397,45.3961]]],[[[35.0267,45.4129],[35.0263,45.42],[35.0276,45.4193],[35.029,45.4084],[35.0267,45.4129]]],[[[35.0311,45.4189],[35.0313,45.4178],[35.0288,45.4165],[35.0294,45.4208],[35.0311,45.4189]]],[[[35.0423,45.5845],[35.0397,45.5872],[35.0428,45.5867],[35.0438,45.5846],[35.0423,45.5845]]],[[[35.0269,45.5859],[35.0269,45.5874],[35.0285,45.5874],[35.0295,45.5844],[35.0269,45.5859]]],[[[35.0342,45.5842],[35.0333,45.584],[35.0295,45.5894],[35.0328,45.5898],[35.0342,45.5842]]],[[[35.0442,45.5893],[35.0402,45.5889],[35.0428,45.5923],[35.0445,45.5898],[35.0442,45.5893]]],[[[35.0346,45.59],[35.0362,45.5951],[35.0393,45.5965],[35.038,45.5902],[35.0346,45.59]]],[[[35.0332,45.5936],[35.0321,45.5935],[35.0333,45.5955],[35.0344,45.595],[35.0332,45.5936]]],[[[35.0399,45.5995],[35.0411,45.6032],[35.0426,45.6011],[35.041,45.5996],[35.0399,45.5995]]],[[[35.0362,45.6025],[35.0369,45.6036],[35.0394,45.6037],[35.0393,45.6009],[35.0362,45.6025]]],[[[35.0443,45.6039],[35.0429,45.6033],[35.0423,45.604],[35.0439,45.6054],[35.0443,45.6039]]],[[[35.0435,45.6069],[35.0423,45.6117],[35.0459,45.6108],[35.0442,45.6071],[35.0435,45.6069]]],[[[35.0402,45.6078],[35.0358,45.6108],[35.0374,45.6113],[35.0424,45.6076],[35.0402,45.6078]]],[[[34.9931,45.6493],[34.9924,45.6488],[34.9898,45.6502],[34.9911,45.6503],[34.9931,45.6493]]],[[[34.9894,45.6539],[34.9888,45.6558],[34.9904,45.6552],[34.9908,45.6542],[34.9894,45.6539]]],[[[34.9866,45.6568],[34.9842,45.6652],[34.9849,45.6653],[34.9884,45.6574],[34.9866,45.6568]]],[[[34.9744,45.6595],[34.9728,45.6585],[34.9699,45.6646],[34.9725,45.6635],[34.9744,45.6595]]],[[[34.983,45.6754],[34.9827,45.6724],[34.9851,45.6579],[34.9894,45.6516],[34.9843,45.655],[34.9772,45.6763],[34.983,45.6754]]],[[[34.9672,45.6636],[34.9669,45.6641],[34.9672,45.6648],[34.9687,45.6642],[34.9672,45.6636]]],[[[34.9658,45.6638],[34.9623,45.6671],[34.968,45.6697],[34.9639,45.6673],[34.9658,45.6638]]],[[[34.9694,45.6712],[34.9702,45.6736],[34.9725,45.6695],[34.9704,45.6678],[34.9694,45.6712]]],[[[34.9685,45.6713],[34.969,45.6708],[34.9631,45.6707],[34.9658,45.6711],[34.9685,45.6713]]],[[[34.8693,45.6732],[34.868,45.6731],[34.8685,45.6747],[34.8694,45.6745],[34.8693,45.6732]]],[[[34.9646,45.6734],[34.9655,45.6752],[34.9664,45.6751],[34.9666,45.673],[34.9646,45.6734]]],[[[34.8694,45.6753],[34.869,45.6767],[34.8703,45.6767],[34.8707,45.6754],[34.8694,45.6753]]],[[[34.8715,45.6779],[34.8709,45.6787],[34.8722,45.6792],[34.8722,45.6785],[34.8715,45.6779]]],[[[34.9681,45.6771],[34.9674,45.6837],[34.9694,45.6819],[34.9701,45.6772],[34.9681,45.6771]]],[[[34.9115,45.6804],[34.9101,45.6806],[34.9113,45.6812],[34.9122,45.6805],[34.9115,45.6804]]],[[[34.9753,45.6848],[34.9821,45.6814],[34.9824,45.6776],[34.97,45.686],[34.9753,45.6848]]],[[[34.9068,45.6816],[34.9066,45.683],[34.9082,45.6822],[34.9084,45.6814],[34.9068,45.6816]]],[[[34.903,45.6821],[34.9026,45.6832],[34.9049,45.6833],[34.9051,45.6827],[34.903,45.6821]]],[[[34.9004,45.6826],[34.8995,45.6825],[34.8995,45.6836],[34.9008,45.6834],[34.9004,45.6826]]],[[[34.9683,45.6846],[34.9664,45.6869],[34.9686,45.6862],[34.9688,45.6849],[34.9683,45.6846]]],[[[34.8975,45.6849],[34.8965,45.6869],[34.8983,45.6869],[34.8989,45.6849],[34.8975,45.6849]]],[[[34.8956,45.689],[34.8945,45.6887],[34.8943,45.6893],[34.8959,45.6896],[34.8956,45.689]]],[[[35.3747,45.2602],[35.3652,45.2714],[35.3778,45.2635],[35.3764,45.2604],[35.3747,45.2602]]],[[[36.5833,45.2447],[36.5558,45.2556],[36.5258,45.2878],[36.5741,45.2489],[36.5833,45.2447]]],[[[35.4615,45.2733],[35.4554,45.2738],[35.4639,45.2791],[35.4647,45.2766],[35.4615,45.2733]]],[[[35.4431,45.3001],[35.4376,45.302],[35.4393,45.3026],[35.4449,45.3003],[35.4431,45.3001]]],[[[35.4389,45.3032],[35.4368,45.3033],[35.4385,45.3045],[35.4394,45.3038],[35.4389,45.3032]]],[[[35.4359,45.3039],[35.4342,45.3036],[35.4325,45.3046],[35.436,45.3054],[35.4359,45.3039]]],[[[35.4312,45.3052],[35.4304,45.3062],[35.4325,45.3058],[35.4325,45.3055],[35.4312,45.3052]]],[[[35.4292,45.308],[35.4287,45.3086],[35.4301,45.3089],[35.4305,45.3083],[35.4292,45.308]]],[[[35.4184,45.3101],[35.4184,45.3095],[35.4166,45.3095],[35.4167,45.3104],[35.4184,45.3101]]],[[[35.4249,45.3103],[35.4241,45.3106],[35.4249,45.3112],[35.4258,45.3105],[35.4249,45.3103]]],[[[35.3629,45.3385],[35.3577,45.3478],[35.3596,45.3505],[35.3647,45.3382],[35.3629,45.3385]]],[[[35.0683,45.3666],[35.068,45.3725],[35.0745,45.3671],[35.073,45.3668],[35.0683,45.3666]]],[[[35.1056,45.4939],[35.1025,45.4948],[35.1049,45.4954],[35.106,45.4947],[35.1056,45.4939]]],[[[35.0966,45.5108],[35.0964,45.513],[35.098,45.5123],[35.0986,45.5106],[35.0966,45.5108]]],[[[35.0972,45.5216],[35.0932,45.5237],[35.0938,45.5271],[35.0951,45.5265],[35.0972,45.5216]]],[[[35.0965,45.5277],[35.0916,45.5267],[35.0926,45.5297],[35.0959,45.529],[35.0965,45.5277]]],[[[35.0881,45.5356],[35.0844,45.5393],[35.0867,45.5388],[35.0901,45.5348],[35.0881,45.5356]]],[[[35.0792,45.5365],[35.0778,45.5364],[35.0766,45.5402],[35.0795,45.5375],[35.0792,45.5365]]],[[[35.083,45.5377],[35.0796,45.542],[35.0814,45.5415],[35.084,45.5385],[35.083,45.5377]]],[[[35.0825,45.5423],[35.0833,45.5448],[35.0837,45.5441],[35.0843,45.5424],[35.0825,45.5423]]],[[[35.0815,45.55],[35.0802,45.5505],[35.0814,45.553],[35.082,45.5509],[35.0815,45.55]]],[[[35.0772,45.5612],[35.0754,45.5608],[35.0728,45.5643],[35.0748,45.5618],[35.0772,45.5612]]],[[[35.062,45.5665],[35.0621,45.5705],[35.0634,45.5701],[35.0647,45.567],[35.062,45.5665]]],[[[35.0615,45.5724],[35.0597,45.5669],[35.0554,45.5711],[35.06,45.5729],[35.0615,45.5724]]],[[[35.0667,45.5677],[35.0635,45.5723],[35.0653,45.5723],[35.0676,45.5682],[35.0667,45.5677]]],[[[35.0619,45.576],[35.0595,45.5799],[35.0626,45.5766],[35.0614,45.5746],[35.0619,45.576]]],[[[35.0516,45.5843],[35.0489,45.5815],[35.0471,45.5833],[35.0481,45.5841],[35.0516,45.5843]]],[[[35.0576,45.5825],[35.0582,45.585],[35.061,45.5824],[35.0609,45.5816],[35.0576,45.5825]]],[[[35.0554,45.5838],[35.0515,45.5856],[35.054,45.5871],[35.0566,45.5841],[35.0554,45.5838]]],[[[35.0478,45.5893],[35.0495,45.5875],[35.0463,45.5857],[35.0449,45.5888],[35.0478,45.5893]]],[[[35.095,45.5882],[35.0931,45.5906],[35.0971,45.5906],[35.0988,45.5882],[35.095,45.5882]]],[[[35.0953,45.5859],[35.0878,45.5948],[35.0869,45.6005],[35.0953,45.5859]]],[[[35.0499,45.5914],[35.0477,45.5918],[35.0482,45.5952],[35.0496,45.5946],[35.0499,45.5914]]],[[[35.0882,45.6035],[35.0859,45.6038],[35.0864,45.6046],[35.0882,45.6041],[35.0882,45.6035]]],[[[35.0841,45.6029],[35.0837,45.6106],[35.0848,45.6085],[35.0852,45.6019],[35.0841,45.6029]]]]},"properties":{"key":"автономна республіка крим","name":"Автономна Республіка Крим","source_group":"oblast"}},{"id":"луганська","type":"Feature","geometry":{"type":"MultiPolygon","coordinates":[[[[39.91,48.1797],[39.9031,48.1403],[39.8709,48.1168],[39.8693,48.0791],[39.8342,48.0671],[39.8837,48.0412],[39.7765,48.0395],[39.8157,48.0011],[39.8249,47.9554],[39.8068,47.9506],[39.7941,47.9192],[39.7955,47.8707],[39.7636,47.8712],[39.7636,47.8467],[39.7382,47.8279],[39.6254,47.8391],[39.5212,47.8258],[39.4777,47.8604],[39.4409,47.8549],[39.439,47.8393],[39.4123,47.8297],[39.3874,47.871],[39.3586,47.8726],[39.1099,47.8424],[39.0736,47.8694],[39.0654,47.8949],[39.092,47.9409],[39.0391,47.956],[39.0401,48.0069],[38.8369,48.014],[38.8131,48.0471],[38.8291,48.0776],[38.8174,48.0661],[38.7986,48.0742],[38.8194,48.0836],[38.8072,48.0887],[38.8199,48.1157],[38.6908,48.1459],[38.6953,48.1594],[38.6056,48.1715],[38.6117,48.2046],[38.5885,48.2284],[38.5864,48.2585],[38.5594,48.2744],[38.4273,48.2789],[38.4341,48.3402],[38.4941,48.3629],[38.4477,48.3788],[38.4335,48.4475],[38.3806,48.4291],[38.3754,48.4432],[38.3433,48.4383],[38.2896,48.4761],[38.3051,48.4751],[38.299,48.4953],[38.3185,48.5092],[38.2761,48.542],[38.2641,48.637],[38.2326,48.6404],[38.2391,48.6562],[38.2897,48.6651],[38.2881,48.6831],[38.314,48.6843],[38.3035,48.7126],[38.3258,48.7148],[38.3188,48.7356],[38.2628,48.7505],[38.2836,48.7736],[38.2786,48.8035],[38.3163,48.8054],[38.3121,48.8277],[38.222,48.8397],[38.2252,48.935],[38.1331,48.926],[38.004,48.9459],[38.0307,48.9741],[38.0534,48.9648],[38.0531,48.985],[38.098,48.9919],[38.0555,49.0586],[38.0821,49.1479],[38.0444,49.1509],[38.0394,49.1266],[37.9216,49.1457],[37.8927,49.1603],[37.8931,49.1752],[37.9355,49.1917],[37.8898,49.212],[37.8675,49.2464],[37.9111,49.2597],[37.8992,49.2696],[37.9121,49.2769],[37.958,49.2846],[37.9469,49.3033],[37.8834,49.3129],[37.8969,49.4031],[37.878,49.4178],[37.8767,49.4467],[37.8446,49.4459],[37.8426,49.508],[37.9274,49.5423],[37.8849,49.5491],[37.9014,49.5744],[37.9526,49.5692],[37.9349,49.5947],[37.9961,49.6279],[37.9866,49.6438],[38.0468,49.6576],[37.999,49.7008],[38.0167,49.7153],[37.9736,49.7082],[37.9506,49.7305],[37.9759,49.7677],[37.9983,49.7534],[38.0536,49.7837],[38.0092,49.8128],[38.0189,49.8373],[38.0936,49.8465],[38.0331,49.9001],[38.0457,49.9155],[38.1245,49.9427],[38.1266,49.9218],[38.2224,49.9788],[38.1859,50.0227],[38.1777,50.0796],[38.2559,50.0726],[38.3293,50.0858],[38.3506,50.0064],[38.4163,49.9816],[38.4341,50.0014],[38.4693,49.9954],[38.4651,49.983],[38.4887,49.9633],[38.5273,49.9586],[38.5826,49.9774],[38.6474,49.9559],[38.6801,49.9745],[38.6865,50.0079],[38.718,49.9835],[38.6858,49.9615],[38.694,49.9349],[38.7913,49.8786],[38.9016,49.8693],[38.9182,49.8592],[38.9068,49.8271],[38.9309,49.7969],[39.0268,49.8222],[39.0677,49.8155],[39.1792,49.8884],[39.2267,49.8398],[39.2278,49.8074],[39.2509,49.7766],[39.2853,49.7554],[39.3787,49.7385],[39.4436,49.76],[39.6105,49.7337],[39.5913,49.7183],[39.6579,49.6167],[39.7503,49.5974],[39.806,49.558],[39.8913,49.5583],[39.9346,49.5735],[39.9521,49.5971],[40.0648,49.5988],[40.1357,49.6165],[40.1696,49.5688],[40.039,49.5205],[40.0295,49.4536],[40.1142,49.3857],[40.2003,49.346],[40.186,49.2813],[40.2272,49.2605],[40.222,49.2509],[40.1367,49.2395],[40.0774,49.1869],[40.031,49.1794],[39.938,49.0823],[39.9381,49.0563],[39.8053,49.06],[39.7673,49.0402],[39.6925,49.0504],[39.672,49.0404],[39.6851,49.035],[39.6632,49.001],[39.6772,48.9893],[39.7008,49.0002],[39.727,48.9755],[39.7531,48.9862],[39.7781,48.9518],[39.7755,48.9225],[39.8231,48.9043],[39.8272,48.8862],[39.8384,48.9031],[39.8524,48.8905],[39.9244,48.896],[39.9933,48.868],[40.0041,48.9013],[40.0359,48.9158],[40.061,48.9088],[40.0807,48.8702],[39.976,48.7929],[39.8004,48.8423],[39.7684,48.7663],[39.7438,48.7703],[39.7254,48.7509],[39.7385,48.7438],[39.7043,48.7207],[39.723,48.6838],[39.7024,48.6688],[39.7164,48.6551],[39.6605,48.6094],[39.6893,48.5863],[39.7916,48.5926],[39.854,48.5629],[39.8668,48.5078],[39.847,48.5008],[39.8463,48.4738],[39.8984,48.4475],[39.8897,48.4411],[39.9186,48.3978],[39.907,48.3898],[39.924,48.375],[39.9414,48.3869],[39.9324,48.363],[39.9468,48.3541],[39.8457,48.3329],[39.8411,48.3096],[39.8873,48.3091],[39.9163,48.27],[39.9893,48.3168],[40.0206,48.2535],[40.0096,48.2248],[39.9421,48.2287],[39.9368,48.1807],[39.91,48.1797]]]]},"properties":{"key":"луганська","name":"Луганська область","source_group":"oblast"}},{"id":"м. київ","type":"Feature","geometry":{"type":"MultiPolygon","coordinates":[[[[30.7198,50.5867],[30.714,50.5557],[30.67,50.5538],[30.6541,50.5342],[30.5718,50.5378],[30.5727,50.5485],[30.5363,50.5501],[30.5186,50.5758],[30.4841,50.5678],[30.4629,50.5845],[30.3708,50.5865],[30.3705,50.5735],[30.3072,50.5705],[30.3415,50.5572],[30.2981,50.5545],[30.3025,50.5334],[30.2596,50.51],[30.2702,50.4984],[30.2518,50.485],[30.2362,50.4268],[30.2692,50.4263],[30.2814,50.4473],[30.3512,50.4491],[30.3664,50.4232],[30.4421,50.3817],[30.4375,50.357],[30.4684,50.3601],[30.4752,50.3334],[30.5336,50.3171],[30.5276,50.2907],[30.5464,50.291],[30.5531,50.2589],[30.5785,50.2559],[30.5894,50.2153],[30.6425,50.2254],[30.6463,50.2395],[30.6104,50.2807],[30.6561,50.2658],[30.6718,50.2785],[30.6052,50.3434],[30.656,50.3411],[30.6492,50.3599],[30.6792,50.3714],[30.6689,50.359],[30.6967,50.3474],[30.7137,50.3556],[30.7143,50.3811],[30.7622,50.3751],[30.776,50.3949],[30.8264,50.4041],[30.7426,50.4585],[30.7597,50.4836],[30.7376,50.499],[30.762,50.509],[30.7524,50.5187],[30.8234,50.5372],[30.817,50.5648],[30.7198,50.5867]]]]},"properties":{"key":"м. київ","name":"м. Київ","source_group":"oblast"}},{"id":"севастополь","type":"Feature","geometry":{"type":"MultiPolygon","coordinates":[[[[33.5773,44.8177],[33.6766,44.7861],[33.6817,44.7702],[33.6106,44.7508],[33.6155,44.7118],[33.6885,44.7019],[33.686,44.7137],[33.7269,44.7158],[33.7764,44.6902],[33.7224,44.6426],[33.7164,44.618],[33.7356,44.601],[33.7811,44.612],[33.7873,44.5849],[33.8269,44.5732],[33.8389,44.5203],[33.8643,44.5153],[33.874,44.4904],[33.863,44.4771],[33.8959,44.4822],[33.883,44.4701],[33.8989,44.4238],[33.7366,44.3877],[33.7076,44.4209],[33.6483,44.428],[33.6359,44.4691],[33.5982,44.5033],[33.5578,44.4885],[33.4861,44.4977],[33.378,44.5826],[33.4011,44.5908],[33.4112,44.5629],[33.4149,44.5929],[33.4336,44.5705],[33.4222,44.5962],[33.447,44.5943],[33.4505,44.6087],[33.4664,44.6114],[33.4642,44.6007],[33.4706,44.5924],[33.4728,44.6107],[33.4989,44.6045],[33.5029,44.6167],[33.5261,44.6182],[33.5276,44.5976],[33.5325,44.6166],[33.6005,44.6101],[33.5103,44.6314],[33.544,44.6634],[33.534,44.7911],[33.5525,44.8385],[33.5773,44.8177]]]]},"properties":{"key":"севастополь","name":"Севастополь","source_group":"oblast"}},{"id":"бахмутський","type":"Feature","geometry":{"type":"MultiPolygon","coordinates":[[[[37.9587,48.4535],[37.9536,48.4584],[37.9409,48.4506],[37.9587,48.4456],[37.9587,48.4535]]],[[[37.8131,48.3667],[37.7934,48.3772],[37.7912,48.3763],[37.8027,48.3652],[37.8131,48.3667]]],[[[37.9126,48.3702],[37.9311,48.4044],[37.9352,48.4187],[37.9235,48.413],[37.8971,48.4157],[37.8955,48.4092],[37.8789,48.4174],[37.8742,48.4049],[37.8552,48.4156],[37.8449,48.4101],[37.8169,48.4166],[37.8029,48.4055],[37.8066,48.3931],[37.8233,48.387],[37.8218,48.3677],[37.8514,48.3699],[37.8675,48.3593],[37.8832,48.3535],[37.8935,48.3563],[37.9033,48.3516],[37.9184,48.3552],[37.9274,48.3527],[37.9311,48.3583],[37.9284,48.3643],[37.9126,48.3702]]],[[[37.8066,48.3931],[37.7987,48.3939],[37.7824,48.4037],[37.7864,48.4144],[37.7771,48.4318],[37.7812,48.4126],[37.7698,48.4042],[37.7687,48.3922],[37.784,48.3801],[37.7959,48.3778],[37.8136,48.3684],[37.8158,48.3634],[37.8254,48.3478],[37.8489,48.3478],[37.8179,48.3683],[37.8027,48.38],[37.8098,48.3861],[37.8066,48.3931]]],[[[38.01,48.4682],[38.0192,48.467],[38.0224,48.4753],[38.0352,48.4748],[38.0321,48.4453],[38.0239,48.4361],[38.0419,48.4152],[38.0564,48.4136],[38.0573,48.4199],[38.0957,48.4134],[38.109,48.4013],[38.1036,48.3931],[38.118,48.3938],[38.1244,48.3991],[38.1524,48.4004],[38.1571,48.394],[38.172,48.4002],[38.1734,48.4063],[38.1917,48.4128],[38.2015,48.4039],[38.1987,48.3984],[38.208,48.3609],[38.2552,48.3658],[38.2608,48.3726],[38.2516,48.3958],[38.2723,48.3966],[38.2743,48.3892],[38.3162,48.3902],[38.3164,48.3968],[38.3277,48.3994],[38.346,48.3885],[38.3453,48.4017],[38.3338,48.4104],[38.3374,48.4115],[38.3522,48.4092],[38.352,48.4166],[38.373,48.413],[38.3973,48.4134],[38.3906,48.4314],[38.3806,48.4291],[38.3754,48.4432],[38.36,48.4431],[38.3433,48.4383],[38.3117,48.4554],[38.3197,48.4647],[38.2896,48.4761],[38.3051,48.4751],[38.298,48.4914],[38.3127,48.4983],[38.3185,48.5092],[38.2854,48.5369],[38.2787,48.546],[38.2641,48.637],[38.2344,48.6331],[38.231,48.6518],[38.2391,48.6562],[38.2694,48.6584],[38.2708,48.664],[38.2897,48.6651],[38.2849,48.6812],[38.314,48.6843],[38.3094,48.6892],[38.3151,48.705],[38.3035,48.7126],[38.3258,48.7148],[38.3188,48.7356],[38.2807,48.7376],[38.2628,48.7505],[38.2761,48.7726],[38.2836,48.7736],[38.2786,48.8035],[38.3163,48.8054],[38.3121,48.8277],[38.2713,48.8248],[38.2698,48.8338],[38.2587,48.8427],[38.222,48.8397],[38.2297,48.8591],[38.2252,48.935],[38.1965,48.929],[38.1694,48.9321],[38.1425,48.9328],[38.1388,48.9278],[38.1236,48.9277],[38.1152,48.9269],[38.082,48.9358],[38.0602,48.9334],[38.0454,48.934],[38.0243,48.9058],[38.006,48.8984],[38.0207,48.886],[38.0315,48.8923],[38.0426,48.8907],[38.0351,48.8821],[38.0388,48.87],[38.0009,48.8602],[38.0054,48.8451],[37.9972,48.8435],[37.9598,48.8478],[37.9396,48.8478],[37.9392,48.8434],[37.9162,48.8411],[37.91,48.8374],[37.9147,48.8183],[37.9299,48.8194],[37.9353,48.7961],[37.9161,48.7948],[37.9099,48.7884],[37.8846,48.7942],[37.8639,48.804],[37.8192,48.7612],[37.8242,48.7534],[37.8124,48.7385],[37.8143,48.7214],[37.8049,48.7077],[37.7982,48.694],[37.8185,48.6782],[37.8369,48.6762],[37.8349,48.6605],[37.8157,48.6492],[37.8151,48.6339],[37.8225,48.6309],[37.8255,48.6003],[37.8128,48.6014],[37.8006,48.5963],[37.8045,48.5815],[37.8125,48.579],[37.8119,48.5485],[37.836,48.5429],[37.8506,48.5549],[37.8534,48.5494],[37.8765,48.5436],[37.8808,48.5308],[37.898,48.5278],[37.92,48.504],[37.9094,48.4949],[37.9147,48.486],[37.9644,48.4905],[37.9591,48.475],[37.9498,48.47],[37.9547,48.4608],[37.9704,48.4612],[37.9681,48.4732],[38.0073,48.4756],[38.01,48.4682]]]]},"properties":{"key":"бахмутський","name":"Бахмутський район","source_group":"raion"}},{"id":"баштанський","type":"Feature","geometry":{"type":"MultiPolygon","coordinates":[[[[32.544,46.8824],[32.5461,46.8697],[32.5717,46.8726],[32.5723,46.8629],[32.5859,46.8546],[32.6105,46.8575],[32.6198,46.8541],[32.6901,46.8628],[32.7001,46.8225],[32.7448,46.8272],[32.7635,46.8276],[32.7676,46.821],[32.778,46.8244],[32.7742,46.8304],[32.8148,46.8345],[32.8144,46.8406],[32.9486,46.8587],[32.9459,46.8693],[32.9212,46.8672],[32.9159,46.8848],[32.8573,46.8761],[32.8349,46.8838],[32.8409,46.8995],[32.9258,46.9112],[32.922,46.9269],[32.9798,46.9346],[32.9768,46.9495],[32.9492,46.9462],[32.9415,46.9703],[32.9333,46.9858],[32.95,47.0032],[33.0236,46.9718],[33.0704,47.0209],[32.9307,47.0803],[32.915,47.0864],[32.9101,47.0912],[32.9094,47.0969],[32.9112,47.1153],[32.9072,47.1202],[32.9166,47.1295],[32.917,47.1429],[32.9339,47.1517],[32.9549,47.1742],[32.9609,47.1895],[33.0032,47.1899],[33.0062,47.1962],[33.0145,47.19],[33.0151,47.182],[33.0392,47.1782],[33.0418,47.1893],[33.0542,47.1908],[33.0655,47.1985],[33.0662,47.2177],[33.0739,47.2223],[33.0914,47.2232],[33.1042,47.22],[33.1136,47.2053],[33.1306,47.2031],[33.1441,47.2096],[33.1311,47.2169],[33.1279,47.2281],[33.1328,47.2329],[33.144,47.23],[33.1551,47.2351],[33.1638,47.2323],[33.1824,47.2385],[33.1375,47.2672],[33.1407,47.2724],[33.1216,47.2774],[33.1195,47.2818],[33.1054,47.2792],[33.1028,47.2914],[33.111,47.2939],[33.111,47.3028],[33.1031,47.3226],[33.132,47.3288],[33.1381,47.3334],[33.1326,47.3449],[33.1221,47.3908],[33.0404,47.3802],[33.0375,47.3981],[33.0283,47.425],[33.0366,47.4261],[33.0332,47.4416],[33.0532,47.444],[33.0463,47.4678],[33.0701,47.4742],[33.0711,47.4127],[33.1374,47.4203],[33.1234,47.4768],[33.1309,47.4803],[33.1243,47.5075],[33.149,47.5147],[33.142,47.5437],[33.0956,47.5276],[33.0892,47.5535],[33.0953,47.597],[32.9595,47.5915],[32.9705,47.6042],[32.99,47.6068],[32.989,47.6147],[33.0075,47.616],[33.0118,47.6255],[32.9928,47.623],[32.9943,47.6289],[32.9731,47.723],[33.0072,47.7271],[33.0069,47.7328],[33.0714,47.7393],[33.0669,47.7613],[33.0569,47.7607],[33.0498,47.7819],[33.0667,47.7838],[33.0643,47.8016],[33.0566,47.832],[33.0819,47.8349],[33.0705,47.8834],[33.0865,47.8859],[33.0774,47.9204],[33.0153,47.91],[33.005,47.9144],[32.9933,47.9338],[33.0062,47.937],[33.0021,47.9665],[32.9968,47.9686],[32.9937,47.9767],[32.9968,47.9858],[33.0061,47.988],[33.0018,47.9998],[32.999,48.0201],[32.9905,48.0489],[32.9507,48.0355],[32.9459,48.0426],[32.9143,48.0377],[32.9168,48.0319],[32.8824,48.0286],[32.8707,48.0323],[32.8726,48.0242],[32.8861,48.0206],[32.8938,47.9854],[32.8648,47.9824],[32.8631,47.9858],[32.8118,47.9789],[32.802,47.9741],[32.8006,47.9804],[32.788,47.992],[32.6903,47.9816],[32.6984,47.9474],[32.7419,47.9515],[32.7364,47.9447],[32.7453,47.9325],[32.6519,47.9211],[32.6556,47.9059],[32.676,47.907],[32.6844,47.8744],[32.6631,47.8718],[32.6685,47.8545],[32.6809,47.8526],[32.6576,47.8301],[32.6577,47.8194],[32.6248,47.8155],[32.6227,47.8133],[32.5182,47.8013],[32.4321,47.7894],[32.4258,47.7985],[32.4093,47.7953],[32.3977,47.7954],[32.3972,47.7969],[32.4042,47.7987],[32.3975,47.7999],[32.3782,47.7962],[32.3647,47.7887],[32.3537,47.7912],[32.3456,47.797],[32.3302,47.8045],[32.321,47.813],[32.2995,47.824],[32.2377,47.8146],[32.2394,47.7943],[32.2208,47.7919],[32.2296,47.7604],[32.208,47.7571],[32.2202,47.7114],[32.1763,47.7068],[32.1843,47.6667],[32.1924,47.6162],[32.2169,47.6179],[32.2233,47.5941],[32.1748,47.5906],[32.1706,47.6144],[32.1499,47.612],[32.1542,47.5902],[32.1168,47.5856],[32.1212,47.5766],[32.1234,47.561],[32.1583,47.5639],[32.1616,47.5435],[32.1486,47.5234],[32.1466,47.5153],[32.1202,47.5139],[32.1291,47.5095],[32.1294,47.5046],[32.1213,47.4971],[32.1159,47.4979],[32.1129,47.5014],[32.1107,47.4922],[32.0944,47.4884],[32.0775,47.49],[32.049,47.4886],[32.0585,47.4426],[32.0704,47.4436],[32.073,47.4293],[32.0833,47.4273],[32.1084,47.4161],[32.1183,47.4161],[32.133,47.3454],[32.1061,47.3423],[32.124,47.2774],[32.0873,47.272],[32.1037,47.2113],[32.0972,47.2093],[32.1121,47.1665],[32.1139,47.1684],[32.1776,47.1778],[32.1799,47.1764],[32.228,47.1831],[32.2413,47.1728],[32.2247,47.1609],[32.2275,47.1542],[32.2184,47.1478],[32.2385,47.1444],[32.3371,47.1577],[32.3196,47.136],[32.3769,47.1417],[32.379,47.1336],[32.5514,47.1551],[32.5634,47.1106],[32.57,47.1115],[32.5797,47.0877],[32.6007,47.0899],[32.6164,47.0295],[32.6045,47.0284],[32.6086,47.01],[32.5435,47.0017],[32.5388,47.0197],[32.5281,47.0183],[32.5441,46.9598],[32.5171,46.9569],[32.5265,46.9287],[32.5675,46.9346],[32.5671,46.9237],[32.5754,46.9144],[32.575,46.9048],[32.5668,46.8899],[32.5513,46.8879],[32.544,46.8824]]]]},"properties":{"key":"баштанський","name":"Баштанський район","source_group":"raion"}},{"id":"бердичівський","type":"Feature","geometry":{"type":"MultiPolygon","coordinates":[[[[29.2746,49.5897],[29.275,49.6273],[29.325,49.6282],[29.3396,49.6153],[29.3529,49.6278],[29.3799,49.6193],[29.396,49.648],[29.4083,49.6595],[29.425,49.6521],[29.4311,49.6625],[29.4822,49.6493],[29.4851,49.6538],[29.5053,49.6493],[29.5135,49.6634],[29.4878,49.67],[29.4918,49.7084],[29.4972,49.7132],[29.445,49.7147],[29.4351,49.7291],[29.4447,49.732],[29.4621,49.7618],[29.4505,49.788],[29.445,49.7888],[29.432,49.8147],[29.4239,49.8172],[29.4097,49.8099],[29.3856,49.8241],[29.3967,49.8307],[29.3789,49.8491],[29.3665,49.8534],[29.3655,49.8597],[29.3307,49.86],[29.3293,49.8463],[29.3231,49.8343],[29.3078,49.8361],[29.2966,49.8598],[29.2516,49.862],[29.2509,49.882],[29.2353,49.8822],[29.2339,49.8866],[29.2481,49.894],[29.2304,49.933],[29.2211,49.9358],[29.2111,49.9439],[29.2125,49.9515],[29.2241,49.9619],[29.2161,49.9688],[29.2786,49.9644],[29.2838,49.9863],[29.2717,49.996],[29.2794,49.9954],[29.2672,50.0117],[29.2996,50.0247],[29.2778,50.0499],[29.2528,50.0539],[29.2565,50.0638],[29.2674,50.0672],[29.2752,50.0769],[29.2694,50.0879],[29.271,50.0975],[29.2561,50.1032],[29.2221,50.1098],[29.2344,50.1244],[29.2233,50.1255],[29.2166,50.1381],[29.1923,50.1351],[29.1977,50.1467],[29.1366,50.1415],[29.1241,50.1584],[29.0986,50.1597],[29.0858,50.1632],[29.0951,50.1663],[29.0951,50.1744],[29.0809,50.1798],[29.0728,50.175],[29.0719,50.1616],[29.0617,50.1556],[29.0287,50.1621],[29.0236,50.1727],[29.0061,50.1713],[29.0054,50.165],[28.987,50.1577],[28.9646,50.1594],[28.9602,50.1485],[28.9396,50.153],[28.8965,50.1368],[28.8764,50.1131],[28.8704,50.0913],[28.86,50.0856],[28.8362,50.0827],[28.8177,50.0894],[28.8075,50.0775],[28.7777,50.0701],[28.7682,50.0383],[28.7403,50.0438],[28.7146,50.0617],[28.7088,50.057],[28.6781,50.0622],[28.6588,50.0454],[28.6384,50.0381],[28.6169,50.0471],[28.5981,50.0437],[28.5896,50.0361],[28.5216,50.0487],[28.4988,50.0496],[28.4908,50.0469],[28.4637,50.0493],[28.4604,50.031],[28.4296,50.0301],[28.409,50.011],[28.41,50.0044],[28.3836,49.9853],[28.3884,49.9816],[28.39,49.9641],[28.3795,49.9368],[28.3467,49.9124],[28.3424,49.9058],[28.3187,49.9075],[28.3066,49.9158],[28.2923,49.9096],[28.2722,49.9185],[28.2427,49.9013],[28.2267,49.9022],[28.2218,49.8871],[28.2051,49.8869],[28.187,49.8913],[28.145,49.8624],[28.1408,49.8494],[28.1262,49.8473],[28.1266,49.8532],[28.1014,49.8567],[28.089,49.8482],[28.0829,49.8525],[28.0916,49.8713],[28.0767,49.8822],[28.0869,49.8881],[28.0713,49.8936],[28.0673,49.9044],[28.0174,49.9053],[28.0013,49.9152],[27.9892,49.9128],[27.9637,49.9238],[27.9669,49.9029],[27.9504,49.9006],[27.9447,49.8935],[27.9308,49.8932],[27.9284,49.881],[27.9089,49.8762],[27.8976,49.8696],[27.8832,49.8423],[27.8747,49.8342],[27.8825,49.8291],[27.8876,49.8144],[27.8797,49.8009],[27.8872,49.795],[27.8856,49.7847],[27.9249,49.7751],[27.9184,49.7678],[27.9272,49.7676],[27.9419,49.7713],[27.9564,49.7788],[27.9797,49.7807],[28.0068,49.7769],[28.0207,49.7713],[28.096,49.772],[28.1543,49.7872],[28.2128,49.7916],[28.2258,49.7864],[28.2289,49.7942],[28.2447,49.7979],[28.2441,49.8138],[28.2615,49.8101],[28.2637,49.7999],[28.2846,49.7981],[28.2964,49.8014],[28.3531,49.7914],[28.3805,49.7807],[28.4066,49.7924],[28.4155,49.8126],[28.4197,49.8233],[28.4218,49.8244],[28.4338,49.821],[28.454,49.8214],[28.469,49.8236],[28.4723,49.8135],[28.4824,49.8082],[28.5278,49.8205],[28.5535,49.7909],[28.5615,49.7876],[28.57,49.7742],[28.6009,49.7826],[28.602,49.8111],[28.6202,49.8143],[28.6375,49.8112],[28.6333,49.8182],[28.6891,49.8005],[28.6879,49.8052],[28.7067,49.8099],[28.7218,49.809],[28.7287,49.7975],[28.7341,49.7991],[28.7504,49.8233],[28.7506,49.8451],[28.7848,49.8431],[28.784,49.8519],[28.8136,49.8531],[28.8132,49.8581],[28.8437,49.8601],[28.8577,49.8888],[28.8799,49.8893],[28.8972,49.8819],[28.8943,49.8734],[28.9088,49.8677],[28.9016,49.8618],[28.9363,49.8531],[28.954,49.8403],[28.9449,49.8205],[28.9609,49.8214],[28.9619,49.8094],[28.9714,49.8038],[28.9419,49.7825],[28.9656,49.777],[28.9637,49.7553],[29.001,49.7409],[29.0058,49.7275],[28.9982,49.7272],[28.9954,49.7166],[28.9754,49.6993],[28.9658,49.7001],[28.9567,49.6842],[28.9483,49.6836],[28.95,49.6742],[28.9649,49.6717],[28.9911,49.6455],[29.0104,49.633],[29.0015,49.6261],[28.985,49.6033],[28.9922,49.5965],[29.0278,49.5906],[29.0472,49.5941],[29.0606,49.5929],[29.105,49.5939],[29.1172,49.5841],[29.1514,49.5937],[29.1866,49.5876],[29.2023,49.5934],[29.2195,49.5898],[29.2417,49.6045],[29.2534,49.5891],[29.2746,49.5897]]]]},"properties":{"key":"бердичівський","name":"Бердичівський район","source_group":"raion"}},{"id":"бердянський","type":"Feature","geometry":{"type":"MultiPolygon","coordinates":[[[[36.8042,46.6815],[36.8038,46.7013],[36.8,46.6776],[36.8042,46.6815]]],[[[35.9186,46.658],[35.9345,46.6617],[35.971,46.6609],[36.0394,46.6701],[36.0512,46.6691],[36.092,46.6594],[36.1143,46.658],[36.1574,46.671],[36.1797,46.6741],[36.2033,46.6709],[36.2311,46.656],[36.2588,46.627],[36.2633,46.6025],[36.266,46.6277],[36.2605,46.6367],[36.269,46.6346],[36.2721,46.6148],[36.2792,46.6295],[36.2741,46.6389],[36.2898,46.6396],[36.2735,46.6512],[36.2894,46.6471],[36.2959,46.6409],[36.2799,46.6211],[36.2621,46.5923],[36.2239,46.5492],[36.1855,46.5279],[36.175,46.5244],[36.1634,46.5097],[36.1641,46.5217],[36.1537,46.5352],[36.1525,46.5163],[36.1366,46.4997],[36.1184,46.4945],[36.1094,46.499],[36.1122,46.4891],[36.1214,46.4899],[36.1565,46.5053],[36.1722,46.5035],[36.2194,46.5417],[36.2485,46.5706],[36.3058,46.6499],[36.3201,46.6661],[36.3169,46.6673],[36.3025,46.6506],[36.2966,46.6581],[36.3051,46.6689],[36.3196,46.6723],[36.3266,46.683],[36.3372,46.6901],[36.3353,46.6804],[36.3579,46.6979],[36.413,46.7251],[36.4536,46.7384],[36.5245,46.7557],[36.5692,46.7617],[36.6284,46.7804],[36.6534,46.7814],[36.6764,46.7788],[36.7178,46.7804],[36.7349,46.7767],[36.7847,46.7543],[36.8147,46.7326],[36.8303,46.7044],[36.8107,46.6759],[36.7944,46.6736],[36.8005,46.6655],[36.7903,46.6586],[36.7836,46.6605],[36.7784,46.647],[36.7691,46.642],[36.7604,46.6571],[36.7584,46.6408],[36.7494,46.6327],[36.7703,46.6335],[36.7853,46.6427],[36.7975,46.6544],[36.8339,46.6993],[36.8528,46.7416],[36.8652,46.7632],[36.8904,46.7992],[36.9125,46.8198],[36.9725,46.856],[36.9915,46.8654],[37.0338,46.8696],[37.0624,46.8826],[37.0541,46.8943],[37.0289,46.9222],[37.021,46.9278],[37.0916,46.9676],[37.1026,46.9603],[37.14,46.9822],[37.0895,47.0075],[37.1249,47.039],[37.0985,47.0589],[37.0811,47.0472],[36.9986,47.0761],[36.9843,47.0797],[37.007,47.0848],[37.0113,47.0982],[37.0037,47.1019],[37.0106,47.1137],[37.0009,47.1151],[36.9989,47.1292],[36.9824,47.1252],[36.9698,47.1359],[36.9725,47.141],[36.9577,47.1497],[36.9481,47.1597],[36.9389,47.1583],[36.9365,47.1657],[36.9243,47.1621],[36.9208,47.1726],[36.9146,47.1662],[36.9063,47.1676],[36.8998,47.1746],[36.8887,47.1721],[36.8756,47.1827],[36.8587,47.1906],[36.8597,47.1924],[36.8569,47.1956],[36.8291,47.196],[36.8254,47.1942],[36.7826,47.1938],[36.7904,47.202],[36.679,47.1983],[36.6857,47.1903],[36.6627,47.1889],[36.6683,47.1445],[36.491,47.116],[36.4819,47.1781],[36.4018,47.1752],[36.4477,47.2212],[36.4336,47.2633],[36.3702,47.2959],[36.3635,47.2957],[36.3445,47.2583],[36.3136,47.2662],[36.3148,47.2751],[36.2717,47.2838],[36.2714,47.2768],[36.2609,47.2843],[36.2216,47.2778],[36.1883,47.2826],[36.1811,47.2936],[36.1921,47.2984],[36.1698,47.3277],[36.1624,47.3258],[36.1045,47.3412],[36.018,47.3376],[36.0025,47.3417],[35.9746,47.3175],[35.9789,47.312],[35.9684,47.3015],[35.9728,47.2852],[35.9942,47.2526],[35.9959,47.2468],[35.9854,47.2238],[35.983,47.1974],[35.8331,47.1947],[35.8368,47.1645],[35.8527,47.1542],[35.8544,47.1422],[35.8663,47.1433],[35.8677,47.1327],[35.8574,47.1302],[35.8608,47.0843],[35.917,47.0878],[35.9195,47.0675],[35.9499,47.069],[35.9504,47.0604],[35.9627,47.061],[35.9649,47.043],[35.9872,47.0414],[35.9944,47.036],[35.9838,47.0225],[35.9819,46.9759],[36.0679,46.9854],[36.0648,46.9579],[36.0577,46.9185],[36.042,46.9055],[35.9877,46.9047],[35.9835,46.869],[36.0587,46.8863],[36.0614,46.8935],[36.1019,46.8783],[36.1108,46.8846],[36.1437,46.8726],[36.0844,46.8504],[36.0914,46.838],[36.0919,46.8214],[36.0257,46.8089],[36.0223,46.7809],[36.0297,46.7802],[36.0293,46.7552],[35.9613,46.7462],[35.967,46.725],[35.9014,46.7218],[35.9186,46.658]]]]},"properties":{"key":"бердянський","name":"Бердянський район","source_group":"raion"}},{"id":"берегівський","type":"Feature","geometry":{"type":"MultiPolygon","coordinates":[[[[22.3167,48.3543],[22.3203,48.3389],[22.3121,48.3256],[22.3172,48.3162],[22.3383,48.3059],[22.3375,48.2792],[22.3617,48.2627],[22.3694,48.2437],[22.3826,48.2354],[22.399,48.2489],[22.4155,48.2509],[22.4322,48.2468],[22.4404,48.2496],[22.4494,48.2429],[22.4611,48.2421],[22.4887,48.2533],[22.5015,48.2487],[22.4961,48.2399],[22.5157,48.2373],[22.5147,48.2264],[22.5316,48.2093],[22.5453,48.2086],[22.5564,48.2003],[22.5717,48.1966],[22.5701,48.1866],[22.5608,48.1841],[22.5748,48.1642],[22.5975,48.1438],[22.5878,48.1418],[22.5966,48.1333],[22.5903,48.1237],[22.5987,48.1178],[22.5907,48.1084],[22.6039,48.1039],[22.618,48.1057],[22.6361,48.0959],[22.6574,48.0955],[22.6727,48.0917],[22.7074,48.1107],[22.7374,48.1202],[22.7578,48.1191],[22.7653,48.1092],[22.7744,48.1099],[22.7706,48.1208],[22.7893,48.1169],[22.8042,48.1217],[22.8067,48.1058],[22.8171,48.1181],[22.8303,48.1141],[22.8288,48.0974],[22.8429,48.0825],[22.8643,48.0704],[22.8612,48.0571],[22.8687,48.0518],[22.8815,48.054],[22.8804,48.0373],[22.8656,48.0196],[22.8662,48.0105],[22.839,47.9902],[22.8453,47.9833],[22.873,47.9749],[22.871,47.9682],[22.8929,47.9675],[22.8935,47.9548],[22.9167,47.9607],[22.9295,47.9587],[22.9492,47.9686],[22.9425,47.9731],[22.9387,47.9911],[22.9245,48.0006],[22.9207,48.0127],[22.9283,48.0186],[22.954,48.0121],[22.9777,48.0099],[22.9942,48.0029],[22.9982,47.9955],[23.0112,47.995],[23.013,47.9889],[23.0292,47.9998],[23.0672,48.0083],[23.0842,48.005],[23.0981,48.016],[23.0898,48.0201],[23.1054,48.0313],[23.1078,48.0377],[23.0982,48.0423],[23.1116,48.0538],[23.1047,48.0647],[23.1208,48.075],[23.1228,48.0815],[23.114,48.0864],[23.131,48.0962],[23.1464,48.0999],[23.1494,48.1116],[23.1637,48.1138],[23.1669,48.1197],[23.1791,48.1189],[23.1872,48.1094],[23.1851,48.104],[23.1949,48.0979],[23.2359,48.0919],[23.2453,48.0923],[23.2525,48.1],[23.2611,48.1007],[23.2679,48.0989],[23.263,48.1058],[23.2751,48.1257],[23.2682,48.1372],[23.2651,48.1522],[23.2582,48.1563],[23.243,48.1557],[23.2327,48.1609],[23.199,48.1637],[23.1926,48.1724],[23.176,48.1776],[23.1559,48.1937],[23.1529,48.2086],[23.138,48.2202],[23.1269,48.2244],[23.1025,48.2423],[23.0935,48.221],[23.0614,48.222],[23.068,48.2336],[23.0606,48.2409],[23.0589,48.255],[23.0396,48.2631],[23.0325,48.2711],[23.0167,48.2689],[22.9985,48.2608],[22.9847,48.2619],[22.9482,48.2452],[22.9289,48.2412],[22.9156,48.2434],[22.902,48.2401],[22.9014,48.2507],[22.8927,48.2552],[22.8688,48.2602],[22.8779,48.2655],[22.8627,48.2722],[22.8532,48.2806],[22.8405,48.2818],[22.8389,48.2896],[22.8624,48.3019],[22.8564,48.3048],[22.8561,48.3334],[22.8413,48.338],[22.835,48.346],[22.8283,48.3389],[22.8381,48.3355],[22.825,48.3296],[22.8228,48.3214],[22.8033,48.3106],[22.7926,48.31],[22.7874,48.3001],[22.7914,48.2922],[22.7669,48.2941],[22.7556,48.2885],[22.7085,48.2928],[22.6687,48.307],[22.6413,48.3399],[22.6347,48.3453],[22.6261,48.3495],[22.6151,48.342],[22.6262,48.3314],[22.616,48.326],[22.5993,48.3333],[22.5849,48.3301],[22.5696,48.3384],[22.5628,48.3297],[22.5458,48.3258],[22.5565,48.3201],[22.57,48.3247],[22.5689,48.3158],[22.5655,48.3058],[22.5567,48.3032],[22.5473,48.2914],[22.5302,48.2877],[22.5339,48.2797],[22.5233,48.2775],[22.5048,48.2958],[22.479,48.3063],[22.4812,48.3163],[22.5035,48.3122],[22.5325,48.332],[22.5297,48.3419],[22.543,48.3513],[22.506,48.3781],[22.4985,48.3778],[22.4978,48.3901],[22.4873,48.3893],[22.4839,48.3772],[22.4551,48.3778],[22.4316,48.3849],[22.4191,48.3923],[22.4077,48.3835],[22.3932,48.3917],[22.3689,48.3731],[22.356,48.3913],[22.3597,48.4016],[22.3523,48.4043],[22.3451,48.3889],[22.3455,48.3832],[22.3443,48.3758],[22.3291,48.3729],[22.3186,48.3647],[22.3167,48.3543]]]]},"properties":{"key":"берегівський","name":"Берегівський район","source_group":"raion"}},{"id":"березівський","type":"Feature","geometry":{"type":"MultiPolygon","coordinates":[[[[30.7957,46.9468],[30.8403,46.9548],[30.862,46.9453],[30.8643,46.9222],[30.8952,46.9256],[30.9035,46.9038],[30.8924,46.9016],[30.8988,46.8827],[30.9087,46.884],[30.913,46.8735],[30.9418,46.8769],[30.9423,46.8838],[30.9783,46.8886],[30.9774,46.8962],[31.0031,46.9004],[31.0038,46.9095],[31.0387,46.9104],[31.0398,46.9228],[31.0154,46.9447],[31.0135,46.9535],[31.0192,46.9627],[31.0407,46.9682],[31.0885,46.9747],[31.0866,46.9821],[31.1357,46.9894],[31.1395,46.9783],[31.2432,46.9915],[31.2302,47.0228],[31.2663,47.0282],[31.2678,47.0212],[31.2899,47.0243],[31.2962,47.0316],[31.2939,47.0467],[31.3043,47.0481],[31.293,47.0815],[31.3017,47.0822],[31.2931,47.0916],[31.2685,47.1717],[31.2488,47.1696],[31.2466,47.1767],[31.2006,47.1715],[31.1981,47.1543],[31.1615,47.1574],[31.13,47.1529],[31.1285,47.1569],[31.1101,47.1552],[31.1072,47.1651],[31.1164,47.1661],[31.109,47.1876],[31.1182,47.1891],[31.1232,47.1766],[31.1567,47.1816],[31.1462,47.2183],[31.1777,47.2229],[31.1681,47.2552],[31.1748,47.2562],[31.169,47.2654],[31.0789,47.2532],[31.08,47.2476],[31.0187,47.2387],[31.0083,47.2704],[30.9882,47.2672],[30.9983,47.2887],[30.9079,47.2764],[30.893,47.3199],[30.8758,47.3175],[30.8693,47.3342],[30.8904,47.3376],[30.8894,47.3413],[30.908,47.3455],[30.9013,47.3593],[30.8861,47.3577],[30.8735,47.4007],[30.8928,47.4037],[30.8856,47.4253],[30.8512,47.4205],[30.8479,47.4443],[30.8646,47.4442],[30.8544,47.4799],[30.8593,47.4808],[30.8521,47.5028],[30.8813,47.5077],[30.8742,47.5329],[30.8797,47.534],[30.8755,47.5447],[30.8324,47.536],[30.8263,47.5485],[30.804,47.547],[30.7997,47.5529],[30.7731,47.5461],[30.7705,47.5537],[30.7529,47.5598],[30.7453,47.5791],[30.7783,47.5842],[30.779,47.5965],[30.7754,47.6233],[30.7815,47.6346],[30.7927,47.6357],[30.7888,47.6487],[30.7084,47.6384],[30.719,47.6088],[30.7184,47.6075],[30.7018,47.6025],[30.6594,47.6008],[30.6596,47.6174],[30.6653,47.6184],[30.6629,47.6345],[30.6166,47.6244],[30.612,47.6354],[30.573,47.6263],[30.5597,47.6261],[30.557,47.6309],[30.4711,47.617],[30.4834,47.5818],[30.2971,47.5577],[30.2947,47.5657],[30.2761,47.5662],[30.2219,47.5536],[30.2186,47.545],[30.2249,47.5406],[30.1689,47.5321],[30.1563,47.5327],[30.1643,47.5026],[30.1132,47.4956],[30.1178,47.4797],[30.1276,47.4807],[30.1381,47.4667],[30.1251,47.4621],[30.1206,47.4519],[30.1058,47.4412],[30.0556,47.4356],[30.0544,47.441],[30.0424,47.4424],[29.9982,47.4396],[29.9528,47.4268],[29.9529,47.4245],[29.8812,47.4138],[29.8905,47.3626],[29.9049,47.3649],[29.9069,47.3563],[29.8931,47.3525],[29.8997,47.3405],[29.8926,47.3295],[29.9041,47.3162],[29.9294,47.2974],[29.9483,47.3032],[29.9609,47.3215],[30.0453,47.3332],[30.0474,47.3254],[30.06,47.3264],[30.0597,47.3096],[30.0664,47.3094],[30.07,47.2899],[30.077,47.2897],[30.084,47.2785],[30.0861,47.2912],[30.1019,47.2864],[30.1154,47.2876],[30.1069,47.2975],[30.1187,47.2992],[30.125,47.2802],[30.1065,47.2778],[30.1102,47.253],[30.1179,47.2385],[30.135,47.2407],[30.1383,47.217],[30.1479,47.2079],[30.155,47.1924],[30.1628,47.165],[30.1583,47.1646],[30.1752,47.108],[30.1554,47.1056],[30.1575,47.1008],[30.1113,47.094],[30.1307,47.0354],[30.1247,47.0347],[30.1384,46.9799],[30.2371,46.9904],[30.2457,46.9562],[30.26,46.958],[30.2556,46.9756],[30.287,46.979],[30.2916,46.9656],[30.3138,46.968],[30.3165,46.9574],[30.3319,46.9595],[30.3334,46.9526],[30.315,46.9483],[30.3095,46.9395],[30.3165,46.9207],[30.3488,46.9256],[30.3563,46.8991],[30.3673,46.8693],[30.3725,46.8425],[30.3965,46.8451],[30.406,46.8208],[30.4621,46.8274],[30.4815,46.8397],[30.4877,46.8205],[30.4984,46.8106],[30.5088,46.7951],[30.5471,46.8104],[30.5594,46.7827],[30.5698,46.7848],[30.573,46.7727],[30.5946,46.7812],[30.5968,46.7904],[30.6035,46.7759],[30.6575,46.7814],[30.6529,46.7979],[30.6611,46.7992],[30.6507,46.8305],[30.6767,46.8391],[30.6729,46.8542],[30.6661,46.8537],[30.6536,46.8693],[30.6443,46.8685],[30.6379,46.8881],[30.6399,46.909],[30.6479,46.9142],[30.6949,46.9066],[30.6873,46.8831],[30.6927,46.8769],[30.7045,46.8814],[30.7091,46.8938],[30.7171,46.8882],[30.7289,46.8945],[30.7253,46.9016],[30.7578,46.907],[30.7563,46.9115],[30.8037,46.9178],[30.7957,46.9468]]]]},"properties":{"key":"березівський","name":"Березівський район","source_group":"raion"}},{"id":"бериславський","type":"Feature","geometry":{"type":"MultiPolygon","coordinates":[[[[33.3101,46.827],[33.2934,46.845],[33.3104,46.8498],[33.3143,46.8441],[33.3402,46.8482],[33.3414,46.8404],[33.357,46.8422],[33.3587,46.8356],[33.3708,46.8368],[33.374,46.8264],[33.3942,46.8294],[33.3941,46.8211],[33.4186,46.8035],[33.4557,46.8252],[33.489,46.8373],[33.518,46.8407],[33.5415,46.8367],[33.5701,46.838],[33.5966,46.8495],[33.6106,46.8708],[33.6135,46.8946],[33.6202,46.9118],[33.6472,46.9284],[33.6702,46.9612],[33.681,46.9835],[33.6867,47.0044],[33.6943,47.0193],[33.6954,47.0324],[33.7071,47.0403],[33.7365,47.0488],[33.7511,47.0552],[33.7986,47.0894],[33.8179,47.1172],[33.8276,47.1447],[33.8315,47.1634],[33.878,47.1802],[33.9058,47.1955],[33.9264,47.2106],[33.9605,47.2458],[33.9822,47.2903],[33.9912,47.3195],[33.9995,47.3317],[33.994,47.356],[33.9969,47.3859],[33.9983,47.4588],[33.9778,47.4593],[33.9507,47.4592],[33.9475,47.5011],[33.9398,47.5155],[33.8191,47.5043],[33.6433,47.4852],[33.6361,47.5129],[33.6039,47.5098],[33.6044,47.5052],[33.5888,47.5031],[33.5815,47.5323],[33.5929,47.5444],[33.59,47.5581],[33.6076,47.5609],[33.6059,47.5753],[33.5932,47.574],[33.5887,47.5885],[33.5821,47.5885],[33.5789,47.5989],[33.4749,47.5877],[33.4857,47.5455],[33.4757,47.5432],[33.3238,47.525],[33.3297,47.5117],[33.35,47.4935],[33.3137,47.4809],[33.3069,47.486],[33.3154,47.4912],[33.3105,47.5007],[33.2968,47.5037],[33.2791,47.5181],[33.2859,47.525],[33.2881,47.5415],[33.2711,47.545],[33.2437,47.5306],[33.2248,47.5305],[33.2154,47.5347],[33.2219,47.5414],[33.2187,47.5481],[33.2292,47.5533],[33.2372,47.5652],[33.2365,47.5735],[33.2238,47.573],[33.2052,47.5687],[33.1866,47.5739],[33.1716,47.5668],[33.1593,47.5701],[33.0929,47.5793],[33.0892,47.5535],[33.0956,47.5276],[33.142,47.5437],[33.149,47.5147],[33.1243,47.5075],[33.1309,47.4803],[33.1234,47.4768],[33.1374,47.4203],[33.0711,47.4127],[33.0701,47.4742],[33.0463,47.4678],[33.0532,47.444],[33.0332,47.4416],[33.0366,47.4261],[33.0283,47.425],[33.0375,47.3981],[33.0404,47.3802],[33.1221,47.3908],[33.1326,47.3449],[33.1381,47.3334],[33.132,47.3288],[33.1031,47.3226],[33.111,47.3028],[33.111,47.2939],[33.1028,47.2914],[33.1054,47.2792],[33.1195,47.2818],[33.1216,47.2774],[33.1407,47.2724],[33.1375,47.2672],[33.1824,47.2385],[33.1638,47.2323],[33.1551,47.2351],[33.144,47.23],[33.1328,47.2329],[33.1279,47.2281],[33.1311,47.2169],[33.1441,47.2096],[33.1306,47.2031],[33.1136,47.2053],[33.1042,47.22],[33.0914,47.2232],[33.0739,47.2223],[33.0662,47.2177],[33.0655,47.1985],[33.0542,47.1908],[33.0418,47.1893],[33.0392,47.1782],[33.0151,47.182],[33.0145,47.19],[33.0062,47.1962],[33.0032,47.1899],[32.9609,47.1895],[32.9549,47.1742],[32.9339,47.1517],[32.917,47.1429],[32.9166,47.1295],[32.9072,47.1202],[32.9112,47.1153],[32.9134,47.1073],[32.909,47.0932],[32.915,47.0864],[32.9307,47.0803],[33.0704,47.0209],[33.0239,46.9721],[33.0524,46.9599],[33.0525,46.9464],[33.0644,46.9074],[33.0449,46.9068],[33.006,46.9018],[33.0154,46.8647],[32.9775,46.8597],[32.9858,46.8314],[33.0232,46.8359],[33.0462,46.7441],[33.0967,46.7674],[33.1278,46.7798],[33.145,46.7841],[33.1577,46.782],[33.202,46.7702],[33.2511,46.7641],[33.2891,46.7511],[33.3264,46.7561],[33.3256,46.7762],[33.3151,46.7746],[33.309,46.7901],[33.315,46.8026],[33.3197,46.8213],[33.3101,46.827]]]]},"properties":{"key":"бериславський","name":"Бериславський район","source_group":"raion"}},{"id":"білгород-дністровський","type":"Feature","geometry":{"type":"MultiPolygon","coordinates":[[[[29.3156,45.7311],[29.3272,45.6901],[29.4182,45.6995],[29.424,45.6706],[29.4614,45.6747],[29.4688,45.6388],[29.49,45.6413],[29.4924,45.6214],[29.5302,45.6212],[29.5641,45.6238],[29.5618,45.6445],[29.6054,45.6484],[29.6095,45.6318],[29.6085,45.6102],[29.5967,45.5652],[29.6025,45.553],[29.6159,45.5452],[29.6459,45.5384],[29.6607,45.5417],[29.6652,45.5478],[29.679,45.5508],[29.7122,45.5754],[29.7713,45.6085],[29.8422,45.6439],[29.8702,45.6602],[29.8992,45.68],[30.0223,45.7483],[30.0791,45.7868],[30.1188,45.8091],[30.1545,45.8251],[30.1963,45.8481],[30.2339,45.8712],[30.2722,45.9052],[30.3212,45.9543],[30.3544,45.984],[30.3995,46.0167],[30.417,46.0339],[30.444,46.0552],[30.4699,46.0699],[30.4812,46.0791],[30.4834,46.0865],[30.5052,46.1113],[30.5105,46.1225],[30.5494,46.1503],[30.5681,46.1739],[30.5481,46.1858],[30.5013,46.1529],[30.4888,46.1572],[30.4547,46.1202],[30.4336,46.1485],[30.3809,46.2098],[30.3591,46.2311],[30.2669,46.266],[30.2731,46.3031],[30.2918,46.3272],[30.2842,46.3399],[30.2992,46.3478],[30.2841,46.3719],[30.2712,46.3743],[30.2554,46.3995],[30.2607,46.4139],[30.2463,46.4287],[30.219,46.4438],[30.1943,46.4457],[30.1862,46.4335],[30.1693,46.4357],[30.168,46.434],[30.1739,46.4221],[30.1735,46.4189],[30.1709,46.4158],[30.1231,46.3956],[30.1068,46.3914],[30.0967,46.3753],[30.0795,46.3732],[30.0802,46.371],[30.0083,46.36],[29.9991,46.3695],[29.9969,46.3894],[29.9878,46.384],[29.9387,46.4009],[29.8868,46.3715],[29.8911,46.3524],[29.8052,46.3856],[29.823,46.3956],[29.7896,46.4219],[29.7762,46.4549],[29.7678,46.4531],[29.749,46.4703],[29.7412,46.4728],[29.7266,46.4667],[29.7421,46.4435],[29.731,46.4399],[29.7345,46.4349],[29.6856,46.426],[29.6786,46.4419],[29.6603,46.4361],[29.6786,46.3614],[29.6031,46.3537],[29.6001,46.3629],[29.5802,46.3609],[29.5659,46.4164],[29.5061,46.4233],[29.4946,46.4279],[29.4846,46.4474],[29.5023,46.4614],[29.448,46.4985],[29.3867,46.4466],[29.3991,46.4261],[29.417,46.4024],[29.4403,46.3979],[29.4501,46.383],[29.472,46.3736],[29.4829,46.3605],[29.414,46.339],[29.3832,46.3242],[29.4161,46.3144],[29.4576,46.308],[29.531,46.2868],[29.5928,46.2935],[29.5983,46.2731],[29.612,46.2751],[29.6231,46.2343],[29.6265,46.2122],[29.6025,46.206],[29.6095,46.198],[29.5517,46.1905],[29.5171,46.1989],[29.4845,46.1952],[29.483,46.1605],[29.4738,46.1594],[29.4746,46.1468],[29.5253,46.152],[29.532,46.1433],[29.5337,46.0947],[29.5033,46.0382],[29.5514,46.0443],[29.5571,46.0001],[29.5611,45.9463],[29.5906,45.9499],[29.5961,45.9223],[29.4988,45.9096],[29.465,45.915],[29.4375,45.8655],[29.4671,45.7916],[29.4822,45.7922],[29.4816,45.7794],[29.4035,45.792],[29.4104,45.752],[29.3774,45.7377],[29.3156,45.7311]]]]},"properties":{"key":"білгород-дністровський","name":"Білгород-Дністровський район","source_group":"raion"}},{"id":"білоцерківський","type":"Feature","geometry":{"type":"MultiPolygon","coordinates":[[[[29.8836,49.1897],[29.877,49.2004],[29.8968,49.2047],[29.8939,49.2087],[29.9095,49.2173],[29.9033,49.2229],[29.9159,49.2275],[29.9322,49.2471],[29.9526,49.2505],[29.9553,49.2824],[29.9452,49.3004],[29.9478,49.3123],[29.9602,49.3078],[29.9828,49.3161],[30.0066,49.3163],[30.0107,49.327],[30.0267,49.332],[30.0662,49.3261],[30.0776,49.3227],[30.0866,49.3122],[30.0829,49.2988],[30.0892,49.2863],[30.1034,49.2741],[30.114,49.2714],[30.1235,49.282],[30.1207,49.2962],[30.1066,49.3027],[30.1138,49.3088],[30.1327,49.3138],[30.1364,49.3302],[30.1475,49.335],[30.1487,49.3265],[30.1993,49.3278],[30.1899,49.2759],[30.2561,49.2684],[30.257,49.272],[30.3323,49.2596],[30.3679,49.2557],[30.366,49.2464],[30.3752,49.2368],[30.3852,49.261],[30.3985,49.303],[30.4202,49.3023],[30.4123,49.3301],[30.4388,49.3325],[30.4377,49.3493],[30.4721,49.3655],[30.5171,49.3269],[30.5368,49.3275],[30.5561,49.341],[30.57,49.3543],[30.5835,49.3497],[30.6059,49.3708],[30.6372,49.3557],[30.6612,49.3607],[30.6624,49.354],[30.6764,49.3549],[30.709,49.3349],[30.7154,49.3389],[30.7296,49.3323],[30.7487,49.3446],[30.7799,49.345],[30.7985,49.3541],[30.8204,49.3557],[30.8342,49.3518],[30.8579,49.3543],[30.8661,49.3511],[30.8796,49.361],[30.8968,49.3627],[30.9092,49.3591],[30.9203,49.3812],[30.9309,49.3811],[30.9276,49.3921],[30.9351,49.406],[30.9201,49.4154],[30.9266,49.4174],[30.9187,49.4268],[30.9238,49.433],[30.9004,49.4402],[30.7964,49.4362],[30.7969,49.4448],[30.7831,49.4442],[30.7926,49.4559],[30.7685,49.464],[30.7618,49.455],[30.7608,49.4674],[30.7479,49.468],[30.7358,49.4887],[30.722,49.4902],[30.7161,49.501],[30.7011,49.5118],[30.689,49.5372],[30.666,49.5542],[30.6522,49.5714],[30.6607,49.5806],[30.626,49.5925],[30.6191,49.6046],[30.6202,49.6167],[30.6206,49.6062],[30.6438,49.5971],[30.6482,49.6014],[30.6652,49.6017],[30.6694,49.5965],[30.6987,49.5997],[30.707,49.6098],[30.713,49.6011],[30.722,49.6043],[30.7362,49.6256],[30.6989,49.6388],[30.7003,49.657],[30.7291,49.6564],[30.7365,49.6863],[30.7449,49.6937],[30.7362,49.7066],[30.7251,49.7066],[30.7071,49.7383],[30.7167,49.738],[30.7157,49.769],[30.7176,49.7896],[30.7158,49.8251],[30.6735,49.8314],[30.6561,49.8371],[30.5418,49.8257],[30.5399,49.8608],[30.5721,49.8625],[30.572,49.8702],[30.5871,49.8895],[30.564,49.9051],[30.5306,49.9162],[30.5385,49.9366],[30.5284,49.9346],[30.5242,49.9417],[30.5145,49.9369],[30.4941,49.9357],[30.4877,49.9668],[30.4665,49.9827],[30.4538,49.9835],[30.4424,49.9911],[30.4166,49.9901],[30.4045,49.987],[30.3929,49.9909],[30.3692,49.9858],[30.3392,49.9947],[30.3451,49.9983],[30.3134,50.0183],[30.3015,50.0148],[30.2916,50.0217],[30.2738,50.0436],[30.2859,50.0483],[30.276,50.0547],[30.2351,50.0902],[30.2237,50.107],[30.2085,50.1051],[30.1987,50.1182],[30.1798,50.1108],[30.1842,50.1067],[30.1468,50.1064],[30.1288,50.1006],[30.0985,50.0756],[30.1042,50.0667],[30.097,50.0509],[30.0943,50.0153],[30.0796,50.0144],[30.0604,50.0238],[29.9945,50.0352],[29.9737,50.0411],[29.9572,50.0516],[29.9271,50.0384],[29.936,50.0221],[29.9256,50.0106],[29.9256,50.0033],[29.9364,50.004],[29.9369,49.9954],[29.9807,49.9682],[29.9841,49.9537],[29.9701,49.9406],[29.9441,49.9336],[29.8993,49.9057],[29.8912,49.8973],[29.895,49.8959],[29.8947,49.892],[29.8777,49.8931],[29.8519,49.871],[29.8255,49.8777],[29.7843,49.9004],[29.7317,49.8822],[29.7004,49.9061],[29.6464,49.8779],[29.667,49.8746],[29.6524,49.8652],[29.6389,49.869],[29.6198,49.8525],[29.6018,49.8558],[29.5956,49.843],[29.5745,49.8409],[29.5741,49.8372],[29.5478,49.836],[29.5424,49.8211],[29.5241,49.8263],[29.5071,49.8353],[29.4901,49.8258],[29.4969,49.8123],[29.4833,49.8023],[29.4711,49.8157],[29.4486,49.8024],[29.4384,49.8054],[29.445,49.7888],[29.4505,49.788],[29.4621,49.7618],[29.4447,49.732],[29.4351,49.7291],[29.445,49.7147],[29.4972,49.7132],[29.4918,49.7084],[29.4878,49.67],[29.5135,49.6634],[29.5053,49.6493],[29.5205,49.6457],[29.5209,49.6414],[29.5369,49.6359],[29.5091,49.6192],[29.5124,49.613],[29.4989,49.601],[29.4993,49.5944],[29.5311,49.5639],[29.5385,49.5423],[29.5417,49.5218],[29.5502,49.5193],[29.5696,49.5039],[29.5843,49.5065],[29.5836,49.4953],[29.5577,49.4972],[29.5456,49.4849],[29.5614,49.4627],[29.5883,49.4547],[29.5928,49.444],[29.572,49.4336],[29.575,49.4284],[29.5399,49.4008],[29.5051,49.395],[29.5032,49.371],[29.518,49.3626],[29.5238,49.3477],[29.5218,49.3375],[29.5369,49.324],[29.5731,49.3241],[29.6015,49.3151],[29.6178,49.3062],[29.6064,49.2994],[29.6216,49.2745],[29.6122,49.2659],[29.6455,49.2462],[29.6621,49.2504],[29.6891,49.2368],[29.693,49.255],[29.7089,49.2626],[29.7195,49.2466],[29.7157,49.2411],[29.7226,49.2314],[29.7427,49.2258],[29.7403,49.2115],[29.7279,49.2082],[29.7602,49.1799],[29.8147,49.1866],[29.8209,49.179],[29.8579,49.1883],[29.8824,49.1867],[29.8836,49.1897]]]]},"properties":{"key":"білоцерківський","name":"Білоцерківський район","source_group":"raion"}},{"id":"богодухівський","type":"Feature","geometry":{"type":"MultiPolygon","coordinates":[[[[35.2235,49.7374],[35.2572,49.7338],[35.2617,49.7266],[35.2652,49.7154],[35.2483,49.7119],[35.2561,49.7115],[35.2436,49.6959],[35.2711,49.6851],[35.2972,49.687],[35.3309,49.6809],[35.3436,49.6661],[35.3917,49.6671],[35.3916,49.6692],[35.4042,49.6713],[35.4655,49.674],[35.4713,49.6694],[35.4856,49.6724],[35.4942,49.6669],[35.5139,49.6666],[35.5312,49.662],[35.5367,49.6487],[35.5712,49.6454],[35.6008,49.6564],[35.6175,49.6564],[35.6217,49.6618],[35.6221,49.6915],[35.6605,49.6964],[35.6637,49.6919],[35.6991,49.7059],[35.6849,49.7218],[35.675,49.7322],[35.6798,49.7446],[35.6548,49.7519],[35.6738,49.7627],[35.6859,49.78],[35.7083,49.7754],[35.716,49.7907],[35.7115,49.8009],[35.6983,49.8026],[35.7027,49.8234],[35.7275,49.826],[35.7313,49.8235],[35.7615,49.8366],[35.7807,49.8247],[35.7708,49.8192],[35.8239,49.8105],[35.8206,49.8191],[35.8277,49.828],[35.8389,49.8307],[35.8364,49.8362],[35.8209,49.8355],[35.8242,49.8603],[35.8578,49.8731],[35.8634,49.8692],[35.8714,49.8753],[35.8659,49.8821],[35.8764,49.9017],[35.8681,49.9026],[35.8737,49.915],[35.8528,49.9165],[35.8463,49.9227],[35.8279,49.9219],[35.8234,49.9356],[35.8074,49.9268],[35.7981,49.931],[35.802,49.9381],[35.8104,49.9354],[35.8118,49.9443],[35.7918,49.9502],[35.8152,49.9763],[35.8088,49.9842],[35.8113,49.9952],[35.8217,49.9912],[35.8335,49.9952],[35.828,50.0017],[35.8067,50.0018],[35.8099,50.0084],[35.7943,50.0158],[35.795,50.0345],[35.8112,50.0365],[35.8095,50.0452],[35.7985,50.0444],[35.8227,50.0591],[35.8444,50.0656],[35.8344,50.0688],[35.8255,50.0797],[35.8318,50.0899],[35.8137,50.1135],[35.8235,50.1204],[35.838,50.1188],[35.8439,50.1135],[35.8437,50.0984],[35.8503,50.0998],[35.856,50.0861],[35.8708,50.0788],[35.8688,50.0838],[35.8873,50.0805],[35.8933,50.0872],[35.9117,50.0906],[35.9163,50.0973],[35.9446,50.0926],[35.9457,50.0997],[35.9362,50.1022],[35.9414,50.1121],[35.9496,50.1075],[35.9962,50.109],[35.9848,50.1182],[35.9873,50.1369],[36.0136,50.1326],[36.0214,50.156],[36.0371,50.1807],[36.0755,50.1798],[36.0709,50.2009],[36.0607,50.2069],[36.0369,50.2121],[36.0946,50.2261],[36.0975,50.2358],[36.0838,50.239],[36.0928,50.2464],[36.1009,50.2376],[36.1252,50.241],[36.1253,50.2518],[36.1397,50.2616],[36.1423,50.2688],[36.1547,50.2703],[36.151,50.2788],[36.1719,50.29],[36.1715,50.2992],[36.1632,50.2998],[36.1685,50.3074],[36.1584,50.3152],[36.1618,50.3241],[36.1544,50.3326],[36.1707,50.3334],[36.1733,50.3467],[36.1575,50.3577],[36.1475,50.359],[36.1382,50.3518],[36.1223,50.3653],[36.1128,50.3662],[36.108,50.3641],[36.1054,50.3649],[36.1649,50.3929],[36.1775,50.4019],[36.1708,50.4089],[36.1606,50.4315],[36.1364,50.438],[36.1162,50.4385],[36.0866,50.4483],[36.0697,50.4463],[36.0679,50.4508],[36.0388,50.4496],[36.0186,50.445],[35.9752,50.4408],[35.9681,50.4357],[35.9385,50.4337],[35.9218,50.4368],[35.8898,50.4386],[35.8724,50.4225],[35.8557,50.4291],[35.8354,50.4246],[35.8318,50.4338],[35.7925,50.4158],[35.8065,50.4112],[35.8071,50.405],[35.7927,50.3898],[35.7562,50.3683],[35.7382,50.3544],[35.6734,50.355],[35.6586,50.351],[35.6538,50.3468],[35.6803,50.3426],[35.6931,50.3454],[35.689,50.3347],[35.6777,50.3336],[35.6737,50.3256],[35.6611,50.3259],[35.6509,50.3096],[35.6236,50.3205],[35.6301,50.3244],[35.5925,50.3306],[35.5716,50.3194],[35.5583,50.3215],[35.5167,50.3174],[35.5356,50.3004],[35.5251,50.2903],[35.5046,50.3006],[35.4963,50.2931],[35.4594,50.3092],[35.4611,50.3146],[35.4394,50.3168],[35.4224,50.334],[35.4095,50.3215],[35.3792,50.3203],[35.3855,50.3058],[35.3822,50.2956],[35.33,50.3186],[35.297,50.2892],[35.3317,50.2759],[35.2995,50.2626],[35.2685,50.2655],[35.2611,50.2575],[35.2604,50.235],[35.2397,50.2359],[35.2356,50.2282],[35.1998,50.2351],[35.1901,50.2286],[35.1492,50.2417],[35.1278,50.2259],[35.1056,50.2146],[35.0702,50.2067],[35.077,50.2012],[35.0427,50.1654],[35.031,50.1674],[35.0316,50.1804],[35.0084,50.1853],[35.0067,50.1777],[34.9978,50.1832],[34.9768,50.1825],[34.9615,50.1854],[34.9744,50.1589],[34.9395,50.1517],[34.9327,50.1299],[34.9339,50.11],[34.9365,50.096],[34.95,50.0965],[34.9567,50.0927],[34.9616,50.0739],[34.9357,50.0613],[34.9325,50.0539],[34.9027,50.0335],[34.8722,49.9992],[34.8539,49.9876],[34.8662,49.9586],[34.8601,49.95],[34.8806,49.9422],[34.8917,49.9322],[34.9131,49.9346],[34.9344,49.909],[34.9453,49.899],[34.9717,49.8844],[34.98,49.8907],[34.9962,49.8812],[35.0155,49.8755],[35.0329,49.8874],[35.0642,49.8855],[35.055,49.8813],[35.0565,49.8734],[35.047,49.8719],[35.0685,49.8585],[35.0989,49.858],[35.119,49.8512],[35.1392,49.8593],[35.1587,49.8563],[35.1755,49.8452],[35.1982,49.841],[35.1951,49.8363],[35.2186,49.8308],[35.2151,49.8126],[35.221,49.8056],[35.2076,49.8043],[35.2013,49.7948],[35.211,49.7892],[35.2069,49.7818],[35.2127,49.7709],[35.207,49.764],[35.2091,49.7465],[35.2235,49.7374]]]]},"properties":{"key":"богодухівський","name":"Богодухівський район","source_group":"raion"}},{"id":"болградський","type":"Feature","geometry":{"type":"MultiPolygon","coordinates":[[[[28.7691,45.4963],[28.7381,45.5899],[28.8196,45.6024],[28.8351,45.5992],[28.8815,45.607],[28.878,45.617],[28.9468,45.6284],[28.9369,45.6444],[28.9419,45.6487],[28.9865,45.6561],[28.973,45.698],[28.9983,45.6981],[29.0221,45.7022],[29.0129,45.7303],[29.0189,45.7369],[29.0439,45.7351],[29.0573,45.7535],[29.0753,45.7516],[29.0651,45.783],[29.0822,45.7861],[29.0788,45.8004],[29.1543,45.8122],[29.1658,45.8161],[29.1826,45.7932],[29.1922,45.7357],[29.202,45.7371],[29.2022,45.7206],[29.211,45.7201],[29.2145,45.7118],[29.2079,45.7047],[29.3213,45.7322],[29.3774,45.7377],[29.4104,45.752],[29.4035,45.792],[29.4816,45.7794],[29.4822,45.7922],[29.4671,45.7916],[29.4375,45.8655],[29.465,45.915],[29.4988,45.9096],[29.5961,45.9223],[29.5906,45.9499],[29.5611,45.9463],[29.5571,46.0001],[29.5514,46.0443],[29.5033,46.0382],[29.5337,46.0947],[29.532,46.1433],[29.5253,46.152],[29.4746,46.1468],[29.4738,46.1594],[29.483,46.1605],[29.4845,46.1952],[29.5171,46.1989],[29.5517,46.1905],[29.6095,46.198],[29.6025,46.206],[29.6265,46.2122],[29.6231,46.2343],[29.612,46.2751],[29.5983,46.2731],[29.5928,46.2935],[29.531,46.2868],[29.4576,46.308],[29.4161,46.3144],[29.3832,46.3242],[29.414,46.339],[29.4829,46.3605],[29.472,46.3736],[29.4501,46.383],[29.4403,46.3979],[29.417,46.4024],[29.3991,46.4261],[29.3961,46.4253],[29.3759,46.4586],[29.3788,46.4593],[29.3512,46.5042],[29.3313,46.496],[29.3379,46.4817],[29.3363,46.474],[29.3083,46.4652],[29.3183,46.4476],[29.3058,46.4443],[29.3241,46.4148],[29.3029,46.4084],[29.2962,46.4172],[29.2652,46.4065],[29.2679,46.3937],[29.2405,46.3761],[29.2068,46.3863],[29.2458,46.4168],[29.2274,46.432],[29.2294,46.4583],[29.2196,46.4635],[29.2551,46.4852],[29.2495,46.5004],[29.2409,46.4994],[29.2355,46.5583],[29.1617,46.5444],[29.1635,46.5155],[29.0629,46.5123],[29.0631,46.5069],[29.0389,46.5063],[29.0386,46.4935],[29.0335,46.4906],[28.9815,46.4888],[28.9778,46.4812],[28.9891,46.4791],[29.0233,46.4801],[29.0255,46.4623],[28.9984,46.46],[28.9307,46.4577],[28.937,46.4519],[28.9414,46.4309],[28.9664,46.3758],[28.9867,46.3426],[28.9902,46.3454],[28.9979,46.3226],[29.0036,46.3164],[28.9851,46.3182],[28.9529,46.2652],[28.9518,46.2595],[29.067,46.1955],[28.9503,46.0937],[29.0054,46.0494],[28.9787,46.0035],[28.7765,45.9704],[28.7795,45.9605],[28.7566,45.9573],[28.7634,45.9344],[28.7546,45.9284],[28.7858,45.8323],[28.6971,45.818],[28.7092,45.7801],[28.6248,45.7664],[28.5856,45.7725],[28.581,45.7688],[28.5906,45.7549],[28.5948,45.74],[28.5891,45.7295],[28.564,45.7258],[28.5554,45.7365],[28.5337,45.7329],[28.5203,45.7373],[28.5046,45.6998],[28.4832,45.6837],[28.4803,45.6778],[28.4858,45.6604],[28.5159,45.665],[28.5526,45.5539],[28.6241,45.5268],[28.6468,45.525],[28.6576,45.5206],[28.6539,45.5004],[28.647,45.4908],[28.6437,45.4769],[28.6414,45.4732],[28.6421,45.4713],[28.6503,45.4707],[28.6556,45.4661],[28.7047,45.4753],[28.704,45.4843],[28.7691,45.4963]]]]},"properties":{"key":"болградський","name":"Болградський район","source_group":"raion"}},{"id":"бориспільський","type":"Feature","geometry":{"type":"MultiPolygon","coordinates":[[[[31.716,49.8502],[31.7557,49.8934],[31.7725,49.8938],[31.7707,49.9197],[31.7915,49.9306],[31.8142,49.9597],[31.8149,49.9674],[31.8906,49.963],[31.8905,49.9507],[31.9023,49.9442],[31.9165,49.9603],[31.9165,49.98],[31.9086,49.9967],[31.9071,50.0145],[31.9007,50.0192],[31.9169,50.0281],[31.9673,50.0442],[31.9794,50.0383],[31.9879,50.0514],[31.9256,50.0608],[31.9075,50.0596],[31.9112,50.1015],[31.946,50.1156],[31.973,50.1245],[31.9569,50.1417],[31.9469,50.1379],[31.9359,50.158],[31.9653,50.1519],[31.9843,50.1792],[31.9984,50.1939],[31.994,50.2023],[32.0148,50.2061],[32.0369,50.1903],[32.0566,50.1882],[32.0868,50.2222],[32.1063,50.2207],[32.1076,50.2282],[32.1096,50.2294],[32.1177,50.2292],[32.0965,50.2382],[32.0904,50.2467],[32.1007,50.276],[32.0868,50.2836],[32.1416,50.3052],[32.1304,50.316],[32.1444,50.323],[32.1525,50.335],[32.1419,50.352],[32.1572,50.3645],[32.1548,50.3761],[32.1201,50.3797],[32.0905,50.3697],[32.0769,50.3745],[32.0748,50.3729],[32.0531,50.3833],[32.0377,50.3852],[32.0341,50.39],[32.01,50.3901],[32.0063,50.3774],[32.0267,50.3649],[32.0277,50.3556],[32.0366,50.3468],[32.0295,50.3434],[31.9805,50.3495],[31.9714,50.3653],[31.8937,50.3684],[31.8346,50.4047],[31.7583,50.4024],[31.7616,50.4085],[31.7458,50.4094],[31.7437,50.4007],[31.7363,50.3937],[31.7142,50.3604],[31.7188,50.3509],[31.7014,50.3367],[31.6697,50.3229],[31.6718,50.2946],[31.6759,50.2798],[31.6459,50.2796],[31.6458,50.2732],[31.6293,50.2633],[31.6014,50.2546],[31.5818,50.2642],[31.5876,50.2799],[31.5798,50.2826],[31.5876,50.2938],[31.5614,50.3043],[31.5369,50.2766],[31.5131,50.275],[31.5071,50.2698],[31.507,50.2579],[31.4959,50.2517],[31.4993,50.2432],[31.4863,50.2328],[31.4429,50.2464],[31.4199,50.2591],[31.4157,50.2552],[31.3949,50.2716],[31.3799,50.2784],[31.3622,50.2672],[31.3578,50.2606],[31.3797,50.2464],[31.3815,50.2256],[31.3983,50.2195],[31.4181,50.1868],[31.4189,50.1708],[31.3964,50.1659],[31.3717,50.1755],[31.3471,50.1759],[31.272,50.1679],[31.2719,50.1886],[31.2124,50.1889],[31.1881,50.1989],[31.2105,50.248],[31.2066,50.2848],[31.1866,50.295],[31.1552,50.2991],[31.1465,50.3104],[31.1432,50.3367],[31.1603,50.3456],[31.1763,50.3617],[31.2108,50.3605],[31.2018,50.384],[31.2142,50.3819],[31.2202,50.3896],[31.2118,50.4011],[31.2183,50.4071],[31.2082,50.4183],[31.2246,50.4224],[31.1831,50.4479],[31.1635,50.4416],[31.1422,50.4444],[31.0991,50.4765],[31.0566,50.4763],[31.0286,50.4584],[31.0122,50.4571],[31.0003,50.4667],[31.0007,50.4759],[30.9899,50.4748],[30.9684,50.4817],[30.9585,50.4739],[30.9435,50.474],[30.894,50.455],[30.866,50.4319],[30.8264,50.4041],[30.8169,50.3934],[30.8023,50.393],[30.7905,50.3979],[30.7766,50.3951],[30.7775,50.3826],[30.7643,50.3806],[30.7622,50.3751],[30.7423,50.372],[30.7271,50.3755],[30.7206,50.3821],[30.7116,50.3785],[30.715,50.3687],[30.7062,50.3659],[30.7134,50.3565],[30.6967,50.3474],[30.6778,50.353],[30.6686,50.3598],[30.6779,50.3687],[30.6588,50.3653],[30.6492,50.3599],[30.6577,50.3428],[30.6364,50.3377],[30.6253,50.3488],[30.6052,50.3434],[30.6202,50.3299],[30.6268,50.3183],[30.651,50.2929],[30.6711,50.2794],[30.6574,50.2668],[30.678,50.2594],[30.6933,50.2609],[30.7114,50.251],[30.7205,50.2376],[30.7079,50.2191],[30.7145,50.2152],[30.7446,50.2113],[30.7501,50.2041],[30.7423,50.1926],[30.7498,50.1838],[30.7648,50.1751],[30.7741,50.1603],[30.7848,50.1588],[30.8005,50.1637],[30.8164,50.157],[30.8242,50.1486],[30.8574,50.1495],[30.8816,50.1412],[30.8964,50.1296],[30.9224,50.1038],[30.9278,50.0875],[30.9482,50.0816],[30.9637,50.0669],[30.9636,50.0544],[30.9722,50.0456],[30.9984,50.0304],[31.0113,50.0202],[31.047,50.0001],[31.069,49.9751],[31.085,49.9805],[31.1263,49.9864],[31.1357,49.9831],[31.1392,49.9739],[31.1575,49.9591],[31.1813,49.9509],[31.2259,49.9404],[31.2565,49.9359],[31.2807,49.9482],[31.2887,49.974],[31.2974,49.9762],[31.3009,49.9862],[31.3162,49.9926],[31.3562,49.9911],[31.3889,49.9953],[31.4117,49.9908],[31.4241,49.9913],[31.4416,49.9816],[31.4469,49.9736],[31.436,49.9644],[31.4329,49.9431],[31.4237,49.9324],[31.4215,49.9159],[31.4268,49.8992],[31.4322,49.899],[31.4433,49.8768],[31.4619,49.8775],[31.4718,49.8735],[31.4749,49.8607],[31.4887,49.8574],[31.4974,49.8608],[31.5004,49.8437],[31.5142,49.8472],[31.512,49.8567],[31.5203,49.8642],[31.517,49.8706],[31.5302,49.8721],[31.5413,49.8786],[31.5582,49.8754],[31.5686,49.888],[31.5688,49.8956],[31.5809,49.8955],[31.5828,49.9078],[31.6121,49.9065],[31.6177,49.8832],[31.6159,49.8557],[31.6426,49.8584],[31.6621,49.8578],[31.716,49.8502]]]]},"properties":{"key":"бориспільський","name":"Бориспільський район","source_group":"raion"}},{"id":"броварський","type":"Feature","geometry":{"type":"MultiPolygon","coordinates":[[[[31.3799,50.2784],[31.3949,50.2716],[31.4157,50.2552],[31.4199,50.2591],[31.4429,50.2464],[31.4863,50.2328],[31.4993,50.2432],[31.4959,50.2517],[31.507,50.2579],[31.5071,50.2698],[31.5131,50.275],[31.5369,50.2766],[31.5614,50.3043],[31.5876,50.2938],[31.5798,50.2826],[31.5876,50.2799],[31.5818,50.2642],[31.6014,50.2546],[31.6293,50.2633],[31.6458,50.2732],[31.6459,50.2796],[31.6759,50.2798],[31.6718,50.2946],[31.6697,50.3229],[31.7014,50.3367],[31.7188,50.3509],[31.7142,50.3604],[31.7363,50.3937],[31.7437,50.4007],[31.745,50.4078],[31.7474,50.4096],[31.7616,50.4085],[31.7583,50.4024],[31.8346,50.4047],[31.8937,50.3684],[31.9714,50.3653],[31.9805,50.3495],[32.0295,50.3434],[32.0366,50.3468],[32.0277,50.3556],[32.0267,50.3649],[32.0063,50.3774],[32.01,50.3901],[32.0341,50.39],[32.0377,50.3852],[32.0531,50.3833],[32.0748,50.3729],[32.0825,50.3782],[32.0775,50.3925],[32.1031,50.4117],[32.0981,50.4159],[32.0574,50.3978],[32.0474,50.4012],[32.0395,50.4278],[32.0274,50.4366],[32.024,50.4579],[31.9729,50.4665],[31.9691,50.4726],[31.9784,50.4814],[31.9635,50.4859],[31.9742,50.4891],[31.9832,50.4839],[31.9861,50.4962],[32.001,50.4972],[32.0082,50.4867],[32.0448,50.4939],[32.0628,50.5115],[32.0529,50.5228],[32.062,50.5287],[32.063,50.541],[32.0322,50.5418],[31.9828,50.5397],[31.955,50.5436],[31.9451,50.5575],[31.9403,50.5713],[31.9275,50.5807],[31.9247,50.5899],[31.887,50.6095],[31.8832,50.6064],[31.8724,50.6196],[31.868,50.6171],[31.8586,50.6306],[31.8434,50.6265],[31.8101,50.6222],[31.8113,50.6062],[31.7841,50.6055],[31.7894,50.5789],[31.7779,50.5763],[31.7815,50.5591],[31.6874,50.5624],[31.6681,50.5495],[31.6621,50.5539],[31.6469,50.5533],[31.6475,50.5361],[31.6309,50.5219],[31.571,50.5282],[31.5641,50.5185],[31.5542,50.5189],[31.535,50.5283],[31.521,50.5281],[31.5211,50.523],[31.4919,50.5225],[31.4921,50.52],[31.456,50.5105],[31.4445,50.5006],[31.4173,50.5022],[31.4135,50.5161],[31.3788,50.5287],[31.3705,50.5347],[31.3569,50.5297],[31.341,50.5101],[31.3285,50.5005],[31.3189,50.5265],[31.2897,50.5346],[31.2705,50.5372],[31.2537,50.5437],[31.26,50.5582],[31.2498,50.5571],[31.2413,50.5707],[31.2168,50.5711],[31.2159,50.575],[31.1882,50.5752],[31.187,50.5946],[31.1673,50.595],[31.1686,50.6092],[31.219,50.6065],[31.2279,50.6139],[31.2192,50.62],[31.2262,50.627],[31.2023,50.639],[31.205,50.6565],[31.2242,50.6679],[31.2182,50.697],[31.2051,50.697],[31.2051,50.7072],[31.1888,50.703],[31.1887,50.7238],[31.1643,50.7254],[31.1661,50.7334],[31.1495,50.737],[31.1399,50.7466],[31.1215,50.7516],[31.1258,50.7746],[31.0755,50.7808],[31.071,50.7642],[31.031,50.7619],[31.0147,50.7655],[30.9817,50.763],[30.9551,50.763],[30.9487,50.7575],[30.9323,50.7587],[30.9333,50.7639],[30.894,50.7661],[30.8901,50.7731],[30.8753,50.7656],[30.8741,50.7463],[30.8334,50.7453],[30.8287,50.7555],[30.8381,50.7573],[30.8546,50.771],[30.8746,50.7771],[30.8709,50.7804],[30.8447,50.7721],[30.835,50.7616],[30.8108,50.7699],[30.8002,50.7686],[30.7695,50.7792],[30.758,50.7734],[30.7546,50.7762],[30.7393,50.7653],[30.7095,50.7229],[30.6734,50.7137],[30.6778,50.6892],[30.6781,50.6724],[30.6992,50.6615],[30.6997,50.6575],[30.6725,50.6538],[30.6609,50.6439],[30.6487,50.6219],[30.647,50.6114],[30.6271,50.6099],[30.6288,50.6037],[30.6418,50.6001],[30.6411,50.5951],[30.6124,50.5861],[30.5982,50.5925],[30.5786,50.5869],[30.5736,50.5828],[30.5933,50.5713],[30.5734,50.5603],[30.5576,50.5583],[30.5695,50.5464],[30.5718,50.5378],[30.6541,50.5342],[30.6641,50.5515],[30.6974,50.562],[30.699,50.5546],[30.714,50.5557],[30.7102,50.5755],[30.7215,50.586],[30.7182,50.5909],[30.7532,50.5834],[30.7665,50.5839],[30.7711,50.5756],[30.7854,50.5784],[30.7964,50.5705],[30.817,50.5648],[30.8234,50.5372],[30.7688,50.5219],[30.7524,50.5187],[30.762,50.509],[30.7376,50.499],[30.7426,50.4904],[30.7543,50.4903],[30.7597,50.4836],[30.7479,50.4837],[30.7547,50.4616],[30.7426,50.4585],[30.7591,50.4487],[30.7766,50.4432],[30.776,50.439],[30.8021,50.4262],[30.7957,50.4176],[30.8086,50.4095],[30.8264,50.4041],[30.866,50.4319],[30.894,50.455],[30.9435,50.474],[30.9585,50.4739],[30.9684,50.4817],[30.9899,50.4748],[31.0007,50.4759],[31.0003,50.4667],[31.0122,50.4571],[31.0286,50.4584],[31.0566,50.4763],[31.0991,50.4765],[31.1422,50.4444],[31.1635,50.4416],[31.1803,50.4477],[31.1842,50.4476],[31.2246,50.4224],[31.2082,50.4183],[31.2183,50.4071],[31.2118,50.4011],[31.2202,50.3896],[31.2142,50.3819],[31.2018,50.384],[31.2108,50.3605],[31.1763,50.3617],[31.1603,50.3456],[31.1432,50.3367],[31.1465,50.3104],[31.1552,50.2991],[31.1866,50.295],[31.2066,50.2848],[31.2105,50.248],[31.1881,50.1989],[31.2124,50.1889],[31.2719,50.1886],[31.272,50.1679],[31.3471,50.1759],[31.3717,50.1755],[31.3964,50.1659],[31.4189,50.1708],[31.4181,50.1868],[31.3983,50.2195],[31.3815,50.2256],[31.3797,50.2464],[31.3578,50.2606],[31.3622,50.2672],[31.3799,50.2784]]],[[[30.7323,50.5122],[30.747,50.5173],[30.7457,50.5237],[30.7223,50.5222],[30.7238,50.5111],[30.7323,50.5122]]]]},"properties":{"key":"броварський","name":"Броварський район","source_group":"raion"}},{"id":"бучанський","type":"Feature","geometry":{"type":"MultiPolygon","coordinates":[[[[30.3376,50.4856],[30.3463,50.4963],[30.3346,50.493],[30.3196,50.4957],[30.3209,50.4867],[30.3376,50.4856]]],[[[30.3399,50.3757],[30.3609,50.3612],[30.3613,50.3509],[30.391,50.3686],[30.4123,50.3712],[30.4292,50.3793],[30.4351,50.3759],[30.4421,50.3817],[30.4234,50.3959],[30.3942,50.4057],[30.3664,50.4246],[30.3578,50.4449],[30.3217,50.4424],[30.2814,50.4473],[30.2692,50.4263],[30.2553,50.431],[30.2447,50.4232],[30.2362,50.4268],[30.2461,50.4423],[30.2394,50.4501],[30.2578,50.4698],[30.2491,50.4743],[30.253,50.4867],[30.2628,50.4877],[30.2703,50.4988],[30.2595,50.5098],[30.267,50.5177],[30.3025,50.5334],[30.3045,50.5438],[30.2974,50.5516],[30.3109,50.5551],[30.3265,50.5463],[30.3326,50.5514],[30.327,50.5645],[30.3153,50.5713],[30.286,50.5894],[30.2836,50.599],[30.2937,50.6043],[30.3207,50.5992],[30.3301,50.6019],[30.3165,50.608],[30.3012,50.6099],[30.2973,50.6197],[30.2843,50.6253],[30.275,50.6403],[30.2843,50.6457],[30.2825,50.6632],[30.2964,50.6682],[30.3107,50.6863],[30.2644,50.7066],[30.2644,50.7144],[30.2177,50.7187],[30.1968,50.7129],[30.1497,50.7095],[30.1067,50.7154],[30.104,50.7071],[30.1141,50.7053],[30.1103,50.6911],[30.0805,50.6991],[30.075,50.7081],[30.0434,50.7296],[30.0578,50.7413],[30.0472,50.7548],[30.0499,50.7639],[30.0619,50.7703],[30.0498,50.7728],[29.9989,50.7711],[29.9815,50.7765],[29.9718,50.7755],[29.96,50.7548],[29.9231,50.7544],[29.9169,50.7596],[29.9183,50.7749],[29.9033,50.7786],[29.9083,50.7632],[29.9039,50.7483],[29.8977,50.7509],[29.8864,50.7706],[29.8983,50.7806],[29.8761,50.7893],[29.8731,50.7949],[29.8364,50.7863],[29.8256,50.7764],[29.7803,50.7715],[29.7714,50.7732],[29.7535,50.7663],[29.6493,50.7636],[29.6096,50.7709],[29.6096,50.7817],[29.5996,50.7843],[29.5876,50.7762],[29.5729,50.7751],[29.5728,50.7676],[29.5766,50.7493],[29.5849,50.7467],[29.5804,50.7447],[29.587,50.7387],[29.5915,50.7285],[29.598,50.7293],[29.5861,50.709],[29.5696,50.6955],[29.5433,50.6904],[29.532,50.6742],[29.5296,50.6638],[29.5088,50.6574],[29.5025,50.6612],[29.4822,50.6591],[29.4777,50.6542],[29.4886,50.6467],[29.4673,50.6334],[29.4784,50.6275],[29.4456,50.6202],[29.4747,50.6081],[29.4942,50.5942],[29.4973,50.5794],[29.5033,50.5743],[29.4989,50.5594],[29.5016,50.5494],[29.4861,50.5376],[29.4593,50.5405],[29.4672,50.5282],[29.4608,50.515],[29.5004,50.5038],[29.508,50.4884],[29.5029,50.4849],[29.5115,50.4715],[29.4824,50.4606],[29.4557,50.4717],[29.4463,50.4529],[29.4737,50.4532],[29.4744,50.4497],[29.4977,50.4508],[29.4967,50.4355],[29.4815,50.4203],[29.469,50.4169],[29.4486,50.4208],[29.442,50.417],[29.4564,50.4001],[29.4827,50.405],[29.4793,50.4141],[29.5599,50.4232],[29.5894,50.4018],[29.5908,50.3752],[29.6114,50.3716],[29.6169,50.3654],[29.6309,50.3726],[29.6378,50.3588],[29.6121,50.3414],[29.626,50.3286],[29.6442,50.3234],[29.6743,50.3215],[29.6923,50.3245],[29.6898,50.3145],[29.717,50.3159],[29.7645,50.3441],[29.7654,50.3552],[29.7968,50.3194],[29.8124,50.3079],[29.88,50.3001],[29.892,50.3037],[29.9099,50.3031],[29.9095,50.3168],[29.925,50.3186],[29.9207,50.3423],[29.9446,50.338],[29.9855,50.3491],[29.9859,50.3684],[29.9964,50.3871],[29.9859,50.3911],[29.9679,50.4085],[29.9959,50.4042],[29.9954,50.3998],[30.0262,50.3953],[30.0343,50.3779],[30.0564,50.3761],[30.0644,50.3671],[30.0812,50.3577],[30.0661,50.3568],[30.0634,50.3477],[30.0779,50.3297],[30.0883,50.3256],[30.1142,50.3457],[30.1318,50.3493],[30.1512,50.3461],[30.1643,50.3503],[30.2174,50.3363],[30.2419,50.3177],[30.2455,50.3371],[30.2656,50.3503],[30.2728,50.3476],[30.2948,50.3573],[30.3064,50.3502],[30.3399,50.3757]]]]},"properties":{"key":"бучанський","name":"Бучанський район","source_group":"raion"}},{"id":"вараський","type":"Feature","geometry":{"type":"MultiPolygon","coordinates":[[[[26.2756,51.2528],[26.2583,51.2547],[26.2488,51.2676],[26.2368,51.2649],[26.2108,51.2697],[26.2145,51.2836],[26.1933,51.2907],[26.1845,51.2986],[26.1929,51.3092],[26.2057,51.3115],[26.209,51.3301],[26.2289,51.3235],[26.2331,51.3324],[26.2412,51.3318],[26.2383,51.3217],[26.2363,51.319],[26.2265,51.3138],[26.2438,51.3035],[26.2304,51.2966],[26.2525,51.301],[26.3173,51.3069],[26.3659,51.3236],[26.338,51.3292],[26.3295,51.3483],[26.3362,51.3519],[26.3385,51.357],[26.3579,51.3567],[26.3705,51.3646],[26.3721,51.3731],[26.4261,51.3864],[26.4254,51.3892],[26.4272,51.3928],[26.4391,51.3941],[26.4449,51.4008],[26.443,51.4017],[26.4481,51.4066],[26.4446,51.4081],[26.4445,51.423],[26.4276,51.4293],[26.3783,51.4206],[26.3638,51.4372],[26.3562,51.455],[26.3594,51.4647],[26.3119,51.4604],[26.3041,51.4554],[26.2859,51.4715],[26.3054,51.4802],[26.3185,51.4798],[26.3208,51.4914],[26.3055,51.4926],[26.3152,51.4984],[26.2869,51.512],[26.2656,51.5282],[26.2531,51.5325],[26.2264,51.5489],[26.2424,51.5538],[26.2971,51.5559],[26.3139,51.5807],[26.2903,51.5853],[26.2751,51.6092],[26.302,51.6388],[26.259,51.6618],[26.2393,51.6707],[26.2185,51.6752],[26.2067,51.667],[26.199,51.6705],[26.1976,51.6891],[26.1792,51.6833],[26.1666,51.6896],[26.19,51.7028],[26.1956,51.7011],[26.2221,51.7251],[26.2262,51.7232],[26.2421,51.7346],[26.2765,51.7256],[26.2938,51.713],[26.3352,51.7079],[26.3473,51.7087],[26.3381,51.7337],[26.3202,51.7374],[26.3247,51.7493],[26.3426,51.7518],[26.3447,51.767],[26.3596,51.7688],[26.3982,51.7639],[26.4188,51.7706],[26.4383,51.7602],[26.4685,51.7876],[26.469,51.8131],[26.4404,51.8181],[26.4288,51.8327],[26.3962,51.8316],[26.3942,51.8774],[26.3718,51.8629],[26.3305,51.8645],[26.3045,51.8602],[26.2897,51.8687],[26.2752,51.8705],[26.22,51.8706],[26.2165,51.8673],[26.1912,51.863],[26.1758,51.8699],[26.1552,51.8662],[26.1557,51.8791],[26.1405,51.8749],[26.1291,51.8844],[26.126,51.8933],[26.1043,51.8997],[26.0936,51.9123],[26.048,51.9136],[26.0432,51.9259],[26.0023,51.9305],[25.9976,51.9333],[25.9757,51.9269],[25.9461,51.9218],[25.9345,51.9147],[25.9114,51.9157],[25.8696,51.9212],[25.8618,51.9249],[25.8281,51.9244],[25.8178,51.9279],[25.8261,51.9419],[25.8085,51.9461],[25.7821,51.9451],[25.7796,51.95],[25.7657,51.9495],[25.7812,51.9223],[25.7603,51.9245],[25.7069,51.9164],[25.5917,51.9244],[25.5965,51.9155],[25.6242,51.9066],[25.6311,51.9016],[25.6757,51.9028],[25.705,51.8959],[25.689,51.8804],[25.6596,51.8704],[25.6588,51.863],[25.6413,51.8531],[25.6377,51.837],[25.6471,51.8292],[25.6465,51.8169],[25.6347,51.8138],[25.6289,51.8041],[25.6463,51.7949],[25.6601,51.783],[25.6511,51.767],[25.6584,51.7635],[25.6701,51.771],[25.6797,51.7554],[25.6713,51.7385],[25.6617,51.73],[25.6631,51.7188],[25.645,51.7072],[25.6454,51.6931],[25.6344,51.6873],[25.6387,51.6809],[25.6251,51.6706],[25.6241,51.6635],[25.6061,51.6419],[25.5885,51.6449],[25.5773,51.6241],[25.5644,51.6256],[25.5686,51.6331],[25.5323,51.6319],[25.5307,51.6142],[25.5558,51.6225],[25.5635,51.6033],[25.5823,51.6048],[25.586,51.5943],[25.6025,51.5831],[25.5955,51.5627],[25.5853,51.5628],[25.5724,51.556],[25.5632,51.5409],[25.5942,51.5293],[25.5956,51.5227],[25.5519,51.5129],[25.5568,51.5003],[25.6086,51.5064],[25.6009,51.493],[25.6203,51.4928],[25.6166,51.4763],[25.6418,51.4803],[25.6444,51.4433],[25.6356,51.4385],[25.6433,51.4181],[25.6565,51.4135],[25.6708,51.414],[25.684,51.4077],[25.6918,51.3921],[25.703,51.3938],[25.705,51.3849],[25.7196,51.3815],[25.7166,51.3892],[25.7258,51.4002],[25.7596,51.4005],[25.7558,51.3812],[25.7782,51.3733],[25.7915,51.379],[25.8058,51.3759],[25.8311,51.3873],[25.8442,51.3757],[25.8262,51.3653],[25.8216,51.3459],[25.8305,51.3337],[25.8413,51.3296],[25.8506,51.3183],[25.8795,51.3118],[25.8748,51.3044],[25.8857,51.3046],[25.8863,51.2984],[25.8979,51.3002],[25.8945,51.2919],[25.903,51.2926],[25.9168,51.2833],[25.9375,51.2775],[25.9306,51.2616],[25.9459,51.2488],[25.9461,51.2331],[25.9983,51.2269],[26.0579,51.1863],[26.0714,51.1959],[26.1041,51.2024],[26.1121,51.2089],[26.1264,51.2124],[26.134,51.2194],[26.1565,51.2324],[26.262,51.2351],[26.2756,51.2528]]]]},"properties":{"key":"вараський","name":"Вараський район","source_group":"raion"}},{"id":"василівський","type":"Feature","geometry":{"type":"MultiPolygon","coordinates":[[[[34.5165,47.1194],[34.5488,47.1223],[34.5431,47.1587],[34.5943,47.1635],[34.6009,47.1347],[34.719,47.1453],[34.7197,47.1525],[34.8127,47.1606],[34.8301,47.1717],[34.8571,47.154],[34.8508,47.1428],[34.8726,47.1452],[34.8748,47.1334],[34.9555,47.1414],[34.9637,47.078],[35.0251,47.0825],[35.0256,47.0787],[35.066,47.0834],[35.0637,47.0915],[35.104,47.0957],[35.1057,47.088],[35.1404,47.0899],[35.1499,47.1157],[35.1767,47.1186],[35.1811,47.1282],[35.1751,47.1508],[35.2073,47.1545],[35.2103,47.1454],[35.2218,47.1466],[35.2252,47.133],[35.2666,47.1386],[35.2842,47.1753],[35.3216,47.1753],[35.3235,47.202],[35.3832,47.179],[35.3933,47.2014],[35.4477,47.1849],[35.4435,47.1739],[35.4917,47.1608],[35.5066,47.1971],[35.4896,47.2009],[35.5112,47.2341],[35.5043,47.2371],[35.5118,47.2494],[35.5231,47.2451],[35.5525,47.2748],[35.5764,47.2662],[35.5852,47.2785],[35.5733,47.2832],[35.5947,47.3066],[35.6036,47.3122],[35.5763,47.333],[35.609,47.3688],[35.6588,47.4158],[35.6816,47.4335],[35.6734,47.4378],[35.6262,47.4385],[35.5867,47.4431],[35.5791,47.4802],[35.5619,47.547],[35.5494,47.6071],[35.4576,47.6045],[35.4695,47.6184],[35.4302,47.6182],[35.4284,47.6385],[35.4006,47.639],[35.4,47.6561],[35.362,47.6551],[35.3482,47.6592],[35.3344,47.6784],[35.2958,47.6597],[35.2781,47.6446],[35.2823,47.6062],[35.2988,47.582],[35.3092,47.5776],[35.3294,47.5777],[35.3232,47.5712],[35.3303,47.5602],[35.3328,47.5456],[35.3506,47.5439],[35.367,47.5376],[35.3426,47.5373],[35.3245,47.5173],[35.2974,47.5114],[35.2775,47.5014],[35.2748,47.4962],[35.2798,47.4779],[35.2867,47.473],[35.2728,47.4556],[35.2854,47.4499],[35.3059,47.4471],[35.2881,47.446],[35.2686,47.452],[35.2673,47.4743],[35.2035,47.4458],[35.1459,47.4458],[35.1211,47.4513],[35.0652,47.4502],[35.048,47.4382],[35.0356,47.4229],[35.012,47.4075],[34.967,47.3891],[34.9468,47.3897],[34.9155,47.3951],[34.8831,47.4042],[34.8605,47.4212],[34.8709,47.4366],[34.8736,47.4485],[34.8625,47.448],[34.8331,47.4565],[34.8213,47.4635],[34.7996,47.4654],[34.767,47.4769],[34.7485,47.4913],[34.7392,47.4888],[34.7219,47.4911],[34.7049,47.4885],[34.6837,47.4903],[34.6826,47.5063],[34.6712,47.5091],[34.6729,47.5158],[34.6516,47.532],[34.6461,47.5408],[34.6318,47.5449],[34.612,47.5422],[34.5973,47.5331],[34.5805,47.5161],[34.5713,47.5223],[34.5404,47.5294],[34.5305,47.5264],[34.5203,47.5147],[34.4967,47.498],[34.4224,47.4984],[34.399,47.5015],[34.3823,47.5111],[34.3711,47.504],[34.3901,47.5029],[34.3678,47.4907],[34.3618,47.4823],[34.3462,47.4771],[34.3385,47.4652],[34.3417,47.4497],[34.326,47.4365],[34.2927,47.4238],[34.2794,47.4341],[34.2634,47.4344],[34.2457,47.4267],[34.2569,47.394],[34.2521,47.3907],[34.261,47.3604],[34.2723,47.3619],[34.2812,47.3332],[34.2927,47.2745],[34.3058,47.2682],[34.3301,47.2904],[34.3582,47.2941],[34.3696,47.2839],[34.4024,47.2877],[34.4,47.2985],[34.4199,47.3008],[34.4145,47.3231],[34.4942,47.3333],[34.5001,47.3378],[34.5131,47.3362],[34.5074,47.3253],[34.5141,47.3183],[34.4798,47.3151],[34.4883,47.2804],[34.5177,47.2835],[34.5229,47.2672],[34.5274,47.2677],[34.5302,47.251],[34.4918,47.247],[34.5165,47.1194]]]]},"properties":{"key":"василівський","name":"Василівський район","source_group":"raion"}},{"id":"верховинський","type":"Feature","geometry":{"type":"MultiPolygon","coordinates":[[[[24.5646,47.9707],[24.5828,47.965],[24.6016,47.945],[24.6105,47.9516],[24.6251,47.9514],[24.6366,47.9297],[24.6351,47.9242],[24.6515,47.9191],[24.6524,47.9108],[24.6609,47.909],[24.673,47.8965],[24.6661,47.8777],[24.6709,47.8652],[24.685,47.8575],[24.7027,47.853],[24.7062,47.8398],[24.7202,47.8391],[24.7334,47.844],[24.7532,47.8297],[24.7637,47.839],[24.778,47.8372],[24.7845,47.8235],[24.7918,47.8249],[24.8277,47.8207],[24.8219,47.8065],[24.8358,47.7953],[24.8361,47.7805],[24.8518,47.7749],[24.8564,47.7646],[24.8781,47.7529],[24.883,47.7243],[24.9215,47.7262],[24.9266,47.7502],[24.9363,47.7594],[24.942,47.7823],[24.9487,47.7975],[24.9565,47.801],[24.9742,47.8247],[24.9805,47.8261],[24.9961,47.8572],[24.9811,47.8598],[24.9848,47.8672],[24.9709,47.8761],[24.9594,47.8777],[24.9549,47.8877],[24.9486,47.8945],[24.9494,47.9033],[24.9596,47.9088],[24.9565,47.9186],[24.948,47.9223],[24.9469,47.9276],[24.9427,47.9307],[24.9333,47.9357],[24.9251,47.9378],[24.918,47.9485],[24.9099,47.9939],[24.9117,48.001],[24.9196,48.0112],[24.9124,48.014],[24.9108,48.0194],[24.9117,48.0282],[24.9199,48.0313],[24.9334,48.0403],[24.9408,48.0503],[24.9739,48.0753],[24.9853,48.0791],[24.9932,48.0922],[24.9791,48.1086],[24.9796,48.1121],[24.9821,48.1144],[24.9985,48.1207],[25.0291,48.1103],[25.0391,48.1156],[25.0366,48.1257],[25.0438,48.1297],[25.0654,48.1324],[25.0726,48.1469],[25.0661,48.1588],[25.0886,48.1608],[25.0436,48.1803],[25.0382,48.1902],[25.0214,48.2011],[24.9992,48.203],[24.9884,48.1975],[24.9677,48.2101],[24.971,48.2157],[24.9546,48.2252],[24.9509,48.217],[24.932,48.213],[24.9189,48.2154],[24.9022,48.1955],[24.8882,48.2029],[24.8864,48.2094],[24.8517,48.2234],[24.846,48.2296],[24.8371,48.2253],[24.824,48.2293],[24.7893,48.2242],[24.7745,48.234],[24.7776,48.249],[24.7667,48.254],[24.759,48.2664],[24.749,48.2619],[24.7359,48.2734],[24.7342,48.2794],[24.6853,48.2692],[24.6757,48.2703],[24.6653,48.2555],[24.6712,48.2443],[24.6822,48.2359],[24.6673,48.2241],[24.6647,48.2145],[24.645,48.1963],[24.6372,48.1827],[24.6461,48.1676],[24.6335,48.1594],[24.6124,48.1558],[24.6082,48.1637],[24.5892,48.1452],[24.578,48.1404],[24.5547,48.1187],[24.5591,48.1141],[24.5597,48.1053],[24.5728,48.1024],[24.5857,48.0925],[24.5971,48.0864],[24.602,48.081],[24.6048,48.0751],[24.6239,48.0604],[24.6277,48.0467],[24.6109,48.0375],[24.5967,48.0346],[24.5782,48.0196],[24.5722,47.9993],[24.5652,47.996],[24.5646,47.9707]]]]},"properties":{"key":"верховинський","name":"Верховинський район","source_group":"raion"}},{"id":"вижницький","type":"Feature","geometry":{"type":"MultiPolygon","coordinates":[[[[24.9215,47.7262],[24.9467,47.7294],[24.9842,47.7295],[24.9967,47.7253],[25.0048,47.7361],[25.04,47.7273],[25.0524,47.7481],[25.0637,47.7404],[25.1028,47.7535],[25.1156,47.755],[25.1168,47.7688],[25.1491,47.7924],[25.1669,47.7917],[25.171,47.7968],[25.1666,47.809],[25.177,47.814],[25.1802,47.8258],[25.1969,47.834],[25.2005,47.849],[25.2216,47.859],[25.2228,47.881],[25.2292,47.8923],[25.2423,47.8961],[25.2699,47.8925],[25.3113,47.9143],[25.3348,47.9128],[25.3468,47.9162],[25.4434,47.9265],[25.4231,47.9394],[25.4096,47.9422],[25.3605,47.9682],[25.3458,47.9796],[25.3666,48.0095],[25.3603,48.0202],[25.344,48.0266],[25.3304,48.0355],[25.3296,48.0483],[25.3374,48.0564],[25.3451,48.0524],[25.3707,48.0699],[25.3784,48.0812],[25.3787,48.0933],[25.3665,48.1007],[25.3865,48.1142],[25.4116,48.123],[25.4484,48.1204],[25.47,48.1162],[25.4741,48.1212],[25.4678,48.129],[25.471,48.1419],[25.4642,48.1577],[25.4663,48.1637],[25.4567,48.1685],[25.4562,48.183],[25.4654,48.1918],[25.4607,48.2006],[25.4681,48.2094],[25.4731,48.2362],[25.4788,48.2499],[25.488,48.2562],[25.5112,48.2518],[25.5202,48.2654],[25.5419,48.2603],[25.5585,48.2522],[25.5728,48.2524],[25.5802,48.2606],[25.5974,48.2573],[25.6089,48.2821],[25.6121,48.2975],[25.6388,48.3108],[25.6476,48.3118],[25.6582,48.325],[25.6475,48.3341],[25.6638,48.3498],[25.6623,48.3576],[25.6395,48.3716],[25.6246,48.3775],[25.6177,48.383],[25.6,48.3758],[25.5808,48.3776],[25.5622,48.3834],[25.5434,48.3854],[25.5278,48.3953],[25.4986,48.4013],[25.4788,48.3987],[25.4444,48.4008],[25.4334,48.3951],[25.4007,48.3941],[25.3772,48.3893],[25.3579,48.3833],[25.3178,48.3677],[25.2911,48.3471],[25.2782,48.3399],[25.275,48.3291],[25.2644,48.3303],[25.2553,48.3229],[25.2562,48.318],[25.2425,48.3143],[25.2273,48.2893],[25.2201,48.2856],[25.1983,48.2642],[25.191,48.2541],[25.1736,48.246],[25.1458,48.2461],[25.1077,48.2249],[25.1183,48.2199],[25.1137,48.2121],[25.1396,48.1951],[25.1353,48.1807],[25.1256,48.179],[25.1125,48.185],[25.0944,48.1851],[25.0846,48.1811],[25.0831,48.1712],[25.0922,48.1645],[25.0886,48.1608],[25.0661,48.1588],[25.0726,48.1469],[25.0654,48.1324],[25.0438,48.1297],[25.0366,48.1257],[25.0391,48.1156],[25.0291,48.1103],[24.9985,48.1207],[24.9882,48.1178],[24.9801,48.1127],[24.9791,48.1086],[24.9932,48.0922],[24.9853,48.0791],[24.9739,48.0753],[24.9408,48.0503],[24.9334,48.0403],[24.9199,48.0313],[24.9122,48.0286],[24.9107,48.0214],[24.9124,48.014],[24.9196,48.0112],[24.9117,48.001],[24.9099,47.9939],[24.918,47.9485],[24.9251,47.9378],[24.9333,47.9357],[24.9464,47.9281],[24.948,47.9223],[24.9565,47.9186],[24.9596,47.9088],[24.9487,47.9032],[24.9486,47.8945],[24.9549,47.8877],[24.9594,47.8777],[24.9709,47.8761],[24.9848,47.8672],[24.9811,47.8598],[24.9961,47.8572],[24.9805,47.8261],[24.9742,47.8247],[24.9565,47.801],[24.9487,47.7975],[24.942,47.7823],[24.9363,47.7594],[24.9266,47.7502],[24.9215,47.7262]]]]},"properties":{"key":"вижницький","name":"Вижницький район","source_group":"raion"}},{"id":"вишгородський","type":"Feature","geometry":{"type":"MultiPolygon","coordinates":[[[[30.3153,50.5713],[30.3395,50.5739],[30.3705,50.5735],[30.3708,50.5865],[30.4463,50.5858],[30.4629,50.5845],[30.4645,50.5717],[30.4817,50.5723],[30.4937,50.5668],[30.5136,50.5768],[30.5218,50.5733],[30.5438,50.551],[30.5695,50.5464],[30.5576,50.5583],[30.5734,50.5603],[30.5933,50.5713],[30.5736,50.5828],[30.5761,50.5855],[30.5965,50.5925],[30.6124,50.5861],[30.6411,50.5951],[30.6418,50.6001],[30.6288,50.6037],[30.6271,50.6099],[30.647,50.6114],[30.6487,50.6219],[30.6609,50.6439],[30.6725,50.6538],[30.6997,50.6575],[30.6992,50.6615],[30.6781,50.6724],[30.6778,50.6892],[30.6734,50.7137],[30.7095,50.7229],[30.7393,50.7653],[30.7467,50.7737],[30.7395,50.7706],[30.7379,50.7803],[30.7463,50.7914],[30.743,50.7949],[30.7424,50.8073],[30.7315,50.8164],[30.7448,50.8185],[30.7557,50.8101],[30.7697,50.8144],[30.7674,50.8257],[30.7793,50.8319],[30.771,50.8513],[30.7757,50.8623],[30.7711,50.8734],[30.7376,50.8867],[30.7324,50.8952],[30.7144,50.8992],[30.6834,50.9009],[30.6612,50.9516],[30.6471,50.9634],[30.6504,50.9856],[30.641,51.0028],[30.6239,51.0093],[30.6037,51.0101],[30.6017,51.0266],[30.5024,51.0217],[30.494,51.0489],[30.5085,51.0654],[30.5097,51.0725],[30.4869,51.0901],[30.4901,51.0978],[30.5168,51.1029],[30.5176,51.1114],[30.4985,51.1267],[30.4918,51.1387],[30.4906,51.1668],[30.5019,51.1764],[30.5256,51.174],[30.54,51.1804],[30.5208,51.1848],[30.5155,51.1897],[30.5303,51.204],[30.5029,51.2258],[30.5107,51.2321],[30.5303,51.2353],[30.5466,51.2295],[30.5587,51.2365],[30.5553,51.2503],[30.5427,51.2557],[30.5399,51.2626],[30.5061,51.2806],[30.4643,51.2747],[30.4539,51.282],[30.4672,51.291],[30.4599,51.2995],[30.4625,51.3065],[30.4417,51.3084],[30.4214,51.3045],[30.3988,51.312],[30.3484,51.3484],[30.3338,51.3533],[30.3235,51.3617],[30.3593,51.3795],[30.3444,51.4243],[30.3331,51.4258],[30.2882,51.4631],[30.2709,51.4694],[30.2452,51.4854],[30.214,51.4936],[30.1787,51.5132],[30.1665,51.509],[30.1623,51.489],[30.1371,51.4996],[30.1306,51.5062],[30.1189,51.505],[30.1258,51.4898],[30.1183,51.4877],[30.0798,51.4968],[30.0494,51.4976],[30.0325,51.5034],[30.0153,51.5046],[30.0173,51.4961],[30.0105,51.4897],[29.9907,51.4814],[29.9725,51.4834],[29.9686,51.4742],[29.9523,51.4741],[29.9469,51.483],[29.9265,51.4899],[29.8942,51.4846],[29.8812,51.4762],[29.8876,51.4712],[29.8759,51.4563],[29.8748,51.4436],[29.8501,51.449],[29.8433,51.4568],[29.8142,51.4495],[29.8088,51.4597],[29.7907,51.4583],[29.7933,51.4424],[29.7621,51.4506],[29.7399,51.4594],[29.7263,51.491],[29.745,51.4943],[29.7382,51.5093],[29.7432,51.5124],[29.7368,51.5304],[29.7077,51.5259],[29.7085,51.521],[29.671,51.5107],[29.6687,51.5023],[29.6547,51.5059],[29.6406,51.4988],[29.6348,51.5056],[29.6225,51.495],[29.6075,51.492],[29.6085,51.4709],[29.5812,51.4608],[29.542,51.481],[29.5371,51.4812],[29.5319,51.4633],[29.5147,51.4468],[29.5218,51.4365],[29.5068,51.4128],[29.5005,51.3955],[29.4817,51.3976],[29.4241,51.4139],[29.3942,51.4088],[29.3754,51.401],[29.3668,51.391],[29.3571,51.3877],[29.3576,51.376],[29.3935,51.3799],[29.3924,51.3454],[29.3965,51.3213],[29.3543,51.2746],[29.3294,51.2712],[29.3325,51.278],[29.3016,51.2734],[29.2666,51.2641],[29.2902,51.2034],[29.3032,51.1628],[29.3169,51.1313],[29.3293,51.1252],[29.3303,51.1571],[29.3494,51.16],[29.4291,51.1236],[29.4596,51.0884],[29.4971,51.0712],[29.5111,51.0605],[29.4724,51.0305],[29.4641,51.0172],[29.4666,50.9867],[29.4743,50.9787],[29.4403,50.9874],[29.4131,50.9853],[29.4122,50.9487],[29.436,50.9455],[29.4675,50.9256],[29.4746,50.9141],[29.471,50.9029],[29.4899,50.8889],[29.5009,50.8875],[29.5146,50.8795],[29.5216,50.8696],[29.4991,50.8389],[29.5294,50.8245],[29.5432,50.829],[29.5497,50.8132],[29.5039,50.8185],[29.49,50.8115],[29.498,50.8004],[29.5234,50.7911],[29.5061,50.7849],[29.5106,50.7748],[29.4775,50.7741],[29.505,50.7652],[29.5176,50.7717],[29.5436,50.7758],[29.5543,50.7712],[29.5699,50.7718],[29.5729,50.7751],[29.5876,50.7762],[29.5996,50.7843],[29.6096,50.7817],[29.6096,50.7709],[29.6493,50.7636],[29.7535,50.7663],[29.7714,50.7732],[29.7803,50.7715],[29.8256,50.7764],[29.8364,50.7863],[29.8731,50.7949],[29.8761,50.7893],[29.8983,50.7806],[29.8864,50.7706],[29.8977,50.7509],[29.9039,50.7483],[29.9083,50.7632],[29.9033,50.7786],[29.9183,50.7749],[29.9169,50.7596],[29.9231,50.7544],[29.96,50.7548],[29.9718,50.7755],[29.9815,50.7765],[29.9989,50.7711],[30.0498,50.7728],[30.0619,50.7703],[30.0499,50.7639],[30.0472,50.7548],[30.0578,50.7413],[30.0434,50.7296],[30.075,50.7081],[30.0805,50.6991],[30.1103,50.6911],[30.1141,50.7053],[30.104,50.7071],[30.1067,50.7154],[30.1497,50.7095],[30.1968,50.7129],[30.2177,50.7187],[30.2644,50.7144],[30.2644,50.7066],[30.3107,50.6863],[30.2964,50.6682],[30.2825,50.6632],[30.2843,50.6457],[30.275,50.6403],[30.2843,50.6253],[30.2973,50.6197],[30.3012,50.6099],[30.3165,50.608],[30.3301,50.6019],[30.3207,50.5992],[30.2937,50.6043],[30.2836,50.599],[30.286,50.5894],[30.3153,50.5713]]],[[[30.7784,51.5389],[30.7373,51.542],[30.735,51.5484],[30.7022,51.554],[30.6973,51.5306],[30.6694,51.5312],[30.6539,51.5247],[30.6646,51.5189],[30.698,51.5209],[30.7782,51.5123],[30.7784,51.5389]]]]},"properties":{"key":"вишгородський","name":"Вишгородський район","source_group":"raion"}},{"id":"вінницький","type":"Feature","geometry":{"type":"MultiPolygon","coordinates":[[[[28.3533,48.8264],[28.3604,48.8396],[28.379,48.8457],[28.3759,48.862],[28.3808,48.869],[28.3983,48.8643],[28.3979,48.8711],[28.4221,48.8671],[28.4407,48.8607],[28.4402,48.8704],[28.4562,48.8672],[28.4659,48.8544],[28.4866,48.8524],[28.4887,48.8455],[28.5209,48.8408],[28.5312,48.8432],[28.5322,48.8552],[28.5214,48.8784],[28.539,48.8924],[28.556,48.8956],[28.5596,48.8875],[28.5962,48.8809],[28.6003,48.893],[28.6272,48.9333],[28.6445,48.9282],[28.6407,48.9189],[28.6481,48.913],[28.6388,48.9074],[28.6333,48.895],[28.6558,48.8886],[28.6669,48.8708],[28.7077,48.8749],[28.7142,48.8657],[28.7287,48.859],[28.7448,48.8624],[28.7495,48.8713],[28.7595,48.8613],[28.7653,48.8629],[28.7513,48.876],[28.7726,48.8938],[28.7916,48.9031],[28.8037,48.9004],[28.8105,48.8727],[28.826,48.875],[28.8245,48.8504],[28.8306,48.8461],[28.8442,48.8531],[28.8721,48.8492],[28.9001,48.8331],[28.9067,48.8371],[28.8952,48.8528],[28.9226,48.8559],[28.906,48.8832],[28.9189,48.8877],[28.9042,48.9054],[28.9374,48.9138],[28.9687,48.9036],[28.9858,48.9043],[29.0086,48.9295],[29.0097,48.9475],[29.048,48.9555],[29.0623,48.9611],[29.0622,48.9711],[29.0487,48.9732],[29.0662,49.0017],[29.1111,48.9964],[29.1378,48.9824],[29.1687,48.9699],[29.1743,48.9564],[29.1979,48.9676],[29.2045,48.9763],[29.2208,48.9842],[29.2397,48.9843],[29.252,48.9765],[29.2667,48.9839],[29.3119,49.0147],[29.3368,49.013],[29.36,49.0253],[29.3476,49.0416],[29.3592,49.0434],[29.375,49.0558],[29.3925,49.0533],[29.4081,49.045],[29.4182,49.0572],[29.4058,49.0717],[29.4065,49.0853],[29.4216,49.0874],[29.4219,49.0933],[29.4632,49.114],[29.4696,49.1232],[29.4641,49.128],[29.4865,49.1238],[29.4797,49.1123],[29.4958,49.1066],[29.506,49.1171],[29.5205,49.1148],[29.5386,49.0854],[29.544,49.0704],[29.5495,49.0703],[29.5429,49.0489],[29.584,49.048],[29.5992,49.0459],[29.5999,49.0525],[29.6073,49.0573],[29.6151,49.0562],[29.6297,49.0464],[29.64,49.0534],[29.6354,49.0611],[29.6516,49.0966],[29.6885,49.088],[29.6792,49.1097],[29.6912,49.1167],[29.7339,49.1225],[29.7317,49.1321],[29.7192,49.1317],[29.7122,49.1415],[29.71,49.1547],[29.718,49.1566],[29.7152,49.1706],[29.7191,49.1842],[29.7274,49.1827],[29.7261,49.2025],[29.7104,49.2073],[29.7038,49.2243],[29.7258,49.2208],[29.7349,49.2289],[29.7226,49.2314],[29.7157,49.2411],[29.7195,49.2466],[29.7089,49.2626],[29.693,49.255],[29.6891,49.2368],[29.6621,49.2504],[29.6455,49.2462],[29.6122,49.2659],[29.6216,49.2745],[29.6064,49.2994],[29.6178,49.3062],[29.6015,49.3151],[29.5731,49.3241],[29.5369,49.324],[29.5218,49.3375],[29.5238,49.3477],[29.518,49.3626],[29.5032,49.371],[29.5051,49.395],[29.5399,49.4008],[29.575,49.4284],[29.572,49.4336],[29.5928,49.444],[29.5883,49.4547],[29.5614,49.4627],[29.5456,49.4849],[29.5577,49.4972],[29.5836,49.4953],[29.5843,49.5065],[29.5696,49.5039],[29.5502,49.5193],[29.5417,49.5218],[29.5385,49.5423],[29.5311,49.5639],[29.4993,49.5944],[29.4989,49.601],[29.5124,49.613],[29.5091,49.6192],[29.5369,49.6359],[29.5209,49.6414],[29.5205,49.6457],[29.4851,49.6538],[29.4822,49.6493],[29.4311,49.6625],[29.425,49.6521],[29.4083,49.6595],[29.396,49.648],[29.3799,49.6193],[29.3529,49.6278],[29.3396,49.6153],[29.325,49.6282],[29.275,49.6273],[29.2746,49.5897],[29.2534,49.5891],[29.2417,49.6045],[29.2195,49.5898],[29.2023,49.5934],[29.1866,49.5876],[29.1514,49.5937],[29.1172,49.5841],[29.105,49.5939],[29.0606,49.5929],[29.0472,49.5941],[29.0278,49.5906],[28.9922,49.5965],[28.985,49.6033],[28.9767,49.5527],[28.99,49.5386],[29.0048,49.5284],[28.9686,49.5057],[29.0008,49.4843],[29.0025,49.4736],[28.9837,49.4685],[28.9764,49.4608],[28.9633,49.4649],[28.957,49.4532],[28.9638,49.4481],[28.8908,49.4461],[28.8747,49.4615],[28.8629,49.4684],[28.8525,49.4586],[28.8678,49.4517],[28.8825,49.4406],[28.8021,49.4286],[28.7964,49.4383],[28.7879,49.4369],[28.7797,49.4224],[28.7649,49.433],[28.716,49.4256],[28.685,49.4193],[28.645,49.4287],[28.6302,49.4204],[28.6194,49.404],[28.6436,49.3846],[28.6551,49.3813],[28.6924,49.3491],[28.6781,49.3349],[28.6689,49.335],[28.6472,49.3445],[28.6143,49.3494],[28.6051,49.356],[28.5934,49.3525],[28.5912,49.3443],[28.5741,49.3489],[28.5551,49.3618],[28.5453,49.3634],[28.5373,49.3725],[28.5197,49.3784],[28.4892,49.3817],[28.4935,49.3932],[28.4754,49.4012],[28.4487,49.3835],[28.4501,49.3693],[28.442,49.3693],[28.4202,49.3563],[28.4125,49.3653],[28.4024,49.3575],[28.4063,49.3489],[28.3911,49.3485],[28.3832,49.3605],[28.3695,49.3709],[28.3648,49.3827],[28.3476,49.3861],[28.337,49.3955],[28.3164,49.4],[28.2984,49.3987],[28.2944,49.4128],[28.2973,49.4228],[28.2627,49.4379],[28.2566,49.4319],[28.2512,49.439],[28.2227,49.4326],[28.218,49.4374],[28.2056,49.4348],[28.169,49.4463],[28.1503,49.4459],[28.142,49.4609],[28.1332,49.4646],[28.1018,49.4587],[28.0798,49.4594],[28.0792,49.4651],[28.0548,49.4696],[28.0496,49.4525],[28.026,49.4504],[28.0114,49.4574],[28.0102,49.4505],[27.9874,49.4551],[27.9823,49.4732],[27.9688,49.4712],[27.9669,49.4562],[27.99,49.4402],[27.9967,49.4099],[27.9689,49.412],[27.9431,49.4255],[27.9206,49.4295],[27.8807,49.4118],[27.863,49.4142],[27.8487,49.4213],[27.8319,49.4074],[27.8324,49.3912],[27.8108,49.3877],[27.8177,49.3751],[27.8286,49.3749],[27.8287,49.3681],[27.8119,49.3683],[27.8141,49.3548],[27.8395,49.3493],[27.8584,49.3263],[27.8527,49.3108],[27.8644,49.2968],[27.8505,49.2655],[27.8571,49.2624],[27.8595,49.2532],[27.871,49.2485],[27.8707,49.2437],[27.8553,49.2372],[27.8687,49.2137],[27.8771,49.2132],[27.8835,49.2158],[27.8883,49.2141],[27.9173,49.2308],[27.9373,49.2352],[27.9467,49.2498],[27.9682,49.2529],[27.9752,49.2609],[27.9918,49.2614],[28.0282,49.2532],[28.0297,49.2598],[28.0806,49.2533],[28.0847,49.2387],[28.0946,49.2353],[28.1139,49.2374],[28.1214,49.2317],[28.1082,49.2299],[28.103,49.2193],[28.107,49.1978],[28.0925,49.1949],[28.1029,49.1884],[28.1205,49.1845],[28.1364,49.1724],[28.1567,49.1748],[28.1685,49.1804],[28.1862,49.1755],[28.1533,49.1619],[28.174,49.1437],[28.1882,49.1435],[28.2098,49.1315],[28.2074,49.1167],[28.2298,49.1078],[28.2306,49.0836],[28.234,49.0797],[28.2103,49.082],[28.191,49.0803],[28.1994,49.0727],[28.1897,49.0639],[28.217,49.0439],[28.2057,49.0276],[28.2362,49.0132],[28.2203,49.0042],[28.2302,48.9919],[28.2375,48.9977],[28.2494,48.9926],[28.2621,48.9993],[28.2693,48.9962],[28.2834,49.0024],[28.2917,48.9981],[28.2861,48.992],[28.2961,48.9862],[28.284,48.9843],[28.2919,48.9752],[28.2834,48.9695],[28.2835,48.9593],[28.2707,48.9364],[28.2716,48.9278],[28.2557,48.9264],[28.2751,48.9096],[28.2812,48.9121],[28.2946,48.8921],[28.2917,48.8883],[28.3047,48.8831],[28.2933,48.8796],[28.2881,48.8706],[28.2976,48.8625],[28.315,48.8401],[28.3439,48.8245],[28.3533,48.8264]]]]},"properties":{"key":"вінницький","name":"Вінницький район","source_group":"raion"}},{"id":"вознесенський","type":"Feature","geometry":{"type":"MultiPolygon","coordinates":[[[[31.2727,47.158],[31.2882,47.1602],[31.2943,47.1454],[31.3074,47.1429],[31.361,47.1423],[31.3824,47.1459],[31.3548,47.2327],[31.3238,47.2369],[31.3228,47.2402],[31.3694,47.2453],[31.3691,47.2522],[31.4136,47.257],[31.4215,47.2528],[31.4061,47.3006],[31.4456,47.3032],[31.5021,47.2959],[31.5513,47.2801],[31.5842,47.2934],[31.5776,47.3028],[31.6569,47.3334],[31.6631,47.3381],[31.6355,47.3484],[31.6091,47.3714],[31.5925,47.3787],[31.5926,47.3904],[31.6175,47.397],[31.6163,47.4053],[31.5922,47.4262],[31.6028,47.4398],[31.65,47.4458],[31.6536,47.435],[31.7207,47.4438],[31.7271,47.4513],[31.7184,47.4557],[31.7277,47.4614],[31.73,47.4759],[31.7446,47.4831],[31.7448,47.4942],[31.7551,47.5104],[31.7687,47.5122],[31.7809,47.5185],[31.7852,47.5279],[31.801,47.5365],[31.7929,47.5509],[31.777,47.5611],[31.7865,47.564],[31.7822,47.5795],[31.7928,47.5805],[31.8077,47.5692],[31.8036,47.5619],[31.884,47.5679],[31.8877,47.5552],[31.9483,47.5596],[31.9531,47.5407],[31.991,47.5437],[31.9984,47.533],[32.1,47.5521],[32.1093,47.556],[32.1097,47.5638],[32.1223,47.5664],[32.1212,47.5766],[32.1168,47.5856],[32.1542,47.5902],[32.1499,47.612],[32.1706,47.6144],[32.1748,47.5906],[32.2233,47.5941],[32.2169,47.6179],[32.1924,47.6162],[32.1843,47.6667],[32.1763,47.7068],[32.2202,47.7114],[32.208,47.7571],[32.161,47.7512],[32.1557,47.7555],[32.1398,47.7481],[32.1355,47.7584],[32.1155,47.7555],[32.109,47.785],[32.0893,47.7824],[32.0858,47.7965],[32.0789,47.7958],[32.0762,47.8065],[32.0606,47.8046],[32.0568,47.8182],[32.019,47.8127],[32.0169,47.8162],[31.9607,47.81],[31.9643,47.7986],[31.8749,47.7884],[31.8753,47.7864],[31.8398,47.7828],[31.8375,47.7848],[31.8277,47.8171],[31.8686,47.8227],[31.8697,47.8283],[31.857,47.8375],[31.8526,47.8481],[31.86,47.8507],[31.8574,47.8647],[31.8905,47.8657],[31.8798,47.8825],[31.8843,47.8943],[31.8757,47.9088],[31.8718,47.9191],[31.8535,47.9146],[31.8441,47.9615],[31.8031,47.9601],[31.7826,47.954],[31.7812,47.9605],[31.7655,47.9452],[31.7537,47.9427],[31.7339,48.0079],[31.7279,48.0359],[31.7829,48.0433],[31.766,48.103],[31.6955,48.0933],[31.6848,48.1201],[31.643,48.1152],[31.6317,48.1353],[31.5824,48.1279],[31.5827,48.1057],[31.5681,48.103],[31.5588,48.1101],[31.5403,48.1081],[31.5525,48.0707],[31.5108,48.0681],[31.5028,48.055],[31.4923,48.0516],[31.4882,48.0655],[31.4681,48.064],[31.4736,48.0806],[31.4979,48.0874],[31.4853,48.1296],[31.4567,48.1272],[31.4178,48.1209],[31.4194,48.1133],[31.4031,48.11],[31.4082,48.0981],[31.3992,48.0965],[31.413,48.0394],[31.401,48.0377],[31.406,48.0149],[31.4191,48.0164],[31.4226,47.9987],[31.4346,48.0014],[31.4407,47.9718],[31.4428,47.972],[31.4781,47.8502],[31.4462,47.8457],[31.455,47.8094],[31.4418,47.807],[31.4519,47.7769],[31.4175,47.7711],[31.4089,47.7924],[31.3747,47.7868],[31.3841,47.7632],[31.2924,47.7497],[31.2766,47.7649],[31.2592,47.7866],[31.2569,47.7977],[31.2663,47.8337],[31.2756,47.8488],[31.2932,47.8513],[31.2943,47.8429],[31.3048,47.833],[31.3136,47.8353],[31.2992,47.8455],[31.3024,47.8549],[31.2728,47.8506],[31.2673,47.8374],[31.2614,47.8377],[31.2575,47.8105],[31.2463,47.8104],[31.2326,47.8167],[31.2365,47.8242],[31.2245,47.8315],[31.2327,47.8319],[31.225,47.8479],[31.2321,47.8539],[31.2194,47.865],[31.2134,47.8821],[31.231,47.8838],[31.2536,47.8904],[31.2417,47.9184],[31.1914,47.9104],[31.1886,47.9152],[31.0952,47.9019],[31.0999,47.8922],[31.1132,47.8812],[31.0966,47.8777],[31.0882,47.8911],[31.0477,47.8847],[31.048,47.8751],[30.9982,47.868],[30.9952,47.8747],[30.972,47.8716],[30.9735,47.8653],[30.937,47.8606],[30.9354,47.8651],[30.8859,47.8507],[30.8827,47.8565],[30.8658,47.8514],[30.8687,47.8463],[30.8486,47.8405],[30.8473,47.832],[30.7722,47.8209],[30.7801,47.7929],[30.7513,47.7892],[30.759,47.7635],[30.7839,47.7669],[30.7915,47.7393],[30.7675,47.7324],[30.7685,47.7213],[30.7462,47.7131],[30.7549,47.7025],[30.7401,47.7004],[30.7525,47.6898],[30.7771,47.6473],[30.7888,47.6487],[30.7927,47.6357],[30.7815,47.6346],[30.7754,47.6233],[30.779,47.5965],[30.7783,47.5842],[30.7453,47.5791],[30.7529,47.5598],[30.7705,47.5537],[30.7731,47.5461],[30.7997,47.5529],[30.804,47.547],[30.8263,47.5485],[30.8324,47.536],[30.8755,47.5447],[30.8797,47.534],[30.8742,47.5329],[30.8813,47.5077],[30.8521,47.5028],[30.8593,47.4808],[30.8544,47.4799],[30.8646,47.4442],[30.8479,47.4443],[30.8512,47.4205],[30.8856,47.4253],[30.8928,47.4037],[30.8735,47.4007],[30.8861,47.3577],[30.9013,47.3593],[30.908,47.3455],[30.8894,47.3413],[30.8904,47.3376],[30.8693,47.3342],[30.8758,47.3175],[30.893,47.3199],[30.9079,47.2764],[30.9983,47.2887],[30.9882,47.2672],[31.0083,47.2704],[31.0187,47.2387],[31.08,47.2476],[31.0789,47.2532],[31.169,47.2654],[31.1748,47.2562],[31.1681,47.2552],[31.1777,47.2229],[31.1462,47.2183],[31.1567,47.1816],[31.1232,47.1766],[31.1182,47.1891],[31.109,47.1876],[31.1164,47.1661],[31.1072,47.1651],[31.1101,47.1552],[31.1285,47.1569],[31.13,47.1529],[31.1615,47.1574],[31.1981,47.1543],[31.2006,47.1715],[31.2466,47.1767],[31.2488,47.1696],[31.2685,47.1717],[31.2727,47.158]]]]},"properties":{"key":"вознесенський","name":"Вознесенський район","source_group":"raion"}},{"id":"волноваський","type":"Feature","geometry":{"type":"MultiPolygon","coordinates":[[[[37.408,47.3573],[37.421,47.3572],[37.5386,47.3669],[37.5912,47.3697],[37.5838,47.3634],[37.5953,47.3628],[37.5966,47.3572],[37.6223,47.355],[37.6358,47.3481],[37.6345,47.3389],[37.7003,47.3324],[37.7019,47.3447],[37.6959,47.3453],[37.6994,47.3653],[37.849,47.3641],[37.8495,47.3663],[37.8422,47.3726],[37.8415,47.3773],[37.8451,47.3822],[37.859,47.3922],[37.8594,47.4113],[37.8807,47.414],[37.9618,47.4164],[37.9612,47.4441],[37.9272,47.4442],[37.9272,47.4485],[37.8807,47.4482],[37.8715,47.4499],[37.8914,47.4674],[37.8895,47.481],[37.8671,47.4813],[37.8541,47.4844],[37.8433,47.4955],[37.8358,47.536],[37.8131,47.5356],[37.8124,47.5645],[37.8472,47.5645],[37.8459,47.5795],[37.8234,47.5797],[37.8239,47.5931],[37.8158,47.5941],[37.816,47.6249],[37.8217,47.6385],[37.7838,47.6603],[37.7631,47.653],[37.7552,47.6632],[37.7628,47.6679],[37.7751,47.6645],[37.7262,47.6927],[37.69,47.7112],[37.6625,47.6906],[37.6574,47.6907],[37.6475,47.704],[37.6291,47.7054],[37.6285,47.6975],[37.6025,47.7052],[37.6178,47.7224],[37.6123,47.7521],[37.607,47.7545],[37.6045,47.7801],[37.609,47.7814],[37.6053,47.8145],[37.5872,47.8065],[37.5651,47.8146],[37.4721,47.8096],[37.4717,47.8022],[37.4289,47.8003],[37.4278,47.8055],[37.41,47.8056],[37.3584,47.8233],[37.3529,47.8199],[37.3084,47.8278],[37.3058,47.8227],[37.2937,47.8247],[37.2898,47.8038],[37.2679,47.805],[37.2706,47.8187],[37.251,47.8347],[37.26,47.8675],[37.2137,47.8766],[37.2074,47.8845],[37.1834,47.8849],[37.1835,47.895],[37.2065,47.8954],[37.2126,47.9062],[37.2216,47.9117],[37.145,47.9167],[37.1459,47.9276],[37.0691,47.9337],[37.0758,47.973],[37.0784,47.9778],[37.0929,47.9782],[37.0957,47.9687],[37.1188,47.9641],[37.1268,47.9655],[37.1531,47.9597],[37.1577,47.982],[37.1674,47.9815],[37.1689,47.9939],[37.1318,47.9958],[37.1406,48.0066],[37.1605,48.0088],[37.175,48.0069],[37.177,48.0211],[37.1624,48.0268],[37.1577,48.0428],[37.1543,48.0682],[37.1587,48.0688],[37.154,48.0998],[37.1115,48.0961],[37.1128,48.0896],[36.9915,48.0775],[36.9923,48.0726],[36.8812,48.0626],[36.8807,48.0612],[36.8765,48.0511],[36.8576,48.0524],[36.854,48.0323],[36.8431,48.0374],[36.8323,48.0345],[36.8117,48.0396],[36.8029,48.0519],[36.7733,48.0472],[36.7645,48.0551],[36.7537,48.0492],[36.7413,48.0526],[36.7476,48.0621],[36.7262,48.0709],[36.7251,48.0787],[36.715,48.0851],[36.7125,48.0802],[36.6936,48.0862],[36.669,48.0906],[36.6639,48.0876],[36.6489,48.0956],[36.6519,48.0889],[36.6303,48.0886],[36.622,48.0831],[36.6081,48.0899],[36.6044,48.0852],[36.5871,48.0817],[36.5884,48.066],[36.5786,48.0622],[36.586,48.0528],[36.5768,48.0444],[36.5767,48.0365],[36.5904,48.0202],[36.5724,48.0152],[36.5899,48.0004],[36.5763,47.9982],[36.586,47.9564],[36.6284,47.9613],[36.6398,47.9199],[36.6162,47.9166],[36.59,47.9212],[36.5919,47.9106],[36.5426,47.9055],[36.55,47.8773],[36.5772,47.8797],[36.5848,47.8475],[36.6052,47.851],[36.6076,47.8378],[36.5993,47.8176],[36.5887,47.8164],[36.5872,47.7854],[36.5943,47.7838],[36.6721,47.7934],[36.6856,47.7299],[36.7004,47.732],[36.7132,47.6782],[36.7915,47.6852],[36.7799,47.6756],[36.7846,47.6734],[36.7743,47.6647],[36.7685,47.668],[36.7516,47.6665],[36.7545,47.6625],[36.718,47.6589],[36.7252,47.6309],[36.765,47.6339],[36.7648,47.6229],[36.7446,47.6221],[36.7466,47.6064],[36.7608,47.6073],[36.7644,47.6002],[36.8306,47.6235],[36.8954,47.545],[36.9443,47.5752],[36.9677,47.5545],[36.9801,47.561],[37.0022,47.5387],[37.0234,47.5511],[37.0772,47.4924],[37.0847,47.4971],[37.1295,47.4691],[37.1572,47.4555],[37.1794,47.4843],[37.1955,47.4801],[37.1876,47.4682],[37.2449,47.469],[37.2649,47.4658],[37.2534,47.4485],[37.2584,47.4424],[37.2842,47.4356],[37.2811,47.424],[37.2923,47.4208],[37.3104,47.4204],[37.3212,47.4081],[37.3336,47.4033],[37.3354,47.3968],[37.3585,47.4166],[37.4092,47.4009],[37.408,47.3933],[37.4226,47.3846],[37.4161,47.3719],[37.4054,47.3626],[37.408,47.3573]]]]},"properties":{"key":"волноваський","name":"Волноваський район","source_group":"raion"}},{"id":"володимир-волинський","type":"Feature","geometry":{"type":"MultiPolygon","coordinates":[[[[24.5663,50.565],[24.5969,50.5584],[24.6154,50.5599],[24.6247,50.5729],[24.6357,50.5784],[24.6487,50.595],[24.6787,50.5895],[24.7344,50.5927],[24.7411,50.5861],[24.7412,50.5716],[24.7619,50.5704],[24.7778,50.5741],[24.8327,50.5795],[24.8274,50.5981],[24.8361,50.6079],[24.8777,50.6356],[24.8596,50.6359],[24.8615,50.6541],[24.8756,50.6566],[24.8819,50.6733],[24.8688,50.6829],[24.8658,50.7028],[24.8751,50.7152],[24.8978,50.7077],[24.9357,50.7048],[24.9394,50.717],[24.9348,50.7263],[24.9334,50.7495],[24.9389,50.7572],[24.9362,50.7656],[24.9304,50.7775],[24.9214,50.7782],[24.9187,50.8012],[24.8997,50.8068],[24.8921,50.8186],[24.9029,50.8359],[24.8652,50.8546],[24.8293,50.8582],[24.832,50.8656],[24.8285,50.8856],[24.8189,50.887],[24.8077,50.8832],[24.791,50.8837],[24.7357,50.9007],[24.7246,50.8857],[24.717,50.8627],[24.6902,50.8651],[24.6773,50.8592],[24.6491,50.8723],[24.6423,50.8793],[24.608,50.893],[24.5474,50.9071],[24.5389,50.914],[24.4961,50.9295],[24.4909,50.933],[24.4573,50.9341],[24.4283,50.9407],[24.4219,50.9472],[24.4307,50.9576],[24.4034,50.9601],[24.3946,50.972],[24.3606,50.9751],[24.3582,50.9865],[24.3746,50.9927],[24.3779,51.0111],[24.3668,51.0228],[24.3688,51.0356],[24.3766,51.0444],[24.36,51.0445],[24.3207,51.0366],[24.3177,51.0496],[24.288,51.0527],[24.2851,51.0592],[24.2941,51.0816],[24.2936,51.089],[24.2793,51.09],[24.2662,51.1005],[24.258,51.0966],[24.2286,51.0974],[24.1681,51.0765],[24.1658,51.0605],[24.1571,51.0534],[24.141,51.0481],[24.1314,51.0537],[24.1134,51.0314],[24.1054,51.0108],[24.0917,51.0138],[24.0834,51.0116],[24.0694,51.0163],[24.0606,51.0128],[24.0235,51.0218],[23.9811,51.0199],[23.9483,51.0401],[23.9375,51.0543],[23.9141,51.0547],[23.9138,51.0428],[23.931,51.0381],[23.9153,51.0288],[23.9352,51.0145],[23.9145,51.0121],[23.9154,51.0077],[23.9322,51.0063],[23.958,50.9898],[23.9675,50.9786],[23.9692,50.9562],[23.9754,50.9481],[23.99,50.9433],[23.9969,50.9298],[24.0258,50.9163],[24.0526,50.8932],[24.0881,50.8891],[24.1005,50.8779],[24.1279,50.8686],[24.1468,50.8687],[24.1414,50.8574],[24.1317,50.8495],[24.1045,50.8381],[24.0823,50.8378],[24.0738,50.8345],[24.0514,50.8367],[24.0441,50.8344],[24.0303,50.8403],[23.9982,50.8398],[23.9757,50.8252],[23.9584,50.7947],[23.9684,50.7865],[23.9656,50.78],[23.9818,50.7719],[24.0011,50.7694],[24.0104,50.7723],[24.0243,50.7659],[24.0131,50.7551],[24.0242,50.751],[24.017,50.7403],[24.0184,50.7236],[24.0244,50.7254],[24.0451,50.717],[24.0721,50.7206],[24.0757,50.7113],[24.0696,50.7078],[24.0727,50.6986],[24.0643,50.6786],[24.083,50.6757],[24.088,50.654],[24.08,50.6453],[24.0864,50.6365],[24.0966,50.6367],[24.1033,50.6342],[24.1205,50.6467],[24.1288,50.6481],[24.1292,50.6457],[24.1379,50.6461],[24.1472,50.6465],[24.1713,50.6325],[24.1691,50.6285],[24.172,50.6249],[24.1732,50.6175],[24.1832,50.6187],[24.1913,50.6161],[24.202,50.6139],[24.2,50.6078],[24.2206,50.5893],[24.2339,50.5848],[24.2504,50.5801],[24.2647,50.5801],[24.2848,50.5751],[24.3187,50.5731],[24.3245,50.599],[24.3646,50.597],[24.3824,50.6089],[24.3995,50.5932],[24.4132,50.5857],[24.3979,50.5756],[24.408,50.5594],[24.4157,50.5584],[24.4492,50.5397],[24.4724,50.5432],[24.5052,50.5546],[24.5294,50.5527],[24.5425,50.538],[24.5458,50.5387],[24.5534,50.5343],[24.5722,50.5467],[24.576,50.5472],[24.5837,50.556],[24.5663,50.565]]]]},"properties":{"key":"володимир-волинський","name":"Володимир-Волинський район","source_group":"raion"}},{"id":"гайсинський","type":"Feature","geometry":{"type":"MultiPolygon","coordinates":[[[[29.5699,48.0985],[29.5739,48.1035],[29.588,48.1019],[29.5887,48.1161],[29.5981,48.1192],[29.6014,48.1325],[29.6391,48.1241],[29.6367,48.1119],[29.6527,48.112],[29.6642,48.1079],[29.6684,48.1165],[29.6564,48.1206],[29.6715,48.1255],[29.6751,48.1668],[29.6556,48.1938],[29.6654,48.1956],[29.683,48.1872],[29.6925,48.1933],[29.7218,48.203],[29.7642,48.2006],[29.7745,48.203],[29.7809,48.2092],[29.7722,48.2256],[29.7821,48.2424],[29.7707,48.2565],[29.7757,48.2591],[29.7735,48.2718],[29.7615,48.2776],[29.7506,48.2987],[29.7627,48.2958],[29.7738,48.3044],[29.7689,48.3086],[29.7821,48.3156],[29.7843,48.3293],[29.8046,48.3315],[29.8048,48.3474],[29.8115,48.3499],[29.8047,48.3612],[29.7867,48.3703],[29.8709,48.4172],[29.8633,48.4266],[29.8831,48.4306],[29.8849,48.4276],[29.907,48.4398],[29.9272,48.4405],[29.9509,48.4502],[29.9545,48.4543],[29.9542,48.4633],[29.9636,48.462],[29.9675,48.4725],[29.9617,48.4737],[29.9672,48.4906],[29.9815,48.495],[30.0014,48.4925],[30.0068,48.5134],[29.9883,48.5162],[29.9982,48.5213],[30.0204,48.5196],[30.0218,48.536],[30.0094,48.5419],[30.0034,48.5509],[30.0049,48.5721],[29.9933,48.5787],[29.9738,48.583],[29.9586,48.5823],[29.9472,48.5949],[29.9503,48.6087],[29.9863,48.6119],[29.9902,48.6361],[29.9775,48.6347],[29.9666,48.6508],[29.9586,48.65],[29.9567,48.6587],[29.9448,48.6568],[29.9452,48.671],[29.9185,48.6712],[29.8726,48.7023],[29.8611,48.6994],[29.8656,48.7081],[29.8536,48.7139],[29.8666,48.7327],[29.8811,48.7308],[29.8847,48.7357],[29.8773,48.7464],[29.8703,48.7471],[29.8594,48.7589],[29.866,48.763],[29.7997,48.7744],[29.8051,48.7787],[29.7854,48.7848],[29.7743,48.7822],[29.7657,48.7862],[29.7619,48.8473],[29.732,48.8545],[29.7275,48.8872],[29.7114,48.8968],[29.7357,48.908],[29.7135,48.9111],[29.6993,48.9181],[29.6848,48.9124],[29.6654,48.9239],[29.6683,48.9289],[29.6518,48.9365],[29.6607,48.9483],[29.6509,48.9606],[29.6953,49.0006],[29.6834,49.0068],[29.6825,49.0244],[29.6695,49.0241],[29.6524,49.0142],[29.6387,49.0141],[29.6278,49.0247],[29.6215,49.0371],[29.6137,49.0432],[29.6111,49.0532],[29.606,49.0566],[29.5999,49.0525],[29.5992,49.0459],[29.584,49.048],[29.5429,49.0489],[29.5495,49.0703],[29.544,49.0704],[29.5386,49.0854],[29.5205,49.1148],[29.506,49.1171],[29.4958,49.1066],[29.4797,49.1123],[29.4865,49.1238],[29.4641,49.128],[29.4696,49.1232],[29.4632,49.114],[29.4219,49.0933],[29.4216,49.0874],[29.4065,49.0853],[29.4058,49.0717],[29.4182,49.0572],[29.4081,49.045],[29.3925,49.0533],[29.375,49.0558],[29.3592,49.0434],[29.3476,49.0416],[29.36,49.0253],[29.3368,49.013],[29.3119,49.0147],[29.2667,48.9839],[29.252,48.9765],[29.2397,48.9843],[29.2208,48.9842],[29.2045,48.9763],[29.1979,48.9676],[29.1743,48.9564],[29.1687,48.9699],[29.1378,48.9824],[29.1111,48.9964],[29.0662,49.0017],[29.0487,48.9732],[29.0622,48.9711],[29.0623,48.9611],[29.048,48.9555],[29.0097,48.9475],[29.0086,48.9295],[28.9858,48.9043],[28.9687,48.9036],[28.9644,48.8738],[28.9528,48.8647],[28.9581,48.8598],[28.9918,48.844],[28.9949,48.8545],[29.0025,48.851],[29.0004,48.8376],[29.0123,48.8292],[29.0577,48.8347],[29.0815,48.839],[29.086,48.8332],[29.0985,48.838],[29.1033,48.8345],[29.1323,48.8346],[29.1431,48.8185],[29.1372,48.8131],[29.1214,48.818],[29.1071,48.8049],[29.1188,48.7924],[29.1168,48.7788],[29.0995,48.775],[29.0878,48.7662],[29.0806,48.7529],[29.1008,48.7337],[29.1339,48.7272],[29.1457,48.7203],[29.1225,48.7087],[29.0783,48.7277],[29.0626,48.7229],[29.0791,48.7084],[29.0795,48.6976],[29.0918,48.6881],[29.0998,48.6914],[29.1112,48.686],[29.123,48.6943],[29.1398,48.6744],[29.1719,48.6734],[29.1751,48.6607],[29.1612,48.6367],[29.1578,48.6249],[29.1651,48.6137],[29.1443,48.6083],[29.1405,48.5975],[29.1533,48.5734],[29.135,48.583],[29.1262,48.5784],[29.105,48.5909],[29.0748,48.5889],[29.0693,48.5808],[29.0537,48.5802],[29.0676,48.5726],[29.0519,48.5654],[29.0359,48.5714],[29.0122,48.5593],[29.018,48.5564],[29.0063,48.5586],[28.9941,48.5537],[28.9581,48.5621],[28.9517,48.5532],[28.9221,48.5582],[28.9034,48.5537],[28.8773,48.5372],[28.88,48.5216],[28.8927,48.5195],[28.9167,48.5242],[28.927,48.5082],[28.9343,48.5067],[28.9451,48.516],[28.9623,48.5202],[28.9676,48.5079],[28.958,48.5059],[28.9804,48.4981],[28.9924,48.4883],[28.99,48.4748],[28.9945,48.4736],[28.987,48.4561],[29.0525,48.4568],[29.0945,48.4486],[29.0955,48.427],[29.0779,48.413],[29.0426,48.4149],[29.0363,48.3988],[29.0465,48.3786],[29.0402,48.3619],[29.0316,48.3558],[29.0542,48.3357],[29.0544,48.3299],[29.0779,48.3282],[29.0804,48.3324],[29.0956,48.3317],[29.1011,48.3197],[29.0769,48.3137],[29.077,48.3015],[29.1052,48.2936],[29.1092,48.2768],[29.1015,48.2699],[29.1037,48.2619],[29.0903,48.2439],[29.0762,48.2378],[29.0745,48.2246],[29.0628,48.2109],[29.0656,48.1959],[29.0647,48.194],[29.0766,48.1937],[29.1308,48.1539],[29.1449,48.1557],[29.1552,48.1495],[29.1416,48.1408],[29.1655,48.1395],[29.1846,48.1407],[29.1937,48.1342],[29.2085,48.1339],[29.2129,48.1425],[29.2408,48.1413],[29.2519,48.1487],[29.253,48.1379],[29.2608,48.1316],[29.2399,48.1296],[29.2372,48.1216],[29.219,48.125],[29.2038,48.12],[29.2052,48.1177],[29.2189,48.1086],[29.2309,48.1035],[29.2364,48.1084],[29.2579,48.1125],[29.2654,48.107],[29.2642,48.0942],[29.2771,48.0905],[29.3044,48.0912],[29.3124,48.0864],[29.3343,48.0953],[29.3506,48.0962],[29.3519,48.0893],[29.3672,48.0946],[29.3741,48.0902],[29.3871,48.0956],[29.3837,48.1039],[29.3913,48.114],[29.4487,48.1229],[29.4713,48.1232],[29.4782,48.1081],[29.4931,48.1058],[29.4996,48.1027],[29.5155,48.0992],[29.5258,48.0993],[29.5427,48.101],[29.5699,48.0985]]]]},"properties":{"key":"гайсинський","name":"Гайсинський район","source_group":"raion"}},{"id":"генічеський","type":"Feature","geometry":{"type":"MultiPolygon","coordinates":[[[[35.2637,46.2518],[35.2439,46.2332],[35.2323,46.2288],[35.234,46.2242],[35.2207,46.2169],[35.2215,46.1999],[35.2122,46.1876],[35.1775,46.1777],[35.1465,46.1653],[35.0935,46.1519],[35.0787,46.1539],[35.0612,46.1519],[35.0365,46.1438],[35.0475,46.1432],[35.0682,46.1501],[35.0691,46.1447],[35.0835,46.1483],[35.0814,46.1408],[35.0625,46.1418],[35.0659,46.1346],[35.0536,46.1299],[35.0386,46.1363],[35.0281,46.1357],[35.0292,46.124],[35.0152,46.1142],[35.0234,46.1038],[35.0066,46.1083],[34.9898,46.1032],[34.9905,46.096],[35.0005,46.0945],[34.9987,46.0884],[34.9869,46.0887],[34.9857,46.0788],[35.0037,46.0769],[35.0826,46.1026],[35.1007,46.1057],[35.1435,46.1225],[35.1733,46.1392],[35.1882,46.1517],[35.2191,46.1861],[35.2468,46.228],[35.2686,46.2503],[35.2637,46.2518]]],[[[34.1492,46.1671],[34.1408,46.1903],[34.1308,46.1847],[34.1417,46.1681],[34.1492,46.1671]]],[[[34.8247,45.9864],[34.828,45.9951],[34.828,46.0059],[34.8226,46.0022],[34.8247,45.9864]]],[[[34.756,45.931],[34.7557,45.9493],[34.7509,45.9485],[34.756,45.931]]],[[[34.1872,46.1267],[34.181,46.1399],[34.1786,46.1189],[34.1718,46.117],[34.1664,46.0958],[34.1791,46.0776],[34.2035,46.073],[34.2088,46.0807],[34.2068,46.1012],[34.2165,46.1096],[34.212,46.1123],[34.1988,46.1082],[34.2039,46.1125],[34.2028,46.1259],[34.1872,46.1267]]],[[[34.3116,46.1081],[34.3032,46.1],[34.3109,46.0991],[34.3116,46.1081]]],[[[34.4499,45.9878],[34.4438,45.9866],[34.4291,46.0015],[34.4504,45.9741],[34.4499,45.9878]]],[[[34.7227,45.9961],[34.7027,46.0106],[34.6812,46.0124],[34.685,46.0047],[34.6982,45.9992],[34.7316,45.9778],[34.7379,45.9838],[34.7468,45.9749],[34.7611,45.9802],[34.7649,45.9994],[34.7559,46.0026],[34.7399,45.9955],[34.7227,45.9961]]],[[[34.9744,45.7627],[34.9473,45.8016],[34.9004,45.8826],[34.8617,45.9718],[34.8475,46.0218],[34.8313,46.1192],[34.8243,46.1431],[34.8176,46.1491],[34.797,46.1368],[34.8028,46.1206],[34.8162,46.1292],[34.8193,46.1201],[34.8176,46.0994],[34.8073,46.0963],[34.8041,46.0831],[34.7883,46.0728],[34.778,46.075],[34.7649,46.0922],[34.7623,46.106],[34.7274,46.0959],[34.7129,46.0967],[34.6824,46.1027],[34.6704,46.1019],[34.6817,46.0921],[34.7047,46.0851],[34.7161,46.0734],[34.7177,46.0663],[34.7069,46.0549],[34.7118,46.0467],[34.7214,46.048],[34.7397,46.0369],[34.7499,46.0272],[34.7591,46.009],[34.7654,46.0104],[34.7662,46.037],[34.7726,46.0494],[34.7811,46.0536],[34.7986,46.0496],[34.8092,46.0411],[34.8168,46.0283],[34.8212,46.0043],[34.8299,46.0086],[34.8321,46.0065],[34.8256,45.986],[34.8428,45.9823],[34.8481,45.9629],[34.8521,45.967],[34.8683,45.9347],[34.843,45.9498],[34.837,45.9573],[34.836,45.9419],[34.8508,45.9279],[34.8483,45.9163],[34.8373,45.9124],[34.8427,45.8999],[34.8402,45.8754],[34.8291,45.8495],[34.816,45.8334],[34.8248,45.819],[34.8479,45.8214],[34.8652,45.8325],[34.8683,45.8468],[34.8752,45.8567],[34.8922,45.8601],[34.9065,45.8506],[34.9295,45.8135],[34.9376,45.783],[34.9644,45.7588],[34.9744,45.7627]]],[[[34.4679,46.1224],[34.4401,46.1224],[34.4303,46.1202],[34.4185,46.1063],[34.3952,46.0954],[34.4023,46.0793],[34.4046,46.0612],[34.4143,46.0598],[34.4168,46.0776],[34.4105,46.0873],[34.4197,46.0879],[34.4267,46.098],[34.4449,46.1004],[34.4492,46.1137],[34.4679,46.1224]]],[[[34.236,46.188],[34.227,46.1882],[34.2184,46.1811],[34.2234,46.1734],[34.2176,46.1686],[34.2164,46.1548],[34.1991,46.154],[34.2082,46.1153],[34.216,46.1117],[34.2201,46.1056],[34.2371,46.0991],[34.2428,46.0894],[34.2392,46.0809],[34.2243,46.0717],[34.2411,46.0643],[34.252,46.0641],[34.2479,46.0758],[34.2655,46.0787],[34.2669,46.0868],[34.276,46.0889],[34.2742,46.1014],[34.2643,46.0853],[34.25,46.0885],[34.2525,46.0964],[34.2639,46.0936],[34.255,46.1019],[34.2657,46.1011],[34.2649,46.1207],[34.2761,46.1277],[34.2743,46.1432],[34.2691,46.1479],[34.2596,46.1399],[34.2598,46.1097],[34.2475,46.104],[34.234,46.111],[34.2343,46.1245],[34.2423,46.1389],[34.2381,46.1552],[34.2495,46.1611],[34.2443,46.1822],[34.236,46.188]]],[[[34.7912,46.1586],[34.775,46.1588],[34.769,46.1478],[34.7799,46.1526],[34.7854,46.1547],[34.7928,46.1532],[34.7943,46.1554],[34.7912,46.1586]]],[[[34.7999,46.163],[34.7946,46.1533],[34.7911,46.1525],[34.7849,46.1541],[34.7865,46.1468],[34.775,46.1411],[34.7808,46.1344],[34.7966,46.1501],[34.8141,46.1506],[34.8094,46.1617],[34.7999,46.163]]],[[[33.9728,46.2095],[33.9985,46.1794],[34.011,46.1546],[34.0416,46.1202],[34.0438,46.1387],[34.0659,46.1593],[34.0871,46.1425],[34.0873,46.1245],[34.1012,46.1229],[34.1148,46.1384],[34.1211,46.1405],[34.1366,46.1338],[34.1515,46.114],[34.1586,46.1226],[34.152,46.1308],[34.1665,46.1286],[34.1644,46.135],[34.1423,46.1421],[34.1408,46.1526],[34.1292,46.1623],[34.1459,46.1602],[34.1366,46.172],[34.1226,46.1803],[34.1026,46.1731],[34.1249,46.1843],[34.1424,46.2142],[34.1555,46.209],[34.1686,46.1929],[34.1669,46.1685],[34.1537,46.1632],[34.1595,46.1583],[34.1507,46.1486],[34.161,46.14],[34.1833,46.1512],[34.1861,46.163],[34.1937,46.1592],[34.2056,46.1639],[34.2098,46.1756],[34.197,46.1896],[34.1875,46.1889],[34.1727,46.2068],[34.1575,46.2378],[34.1522,46.2553],[34.1401,46.2582],[34.1511,46.2658],[34.1529,46.2832],[34.1587,46.2911],[34.174,46.291],[34.1876,46.2828],[34.2137,46.2555],[34.2144,46.2453],[34.2306,46.237],[34.2587,46.1965],[34.2604,46.1852],[34.2808,46.174],[34.2961,46.1581],[34.2913,46.1455],[34.3023,46.1225],[34.2967,46.1074],[34.3053,46.1052],[34.3036,46.1128],[34.3192,46.1077],[34.3188,46.1298],[34.3229,46.1414],[34.3418,46.1632],[34.3414,46.1699],[34.3303,46.1771],[34.3246,46.1682],[34.3147,46.1681],[34.3107,46.1826],[34.3026,46.1918],[34.3035,46.2043],[34.313,46.2196],[34.3315,46.228],[34.3377,46.2028],[34.354,46.1877],[34.3665,46.1987],[34.3802,46.198],[34.4021,46.1844],[34.418,46.1699],[34.4311,46.1691],[34.4384,46.1553],[34.4515,46.1553],[34.4733,46.1406],[34.5029,46.1356],[34.5074,46.1418],[34.5249,46.148],[34.5369,46.1481],[34.521,46.1579],[34.5295,46.159],[34.5199,46.172],[34.5205,46.1854],[34.5311,46.1962],[34.5451,46.1969],[34.5566,46.1901],[34.567,46.1751],[34.5895,46.1666],[34.5908,46.1513],[34.5858,46.131],[34.5893,46.1174],[34.5804,46.1008],[34.5683,46.0915],[34.5697,46.0839],[34.5574,46.087],[34.5519,46.0992],[34.5653,46.0976],[34.5601,46.1105],[34.5492,46.1177],[34.5487,46.1269],[34.537,46.1297],[34.5048,46.1178],[34.5005,46.1009],[34.4886,46.0898],[34.4869,46.1128],[34.481,46.1239],[34.4689,46.1253],[34.4739,46.1165],[34.457,46.096],[34.4413,46.0922],[34.4372,46.0859],[34.4441,46.0689],[34.4468,46.0514],[34.457,46.0469],[34.4641,46.0505],[34.4804,46.048],[34.4805,46.0419],[34.4692,46.0332],[34.4566,46.029],[34.4669,46.0443],[34.446,46.0474],[34.4327,46.0461],[34.4192,46.032],[34.4172,46.0184],[34.4215,46.0143],[34.4317,46.0188],[34.4401,46.0119],[34.467,46.01],[34.4809,46.0008],[34.4702,45.9872],[34.4829,45.9567],[34.4941,45.9708],[34.4947,45.9832],[34.5181,45.9976],[34.5247,45.9982],[34.5404,45.9886],[34.5432,45.9823],[34.5553,45.9942],[34.5881,46.009],[34.6122,46.04],[34.6244,46.0681],[34.6363,46.0791],[34.6444,46.0924],[34.6303,46.1273],[34.6055,46.1472],[34.5985,46.1676],[34.6074,46.1719],[34.6242,46.1697],[34.6299,46.1739],[34.6638,46.182],[34.6907,46.1841],[34.7079,46.181],[34.7324,46.1687],[34.7606,46.1745],[34.7653,46.1671],[34.7736,46.1696],[34.7748,46.1608],[34.7862,46.1595],[34.8008,46.1641],[34.8133,46.1617],[34.8216,46.1689],[34.8253,46.192],[34.84,46.2093],[34.8959,46.2394],[34.9702,46.2516],[34.9991,46.2547],[35.0558,46.2689],[35.0892,46.2874],[35.1038,46.302],[35.0716,46.2988],[35.0634,46.3547],[35.0586,46.3757],[35.0706,46.3834],[35.0536,46.4819],[35.022,46.4794],[34.9488,46.5045],[34.9477,46.5119],[34.8896,46.5059],[34.8844,46.5366],[34.8969,46.5385],[34.891,46.5656],[34.7571,46.5513],[34.7488,46.5836],[34.7226,46.5813],[34.7127,46.6196],[34.757,46.6268],[34.7461,46.6834],[34.6838,46.6779],[34.681,46.6921],[34.634,46.688],[34.6261,46.7252],[34.6596,46.7283],[34.6577,46.7405],[34.7351,46.7479],[34.7354,46.7578],[34.7498,46.7578],[34.7503,46.7805],[34.7657,46.7808],[34.7578,46.8229],[34.8183,46.8287],[34.8141,46.8338],[34.8048,46.8827],[34.7523,46.8797],[34.7364,46.9611],[34.6879,46.9563],[34.6833,46.9789],[34.6234,46.9727],[34.6195,46.9934],[34.5994,46.9919],[34.5909,47.0269],[34.5678,47.0242],[34.5524,47.1059],[34.4014,47.1011],[34.407,47.0783],[34.3478,47.049],[34.3151,47.0207],[34.3242,47.0157],[34.1812,46.888],[34.1975,46.811],[34.1105,46.802],[34.107,46.8179],[34.0337,46.8102],[34.0369,46.7943],[34.0266,46.7929],[34.0316,46.7722],[34.0294,46.7678],[34.0451,46.6847],[34.0503,46.6633],[34.062,46.6604],[34.0646,46.6492],[33.9866,46.6395],[33.9892,46.6263],[33.9795,46.6254],[33.9808,46.6187],[33.9716,46.6178],[33.9785,46.5839],[33.9737,46.5794],[33.99,46.5729],[33.9998,46.5737],[34.0028,46.557],[33.9851,46.5555],[33.989,46.5357],[34.0786,46.544],[34.108,46.5262],[34.1274,46.4322],[33.9609,46.4158],[33.9635,46.3695],[33.9716,46.3704],[33.9684,46.2904],[33.9728,46.2095]]]]},"properties":{"key":"генічеський","name":"Генічеський район","source_group":"raion"}},{"id":"голованівський","type":"Feature","geometry":{"type":"MultiPolygon","coordinates":[[[[30.6213,48.1577],[30.6213,48.1664],[30.6557,48.173],[30.6476,48.1848],[30.69,48.1893],[30.7173,48.1956],[30.7223,48.1878],[30.7865,48.1921],[30.7934,48.1683],[30.8159,48.1698],[30.8156,48.1787],[30.8228,48.1916],[30.8274,48.1824],[30.848,48.1843],[30.8547,48.1632],[30.8756,48.1619],[30.8918,48.1664],[30.9053,48.1646],[30.9295,48.1675],[30.9306,48.1812],[30.9441,48.1851],[30.9574,48.183],[30.9895,48.1859],[30.9795,48.2226],[31.0533,48.2317],[31.0564,48.2205],[31.0909,48.2244],[31.0872,48.237],[31.1037,48.2394],[31.0995,48.2573],[31.0911,48.2671],[31.117,48.2713],[31.1228,48.2825],[31.1322,48.284],[31.1248,48.3023],[31.0688,48.2959],[31.0622,48.2997],[31.0213,48.2951],[31.0165,48.3135],[31.0348,48.3164],[31.027,48.3209],[31.0205,48.3486],[31.0071,48.3475],[31.0003,48.3799],[30.9729,48.3775],[30.9691,48.3873],[30.9389,48.3832],[30.9336,48.3961],[30.8995,48.3897],[30.9024,48.3834],[30.8517,48.3776],[30.8436,48.3831],[30.8462,48.3934],[30.8254,48.4161],[30.8403,48.432],[30.8384,48.4401],[30.8229,48.4424],[30.8084,48.4536],[30.8256,48.4662],[30.8324,48.4627],[30.8477,48.4642],[30.8823,48.4941],[30.8837,48.5212],[30.9316,48.523],[30.9225,48.5529],[30.9841,48.554],[30.9835,48.6034],[31.0635,48.6043],[31.0984,48.6117],[31.11,48.5921],[31.1341,48.5966],[31.1378,48.5916],[31.1636,48.5925],[31.1621,48.5961],[31.1999,48.6011],[31.1464,48.6727],[31.1853,48.6868],[31.1897,48.6923],[31.1788,48.6973],[31.2332,48.7141],[31.2455,48.6918],[31.2657,48.6961],[31.2516,48.7297],[31.2582,48.7311],[31.2528,48.7427],[31.2615,48.7501],[31.2537,48.765],[31.2459,48.7678],[31.2163,48.7683],[31.212,48.7583],[31.1751,48.7621],[31.1671,48.7567],[31.1524,48.7416],[31.1375,48.7455],[31.1322,48.7375],[31.1189,48.7365],[31.1177,48.7291],[31.1152,48.7283],[31.1069,48.7297],[31.1026,48.7384],[31.0962,48.7402],[31.0888,48.7384],[31.0881,48.7323],[31.0694,48.7365],[31.0712,48.7446],[31.057,48.7556],[31.0477,48.7522],[31.0409,48.7596],[31.0195,48.7617],[31.0028,48.7583],[30.9957,48.7651],[30.978,48.7616],[30.9623,48.7628],[30.9571,48.77],[30.9425,48.7718],[30.947,48.7644],[30.9394,48.7615],[30.9016,48.7622],[30.8971,48.747],[30.8849,48.7455],[30.8767,48.7505],[30.8503,48.7526],[30.8302,48.7507],[30.8214,48.7634],[30.8113,48.7687],[30.8046,48.7573],[30.7536,48.7707],[30.7508,48.7597],[30.7184,48.7606],[30.6985,48.7667],[30.6385,48.7519],[30.6365,48.7386],[30.6241,48.7396],[30.61,48.7197],[30.5881,48.7228],[30.5758,48.721],[30.6016,48.6992],[30.6115,48.6975],[30.6008,48.6778],[30.5984,48.6633],[30.5551,48.6545],[30.5316,48.6289],[30.5712,48.6064],[30.5586,48.5964],[30.5684,48.5918],[30.5643,48.5807],[30.5698,48.5783],[30.5676,48.5677],[30.5417,48.5715],[30.5259,48.5661],[30.486,48.5688],[30.4759,48.5651],[30.453,48.5837],[30.4037,48.5742],[30.3868,48.5427],[30.387,48.5282],[30.3285,48.5231],[30.3055,48.5119],[30.2571,48.5067],[30.258,48.4896],[30.2211,48.4803],[30.1649,48.5038],[30.1503,48.4944],[30.1574,48.4855],[30.1417,48.473],[30.1316,48.4708],[30.1233,48.4629],[30.1213,48.4538],[30.1163,48.4527],[30.1098,48.4518],[30.0912,48.4549],[30.0822,48.4659],[30.0716,48.469],[30.0546,48.4801],[30.0444,48.4822],[30.003,48.478],[30.0029,48.4721],[29.9675,48.4725],[29.9636,48.462],[29.9542,48.4633],[29.9545,48.4543],[29.9509,48.4502],[29.9272,48.4405],[29.907,48.4398],[29.8849,48.4276],[29.8831,48.4306],[29.8633,48.4266],[29.8709,48.4172],[29.7867,48.3703],[29.8047,48.3612],[29.8115,48.3499],[29.8048,48.3474],[29.8046,48.3315],[29.7843,48.3293],[29.7821,48.3156],[29.7689,48.3086],[29.7738,48.3044],[29.7627,48.2958],[29.7506,48.2987],[29.7615,48.2776],[29.7735,48.2718],[29.7757,48.2591],[29.7707,48.2565],[29.7821,48.2424],[29.7722,48.2256],[29.7809,48.2092],[29.7862,48.2079],[29.794,48.2012],[29.8065,48.2071],[29.841,48.2137],[29.8597,48.2059],[29.8728,48.1946],[29.8755,48.189],[29.8925,48.1835],[29.9044,48.2041],[29.9304,48.2338],[29.9756,48.2183],[29.9899,48.2304],[29.992,48.221],[30.0092,48.2086],[30.0008,48.1957],[30.0084,48.1821],[30.0186,48.1861],[30.0234,48.1849],[30.0329,48.179],[30.0333,48.1722],[30.0458,48.1538],[30.0629,48.1514],[30.0642,48.1474],[30.0678,48.1455],[30.0811,48.1466],[30.1062,48.1402],[30.1287,48.1472],[30.1524,48.1438],[30.1655,48.1455],[30.1873,48.1539],[30.1959,48.1489],[30.2129,48.1476],[30.242,48.141],[30.2622,48.1477],[30.2862,48.1404],[30.3028,48.1428],[30.3238,48.1426],[30.3291,48.1483],[30.3289,48.1602],[30.3483,48.1664],[30.3655,48.1738],[30.371,48.1747],[30.3845,48.1744],[30.3926,48.1656],[30.4147,48.1627],[30.4366,48.1716],[30.4696,48.1633],[30.4998,48.1698],[30.5043,48.1592],[30.5247,48.1776],[30.5489,48.1644],[30.5542,48.1564],[30.6213,48.1577]]]]},"properties":{"key":"голованівський","name":"Голованівський район","source_group":"raion"}},{"id":"горлівський","type":"Feature","geometry":{"type":"MultiPolygon","coordinates":[[[[37.948,48.1962],[37.9671,48.1965],[37.9765,48.1933],[37.9851,48.1994],[37.9988,48.1929],[38.0025,48.1749],[38.0267,48.1578],[38.0378,48.1652],[38.0413,48.1442],[38.0563,48.1427],[38.0772,48.1572],[38.0806,48.1549],[38.1245,48.1708],[38.14,48.1791],[38.1498,48.1646],[38.1669,48.154],[38.1691,48.1468],[38.1843,48.1459],[38.1817,48.1354],[38.2253,48.1336],[38.2224,48.1232],[38.2078,48.1174],[38.186,48.1038],[38.1707,48.0996],[38.152,48.0866],[38.1761,48.0921],[38.1971,48.0827],[38.2159,48.0792],[38.2194,48.0705],[38.2306,48.071],[38.2284,48.0794],[38.2107,48.0881],[38.2286,48.088],[38.2295,48.1002],[38.2567,48.102],[38.2469,48.109],[38.2484,48.1265],[38.2641,48.1261],[38.2647,48.137],[38.2713,48.1393],[38.2807,48.1254],[38.2943,48.1242],[38.2943,48.1313],[38.3115,48.1228],[38.3037,48.1112],[38.2998,48.1105],[38.2933,48.1054],[38.3143,48.1076],[38.3184,48.0955],[38.3065,48.0944],[38.3182,48.0877],[38.3291,48.0926],[38.3376,48.0873],[38.3374,48.0792],[38.3404,48.0732],[38.3355,48.0711],[38.3126,48.0752],[38.2868,48.0769],[38.2642,48.0689],[38.2747,48.0621],[38.2916,48.0685],[38.2976,48.0634],[38.2958,48.0539],[38.3049,48.056],[38.3361,48.0421],[38.339,48.0261],[38.3571,48.0315],[38.3642,47.9873],[38.3766,47.9783],[38.379,47.9685],[38.3914,47.9647],[38.3919,47.9576],[38.4338,47.948],[38.4479,47.9366],[38.4653,47.9396],[38.4643,47.945],[38.495,47.9534],[38.5048,47.9492],[38.5181,47.9574],[38.5222,47.9549],[38.5257,47.9361],[38.5576,47.93],[38.5604,47.9318],[38.5592,47.9602],[38.5954,47.9611],[38.595,47.9382],[38.6071,47.9172],[38.6436,47.9315],[38.6508,47.928],[38.6534,47.9156],[38.6728,47.9108],[38.704,47.9202],[38.7356,47.9139],[38.7483,47.8651],[38.7764,47.8709],[38.7754,47.879],[38.8327,47.8704],[38.8429,47.8653],[38.8777,47.8674],[38.88,47.8763],[38.9044,47.8724],[38.9129,47.8755],[38.9432,47.8731],[38.9547,47.8693],[39.0736,47.8694],[39.0654,47.8949],[39.092,47.9409],[39.0841,47.9415],[39.0751,47.9529],[39.0583,47.9464],[39.0536,47.9533],[39.0391,47.956],[39.044,47.9866],[39.0401,48.0069],[38.8621,48.0156],[38.8369,48.014],[38.8213,48.0356],[38.826,48.0381],[38.8151,48.0469],[38.8301,48.0627],[38.8254,48.0669],[38.8291,48.0776],[38.8174,48.0661],[38.7986,48.0742],[38.8198,48.0846],[38.8072,48.0887],[38.8199,48.1157],[38.8016,48.1179],[38.7668,48.132],[38.7379,48.1341],[38.6908,48.1459],[38.6953,48.1594],[38.6715,48.1594],[38.6712,48.1641],[38.6383,48.1615],[38.6056,48.1715],[38.5982,48.18],[38.6104,48.1907],[38.6117,48.2046],[38.596,48.217],[38.5892,48.2342],[38.5875,48.2355],[38.5872,48.2424],[38.5901,48.252],[38.5777,48.2654],[38.5594,48.2744],[38.5415,48.2719],[38.4273,48.2789],[38.4245,48.2879],[38.4331,48.2978],[38.4259,48.3081],[38.4384,48.3155],[38.4341,48.3402],[38.4618,48.347],[38.4714,48.3601],[38.4941,48.3629],[38.4729,48.3677],[38.469,48.3789],[38.4477,48.3788],[38.4375,48.3966],[38.4397,48.418],[38.4358,48.4235],[38.434,48.4443],[38.4335,48.4475],[38.4008,48.4397],[38.4028,48.4343],[38.3906,48.4314],[38.3973,48.4134],[38.373,48.413],[38.352,48.4166],[38.3522,48.4092],[38.3374,48.4115],[38.3338,48.4104],[38.3453,48.4017],[38.346,48.3885],[38.3277,48.3994],[38.3164,48.3968],[38.3162,48.3902],[38.2743,48.3892],[38.2723,48.3966],[38.2516,48.3958],[38.2608,48.3726],[38.2552,48.3658],[38.208,48.3609],[38.1987,48.3984],[38.2015,48.4039],[38.1917,48.4128],[38.1734,48.4063],[38.172,48.4002],[38.1571,48.394],[38.1524,48.4004],[38.1244,48.3991],[38.118,48.3938],[38.1036,48.3931],[38.109,48.4013],[38.0957,48.4134],[38.0573,48.4199],[38.0564,48.4136],[38.0419,48.4152],[38.0239,48.4361],[38.0321,48.4453],[38.0352,48.4748],[38.0224,48.4753],[38.0192,48.467],[38.01,48.4682],[38.0053,48.4578],[37.9587,48.4535],[37.9587,48.4456],[37.9644,48.4102],[37.9636,48.3989],[37.9726,48.3901],[37.9882,48.3826],[37.9832,48.3736],[37.9709,48.38],[37.9527,48.3773],[37.9573,48.3668],[37.9414,48.3602],[37.9358,48.3599],[37.9297,48.3562],[37.9274,48.3527],[37.9184,48.3552],[37.9071,48.3517],[37.9127,48.3409],[37.9224,48.342],[37.9268,48.3331],[37.9395,48.3309],[37.9404,48.3237],[37.9064,48.3184],[37.904,48.3067],[37.8863,48.3073],[37.887,48.2958],[37.8937,48.2881],[37.9051,48.2888],[37.9089,48.2631],[37.9213,48.2667],[37.9273,48.2541],[37.8895,48.2496],[37.8941,48.2315],[37.9337,48.2304],[37.9354,48.2162],[37.9214,48.212],[37.9324,48.2086],[37.956,48.2093],[37.948,48.1962]]]]},"properties":{"key":"горлівський","name":"Горлівський район","source_group":"raion"}},{"id":"дніпровський","type":"Feature","geometry":{"type":"MultiPolygon","coordinates":[[[[34.6042,48.2923],[34.5945,48.2863],[34.5859,48.2834],[34.5915,48.2539],[34.5645,48.252],[34.5578,48.2724],[34.5288,48.2728],[34.5313,48.2655],[34.5179,48.2675],[34.5081,48.2551],[34.474,48.2645],[34.4619,48.2413],[34.4557,48.2368],[34.4267,48.2341],[34.4351,48.1966],[34.4027,48.1934],[34.399,48.207],[34.3829,48.2063],[34.3944,48.1603],[34.4389,48.1651],[34.4371,48.1719],[34.4524,48.1714],[34.4543,48.1665],[34.4438,48.1558],[34.4105,48.1547],[34.4102,48.142],[34.4268,48.1401],[34.4292,48.1293],[34.3889,48.1263],[34.3786,48.1209],[34.3755,48.1308],[34.2958,48.1164],[34.2809,48.1094],[34.29,48.0787],[34.2322,48.0672],[34.2283,48.0727],[34.196,48.0681],[34.202,48.0564],[34.2221,48.0574],[34.223,48.0466],[34.2311,48.0479],[34.2373,48.029],[34.2212,48.0273],[34.2236,48.0174],[34.2082,48.0144],[34.2099,48.0041],[34.1978,48.0015],[34.1992,47.9727],[34.1844,47.9705],[34.1863,47.9621],[34.2377,47.9637],[34.2351,47.9755],[34.3014,47.9793],[34.3066,47.9491],[34.3193,47.9305],[34.3374,47.9334],[34.3417,47.9194],[34.3773,47.923],[34.3767,47.9257],[34.4082,47.928],[34.4077,47.9339],[34.3755,47.9293],[34.3737,47.9393],[34.4194,47.9441],[34.4176,47.9518],[34.4404,47.9537],[34.4477,47.9276],[34.4529,47.9243],[34.4945,47.9288],[34.4934,47.9355],[34.5324,47.94],[34.5313,47.9512],[34.5548,47.9531],[34.5537,47.9586],[34.5906,47.9625],[34.5871,47.9797],[34.6097,47.9821],[34.6029,48.0136],[34.6668,48.0213],[34.6674,48.019],[34.7309,48.0262],[34.7438,47.9858],[34.769,47.9955],[34.77,47.9924],[34.8207,47.9968],[34.8199,48.0104],[34.8475,48.0136],[34.8401,48.0506],[34.8751,48.0545],[34.8552,48.1331],[34.878,48.1336],[34.8812,48.1272],[34.9169,48.1311],[34.921,48.114],[34.9115,48.1132],[34.9154,48.0907],[34.9296,48.0908],[34.9868,48.0967],[34.9905,48.0894],[35.0037,48.0949],[35.0392,48.0985],[35.0409,48.1047],[35.0589,48.1215],[35.0805,48.1234],[35.1009,48.1306],[35.1178,48.1312],[35.1573,48.1287],[35.1782,48.131],[35.1941,48.1406],[35.197,48.1459],[35.1902,48.1665],[35.1892,48.1797],[35.1946,48.2053],[35.1955,48.2359],[35.1831,48.2609],[35.1917,48.2642],[35.2161,48.252],[35.2304,48.2554],[35.2478,48.2785],[35.2493,48.2989],[35.2541,48.3132],[35.2622,48.3112],[35.2722,48.3228],[35.2818,48.3256],[35.2568,48.3524],[35.2778,48.3611],[35.2713,48.3666],[35.3092,48.3708],[35.2802,48.3853],[35.2803,48.3943],[35.269,48.3919],[35.2528,48.4075],[35.2689,48.4058],[35.2507,48.4248],[35.2355,48.4276],[35.2384,48.4329],[35.3032,48.4411],[35.2877,48.4625],[35.3132,48.4737],[35.2985,48.492],[35.2806,48.4861],[35.2543,48.5172],[35.2416,48.521],[35.2345,48.5445],[35.1867,48.5661],[35.1609,48.5832],[35.1527,48.5794],[35.1442,48.5858],[35.1728,48.598],[35.1627,48.6116],[35.1848,48.6507],[35.1951,48.657],[35.2124,48.6521],[35.2005,48.6657],[35.1689,48.6573],[35.1594,48.6602],[35.1387,48.6489],[35.1318,48.6616],[35.1609,48.6736],[35.1369,48.6997],[35.1551,48.707],[35.1608,48.7323],[35.107,48.7434],[35.0679,48.7558],[35.022,48.7013],[35.0079,48.6924],[34.9809,48.7088],[34.9873,48.713],[34.9719,48.722],[34.9392,48.7019],[34.9281,48.7098],[34.9303,48.7208],[34.9447,48.7244],[34.9521,48.7201],[34.9644,48.7269],[34.9534,48.7334],[34.9382,48.7498],[34.928,48.7529],[34.9517,48.7659],[34.9538,48.7754],[34.9478,48.7811],[34.955,48.7932],[34.9476,48.7942],[34.9293,48.7833],[34.8967,48.8097],[34.9081,48.8157],[34.9075,48.8224],[34.8911,48.8335],[34.8761,48.8227],[34.868,48.8282],[34.8539,48.828],[34.8416,48.8226],[34.8491,48.8058],[34.8425,48.8041],[34.8266,48.7902],[34.826,48.7833],[34.8384,48.7767],[34.81,48.7552],[34.7963,48.7595],[34.7869,48.7565],[34.7924,48.778],[34.7731,48.7909],[34.7782,48.8196],[34.7689,48.8242],[34.7655,48.8449],[34.7378,48.8526],[34.7365,48.8715],[34.7858,48.8986],[34.7799,48.9036],[34.7891,48.9088],[34.7591,48.9336],[34.7522,48.9306],[34.7405,48.9403],[34.7582,48.9471],[34.7444,48.9631],[34.7534,48.9674],[34.7297,48.9903],[34.7394,48.9955],[34.6926,49.0475],[34.6691,49.0388],[34.6566,49.0525],[34.6801,49.062],[34.6762,49.0666],[34.6873,49.0727],[34.6716,49.0923],[34.672,49.0974],[34.6485,49.0985],[34.6405,49.104],[34.624,49.1234],[34.6074,49.1152],[34.6089,49.113],[34.5988,49.112],[34.5883,49.1075],[34.5937,49.0949],[34.5699,49.0891],[34.5645,49.0725],[34.5729,49.0636],[34.5592,49.0551],[34.5404,49.0566],[34.5162,49.0721],[34.4984,49.0609],[34.4752,49.0727],[34.4648,49.0647],[34.4028,49.0949],[34.4049,49.0753],[34.4166,49.0553],[34.3914,49.0504],[34.3966,49.0439],[34.3673,49.0362],[34.3542,49.017],[34.3457,49.0172],[34.3306,49.0072],[34.3276,48.9997],[34.3421,48.9945],[34.3544,48.9839],[34.3135,48.9424],[34.3035,48.9099],[34.3012,48.8971],[34.311,48.8891],[34.3065,48.8848],[34.3384,48.8715],[34.3368,48.857],[34.3489,48.8563],[34.3493,48.8464],[34.3256,48.8439],[34.3233,48.829],[34.3463,48.8245],[34.3351,48.8213],[34.296,48.8209],[34.2977,48.7846],[34.3147,48.7853],[34.3246,48.7928],[34.3423,48.7838],[34.3098,48.7643],[34.3165,48.7575],[34.3127,48.741],[34.3016,48.7337],[34.307,48.7283],[34.2931,48.7231],[34.2975,48.7127],[34.3058,48.7076],[34.3361,48.7068],[34.3529,48.7012],[34.3601,48.6906],[34.353,48.6779],[34.3568,48.6706],[34.3857,48.6586],[34.399,48.6485],[34.4368,48.6409],[34.442,48.6332],[34.4408,48.6152],[34.4586,48.5965],[34.4983,48.5861],[34.515,48.5792],[34.5454,48.5549],[34.5588,48.583],[34.5405,48.5993],[34.5309,48.6033],[34.5452,48.6057],[34.554,48.6137],[34.5645,48.6098],[34.6006,48.6296],[34.6135,48.6214],[34.6117,48.6074],[34.6212,48.6005],[34.6327,48.6007],[34.6361,48.5889],[34.5757,48.5857],[34.5688,48.5672],[34.5714,48.5565],[34.5814,48.5538],[34.5845,48.5432],[34.5921,48.5403],[34.6252,48.5391],[34.6455,48.5347],[34.6644,48.5361],[34.6859,48.5333],[34.7017,48.5188],[34.7332,48.5001],[34.7665,48.4912],[34.7652,48.4851],[34.7513,48.4839],[34.7695,48.4744],[34.7595,48.453],[34.7608,48.4399],[34.7431,48.4408],[34.7245,48.4638],[34.7018,48.4718],[34.7012,48.4534],[34.7119,48.4472],[34.7009,48.4382],[34.6836,48.4433],[34.6943,48.4517],[34.6725,48.4641],[34.6612,48.4628],[34.6584,48.4727],[34.6415,48.4668],[34.6438,48.4564],[34.6317,48.4584],[34.5896,48.4509],[34.5781,48.4593],[34.5575,48.463],[34.5526,48.4568],[34.5127,48.4573],[34.5109,48.4416],[34.5359,48.4404],[34.5349,48.4264],[34.5508,48.4258],[34.562,48.4205],[34.5652,48.4063],[34.5802,48.3665],[34.5836,48.3665],[34.5987,48.3312],[34.5689,48.326],[34.5704,48.3187],[34.5927,48.3086],[34.6042,48.2923]]]]},"properties":{"key":"дніпровський","name":"Дніпровський район","source_group":"raion"}},{"id":"дністровський","type":"Feature","geometry":{"type":"MultiPolygon","coordinates":[[[[26.518,48.2383],[26.5234,48.2093],[26.5477,48.2158],[26.5487,48.2242],[26.57,48.2198],[26.5727,48.2399],[26.5876,48.2458],[26.596,48.2386],[26.6198,48.2393],[26.6184,48.2516],[26.6304,48.2481],[26.63,48.2599],[26.6163,48.2744],[26.6424,48.2906],[26.6482,48.3049],[26.6758,48.3174],[26.6759,48.3248],[26.6958,48.3271],[26.6898,48.3449],[26.6823,48.3555],[26.6941,48.36],[26.7342,48.3184],[26.7366,48.3129],[26.7579,48.3238],[26.767,48.3022],[26.7938,48.2918],[26.8171,48.2949],[26.8256,48.3042],[26.8222,48.3119],[26.831,48.3142],[26.8241,48.3443],[26.8081,48.3516],[26.7964,48.343],[26.765,48.3537],[26.7394,48.38],[26.7092,48.4054],[26.7245,48.4118],[26.7539,48.3988],[26.7684,48.4071],[26.775,48.4183],[26.7878,48.4192],[26.8514,48.413],[26.8728,48.4198],[26.8896,48.4094],[26.9012,48.3968],[26.8946,48.3836],[26.9318,48.363],[26.931,48.3722],[26.9951,48.3594],[27.0021,48.3643],[27.0046,48.3802],[27.0279,48.3826],[27.046,48.3741],[27.045,48.4025],[27.0402,48.4108],[27.0136,48.4205],[27.0141,48.425],[27.0291,48.4271],[27.0371,48.4234],[27.0518,48.4261],[27.0623,48.4212],[27.0692,48.4325],[27.085,48.4346],[27.0873,48.4129],[27.1025,48.4006],[27.1236,48.3791],[27.139,48.3745],[27.168,48.3807],[27.1924,48.3949],[27.1999,48.3891],[27.2133,48.3909],[27.2357,48.3729],[27.2634,48.3802],[27.2857,48.3714],[27.2969,48.4085],[27.314,48.4227],[27.3115,48.4286],[27.3197,48.4435],[27.3373,48.4409],[27.3389,48.4481],[27.354,48.4405],[27.3533,48.4489],[27.3733,48.4418],[27.3785,48.4152],[27.3837,48.4106],[27.4065,48.4105],[27.4177,48.4136],[27.4473,48.4094],[27.4622,48.4337],[27.4662,48.4485],[27.4908,48.4582],[27.5049,48.4553],[27.5346,48.4702],[27.5201,48.4702],[27.4961,48.4844],[27.4793,48.5056],[27.4828,48.528],[27.4781,48.5506],[27.4612,48.5836],[27.4441,48.6035],[27.4032,48.6211],[27.3641,48.6309],[27.3529,48.6291],[27.3436,48.6185],[27.334,48.604],[27.3157,48.5997],[27.3024,48.6036],[27.2959,48.6118],[27.2746,48.6248],[27.2545,48.6254],[27.2461,48.6226],[27.2405,48.6167],[27.2384,48.6119],[27.2394,48.6075],[27.2592,48.5886],[27.2613,48.5739],[27.2582,48.5702],[27.2468,48.566],[27.234,48.5654],[27.2174,48.5675],[27.1921,48.5791],[27.1665,48.5821],[27.1404,48.5762],[27.1257,48.5636],[27.1078,48.5573],[27.0877,48.557],[27.0446,48.5644],[27.0037,48.5692],[26.995,48.5751],[26.9891,48.5868],[26.9795,48.5874],[26.9682,48.576],[26.9391,48.5763],[26.9259,48.5735],[26.9154,48.5653],[26.9052,48.5506],[26.8831,48.5413],[26.8633,48.5446],[26.8414,48.5568],[26.8244,48.5758],[26.8208,48.59],[26.8251,48.6051],[26.8214,48.6083],[26.8149,48.6103],[26.7995,48.6092],[26.7862,48.6026],[26.7797,48.5975],[26.7784,48.588],[26.7948,48.5671],[26.7869,48.5508],[26.7802,48.5465],[26.7609,48.5475],[26.7548,48.5552],[26.7501,48.5748],[26.7431,48.5827],[26.7228,48.5865],[26.7239,48.5745],[26.7386,48.5668],[26.7427,48.557],[26.7397,48.5385],[26.7165,48.5299],[26.7051,48.5322],[26.6766,48.5532],[26.6605,48.5598],[26.6386,48.5609],[26.6188,48.5517],[26.6177,48.5448],[26.6206,48.5387],[26.6257,48.5362],[26.6641,48.5428],[26.6748,48.5403],[26.6805,48.524],[26.7054,48.5101],[26.7144,48.4942],[26.7105,48.4894],[26.7009,48.4861],[26.6823,48.4847],[26.6556,48.4859],[26.6371,48.5053],[26.6278,48.5088],[26.6122,48.5077],[26.6081,48.4948],[26.6267,48.4685],[26.617,48.4545],[26.5917,48.4512],[26.5671,48.4534],[26.5539,48.4593],[26.5319,48.4913],[26.5023,48.5209],[26.4958,48.5371],[26.4897,48.5429],[26.4839,48.5457],[26.4672,48.5445],[26.433,48.5346],[26.4041,48.5371],[26.3853,48.5314],[26.3665,48.5117],[26.3552,48.5078],[26.3257,48.5162],[26.3079,48.5084],[26.2939,48.5153],[26.2827,48.5344],[26.2603,48.5387],[26.2292,48.5303],[26.1942,48.5247],[26.1657,48.5288],[26.1546,48.5363],[26.1479,48.5469],[26.1446,48.5663],[26.146,48.5899],[26.144,48.6002],[26.1265,48.6161],[26.1106,48.6182],[26.1011,48.6127],[26.0975,48.6051],[26.097,48.5978],[26.105,48.59],[26.1071,48.5797],[26.1259,48.5679],[26.1282,48.5596],[26.1265,48.5504],[26.1181,48.5436],[26.1222,48.5403],[26.1072,48.5279],[26.0929,48.524],[26.1071,48.4856],[26.0799,48.4824],[26.0709,48.4965],[26.0625,48.4963],[26.0929,48.4626],[26.1187,48.4699],[26.1609,48.4437],[26.1868,48.4294],[26.1958,48.4108],[26.2233,48.3874],[26.2038,48.3754],[26.2177,48.3586],[26.2066,48.3511],[26.2055,48.3389],[26.2135,48.3296],[26.242,48.3304],[26.2487,48.3479],[26.2631,48.3622],[26.2967,48.347],[26.3227,48.3649],[26.3578,48.3507],[26.3645,48.3618],[26.3829,48.3583],[26.3907,48.3613],[26.388,48.3355],[26.3983,48.3336],[26.4178,48.3567],[26.4172,48.3606],[26.4529,48.3449],[26.4706,48.3459],[26.4862,48.318],[26.4872,48.287],[26.518,48.2519],[26.518,48.2383]]]]},"properties":{"key":"дністровський","name":"Дністровський район","source_group":"raion"}},{"id":"донецький","type":"Feature","geometry":{"type":"MultiPolygon","coordinates":[[[[38.3564,47.617],[38.4565,47.6174],[38.4566,47.6441],[38.6165,47.6442],[38.6299,47.6532],[38.6286,47.6692],[38.6653,47.6695],[38.6656,47.6988],[38.7286,47.6987],[38.7298,47.6909],[38.7391,47.6863],[38.736,47.6807],[38.7514,47.6848],[38.7725,47.6856],[38.773,47.7198],[38.7765,47.7351],[38.7893,47.737],[38.7897,47.7686],[38.7958,47.7765],[38.7888,47.7785],[38.7845,47.7918],[38.7909,47.797],[38.7896,47.8154],[38.8284,47.8153],[38.8305,47.8272],[38.8251,47.8406],[38.8298,47.8498],[38.8425,47.8514],[38.8429,47.8653],[38.8327,47.8704],[38.7754,47.879],[38.7764,47.8709],[38.7483,47.8651],[38.7356,47.9139],[38.704,47.9202],[38.6728,47.9108],[38.6534,47.9156],[38.6508,47.928],[38.6436,47.9315],[38.6071,47.9172],[38.595,47.9382],[38.5962,47.961],[38.5592,47.9602],[38.5604,47.9318],[38.5576,47.93],[38.5257,47.9361],[38.5222,47.9549],[38.5181,47.9574],[38.5048,47.9492],[38.495,47.9534],[38.4643,47.945],[38.4653,47.9396],[38.4479,47.9366],[38.4338,47.948],[38.3919,47.9576],[38.3914,47.9647],[38.379,47.9685],[38.3766,47.9783],[38.3642,47.9873],[38.3571,48.0315],[38.339,48.0261],[38.3361,48.0421],[38.3049,48.056],[38.2958,48.0539],[38.2976,48.0634],[38.2916,48.0685],[38.2747,48.0621],[38.2642,48.0689],[38.2868,48.0769],[38.3126,48.0752],[38.3355,48.0711],[38.3404,48.0732],[38.3374,48.0792],[38.3376,48.0873],[38.3291,48.0926],[38.3182,48.0877],[38.3065,48.0944],[38.3184,48.0955],[38.3143,48.1076],[38.2933,48.1054],[38.2998,48.1105],[38.3037,48.1112],[38.3115,48.1228],[38.2943,48.1313],[38.2943,48.1242],[38.2807,48.1254],[38.2713,48.1393],[38.2647,48.137],[38.2641,48.1261],[38.2484,48.1265],[38.2469,48.109],[38.2567,48.102],[38.2295,48.1002],[38.2286,48.088],[38.2107,48.0881],[38.2284,48.0794],[38.2306,48.071],[38.2194,48.0705],[38.2159,48.0792],[38.1971,48.0827],[38.1761,48.0921],[38.152,48.0866],[38.1707,48.0996],[38.186,48.1038],[38.2078,48.1174],[38.2224,48.1232],[38.2253,48.1336],[38.1817,48.1354],[38.1843,48.1459],[38.1691,48.1468],[38.1669,48.154],[38.1498,48.1646],[38.14,48.1791],[38.1245,48.1708],[38.0806,48.1549],[38.0772,48.1572],[38.0563,48.1427],[38.0413,48.1442],[38.0378,48.1652],[38.0267,48.1578],[38.0025,48.1749],[37.9988,48.1929],[37.9851,48.1994],[37.9765,48.1933],[37.9671,48.1965],[37.948,48.1962],[37.9337,48.1839],[37.9336,48.1725],[37.8955,48.1638],[37.895,48.1436],[37.8761,48.1399],[37.8727,48.1485],[37.8425,48.1464],[37.8325,48.1563],[37.8411,48.1631],[37.8479,48.1804],[37.8222,48.1802],[37.8177,48.1836],[37.7903,48.1627],[37.7751,48.1476],[37.7766,48.1422],[37.7999,48.1417],[37.8084,48.1198],[37.8013,48.1125],[37.7756,48.1063],[37.7528,48.1138],[37.7495,48.1249],[37.7161,48.1232],[37.7172,48.1188],[37.6898,48.1156],[37.6999,48.0621],[37.7059,48.058],[37.6948,48.0506],[37.6872,48.0542],[37.6562,48.0334],[37.6594,48.0202],[37.674,48.0151],[37.6696,48.0098],[37.6787,48.0032],[37.6525,47.9985],[37.6243,48.0061],[37.6144,48.0562],[37.5573,48.0521],[37.5577,48.0381],[37.5625,48.0361],[37.5619,48.0083],[37.552,48.0083],[37.5538,47.9794],[37.5601,47.9771],[37.5426,47.9683],[37.5289,47.9399],[37.5539,47.9318],[37.5403,47.9176],[37.547,47.9079],[37.5472,47.8678],[37.6024,47.8658],[37.5942,47.8872],[37.6078,47.89],[37.6109,47.9232],[37.6285,47.9229],[37.6296,47.9192],[37.6563,47.9197],[37.6612,47.9097],[37.6808,47.9099],[37.6939,47.8998],[37.6945,47.893],[37.7202,47.9027],[37.7207,47.8973],[37.783,47.9032],[37.7985,47.9033],[37.7922,47.8967],[37.7963,47.8839],[37.8219,47.8853],[37.8103,47.9033],[37.8529,47.9076],[37.8613,47.9038],[37.8628,47.8953],[37.872,47.896],[37.8792,47.8872],[37.9071,47.8849],[37.9128,47.8716],[37.9039,47.8683],[37.9129,47.8532],[37.9099,47.8333],[37.934,47.8346],[37.9221,47.8406],[37.9483,47.8572],[37.9621,47.8536],[37.9649,47.8616],[37.9783,47.8563],[38.0037,47.8533],[38.0059,47.8445],[38.0291,47.832],[38.0286,47.8128],[38.0631,47.8135],[38.0637,47.8214],[38.0945,47.8214],[38.09,47.8317],[38.0976,47.8369],[38.1208,47.8298],[38.1294,47.8307],[38.1268,47.8201],[38.1428,47.8065],[38.1599,47.815],[38.1827,47.8354],[38.207,47.8103],[38.23,47.8065],[38.2348,47.8137],[38.258,47.8156],[38.2344,47.7858],[38.2251,47.7837],[38.217,47.7681],[38.1895,47.7694],[38.1771,47.7725],[38.1653,47.7589],[38.191,47.7607],[38.1896,47.7306],[38.2081,47.7302],[38.2108,47.7236],[38.2252,47.7228],[38.229,47.7147],[38.2534,47.7052],[38.2832,47.6881],[38.3034,47.7027],[38.3172,47.7029],[38.3203,47.6884],[38.3258,47.6876],[38.329,47.6663],[38.3272,47.6538],[38.34,47.6523],[38.34,47.6307],[38.3577,47.6268],[38.3564,47.617]]]]},"properties":{"key":"донецький","name":"Донецький район","source_group":"raion"}},{"id":"дрогобицький","type":"Feature","geometry":{"type":"MultiPolygon","coordinates":[[[[23.6752,49.1193],[23.6983,49.1348],[23.7107,49.1476],[23.7172,49.1497],[23.7087,49.1528],[23.7569,49.1922],[23.787,49.2096],[23.8392,49.2374],[23.8174,49.2457],[23.8081,49.2569],[23.8031,49.2547],[23.7855,49.2607],[23.7772,49.2545],[23.7743,49.2433],[23.7602,49.2342],[23.7322,49.242],[23.6961,49.2427],[23.6838,49.2401],[23.6908,49.2533],[23.671,49.2642],[23.6694,49.2828],[23.6812,49.2804],[23.7036,49.2987],[23.7292,49.3066],[23.7436,49.3238],[23.7437,49.3328],[23.7732,49.338],[23.7808,49.3369],[23.7891,49.3516],[23.7728,49.3495],[23.7718,49.361],[23.7915,49.3704],[23.7926,49.3776],[23.8056,49.3786],[23.7994,49.4016],[23.7916,49.3995],[23.7867,49.4078],[23.7938,49.4199],[23.7845,49.4203],[23.7913,49.428],[23.7867,49.4334],[23.8008,49.4488],[23.7724,49.4532],[23.7657,49.462],[23.7597,49.447],[23.7372,49.449],[23.7344,49.4663],[23.7453,49.4686],[23.7399,49.4755],[23.7503,49.4841],[23.7827,49.478],[23.7898,49.4942],[23.7393,49.499],[23.7194,49.5009],[23.7142,49.516],[23.6858,49.5189],[23.6727,49.5179],[23.6484,49.5217],[23.6387,49.5302],[23.64,49.5311],[23.5837,49.5392],[23.5693,49.5458],[23.5623,49.517],[23.5681,49.5114],[23.5537,49.4976],[23.5228,49.4909],[23.4972,49.49],[23.4716,49.495],[23.4279,49.4852],[23.3991,49.4828],[23.4045,49.471],[23.3865,49.4604],[23.3677,49.4582],[23.3576,49.4632],[23.3451,49.455],[23.3206,49.4551],[23.3126,49.4585],[23.2833,49.4612],[23.2685,49.4367],[23.2495,49.4299],[23.2582,49.4069],[23.2519,49.3924],[23.2421,49.3867],[23.2329,49.3677],[23.2362,49.3664],[23.2171,49.3536],[23.204,49.3566],[23.1952,49.3667],[23.1555,49.3615],[23.1466,49.3455],[23.1284,49.3386],[23.1111,49.3375],[23.1154,49.3265],[23.106,49.3179],[23.1188,49.3082],[23.1107,49.301],[23.1172,49.2915],[23.129,49.2908],[23.1481,49.2822],[23.163,49.2634],[23.151,49.2582],[23.1421,49.2431],[23.1835,49.2098],[23.2147,49.2007],[23.2042,49.1878],[23.2162,49.1809],[23.1914,49.1623],[23.1729,49.154],[23.1749,49.1317],[23.1716,49.1222],[23.1777,49.1135],[23.1654,49.102],[23.1869,49.0856],[23.2156,49.0535],[23.2491,49.0306],[23.2692,49.0483],[23.271,49.0585],[23.2814,49.0642],[23.2882,49.075],[23.2885,49.0917],[23.2825,49.1165],[23.2737,49.1291],[23.2805,49.1355],[23.3026,49.1386],[23.3077,49.153],[23.336,49.1466],[23.3349,49.1413],[23.3527,49.1356],[23.3774,49.1535],[23.3907,49.1739],[23.3766,49.1874],[23.3544,49.2007],[23.3653,49.2051],[23.378,49.2033],[23.3918,49.209],[23.4309,49.23],[23.445,49.2299],[23.443,49.2143],[23.4501,49.1977],[23.4632,49.1899],[23.5013,49.1894],[23.5128,49.186],[23.5545,49.1619],[23.5804,49.1667],[23.6083,49.1505],[23.6209,49.1401],[23.6458,49.1329],[23.6752,49.1193]]]]},"properties":{"key":"дрогобицький","name":"Дрогобицький район","source_group":"raion"}},{"id":"дубенський","type":"Feature","geometry":{"type":"MultiPolygon","coordinates":[[[[25.3593,50.0171],[25.3644,50.047],[25.3891,50.0484],[25.4319,50.053],[25.4382,50.0727],[25.4512,50.0742],[25.459,50.0826],[25.453,50.0942],[25.489,50.1019],[25.4837,50.1134],[25.4551,50.117],[25.4489,50.1255],[25.4501,50.1518],[25.477,50.1665],[25.5024,50.1644],[25.5009,50.1563],[25.5537,50.1502],[25.5753,50.1766],[25.5955,50.1698],[25.6252,50.153],[25.6899,50.179],[25.7038,50.1716],[25.7219,50.1741],[25.7284,50.1875],[25.7627,50.1796],[25.7951,50.1847],[25.8206,50.1809],[25.856,50.1903],[25.872,50.2057],[25.8725,50.2132],[25.8984,50.2339],[25.9231,50.2489],[25.92,50.2532],[25.9214,50.2551],[25.9301,50.2572],[25.9565,50.2578],[25.9611,50.2567],[25.974,50.2466],[25.9888,50.2463],[26.003,50.2389],[26.0113,50.2288],[26.0209,50.2307],[26.0633,50.2544],[26.1128,50.242],[26.1158,50.2515],[26.13,50.2721],[26.1209,50.2748],[26.1062,50.2671],[26.0821,50.2709],[26.0616,50.2688],[26.0259,50.2875],[25.9955,50.3108],[25.9916,50.3238],[25.9713,50.3508],[25.9576,50.3525],[25.9282,50.3675],[25.938,50.3824],[25.9251,50.3924],[25.9332,50.3948],[25.9639,50.3915],[25.9752,50.3931],[25.9996,50.3862],[26.0434,50.3788],[26.0614,50.3815],[26.0647,50.3892],[26.0595,50.41],[26.0696,50.4094],[26.0662,50.4172],[26.079,50.4329],[26.0583,50.4448],[26.0717,50.4596],[26.0832,50.4794],[26.0957,50.4756],[26.0957,50.4994],[26.1027,50.5007],[26.0926,50.5358],[26.0819,50.5377],[26.0642,50.5207],[26.0571,50.5203],[26.0257,50.5047],[26.0178,50.5117],[26.0019,50.5098],[25.9893,50.5149],[25.9783,50.5134],[25.9732,50.5213],[25.9839,50.525],[25.9912,50.5353],[25.9864,50.5389],[25.9561,50.5447],[25.9493,50.5395],[25.9044,50.5645],[25.9181,50.5704],[25.9119,50.59],[25.8875,50.5935],[25.8845,50.5977],[25.8563,50.6109],[25.8349,50.6048],[25.8218,50.6058],[25.8171,50.5991],[25.8106,50.6049],[25.8302,50.6206],[25.8196,50.6283],[25.8181,50.6326],[25.7939,50.6665],[25.7712,50.6773],[25.7409,50.6705],[25.7082,50.6719],[25.7071,50.6776],[25.7223,50.6837],[25.7061,50.6943],[25.6979,50.7052],[25.6931,50.7246],[25.631,50.7151],[25.6058,50.7183],[25.5969,50.7157],[25.6014,50.6965],[25.5919,50.7004],[25.5792,50.7008],[25.526,50.685],[25.5125,50.6848],[25.5034,50.6794],[25.4759,50.6728],[25.4709,50.6797],[25.4586,50.675],[25.459,50.6629],[25.4054,50.6689],[25.3954,50.6751],[25.3855,50.6888],[25.3764,50.683],[25.3878,50.674],[25.3863,50.6565],[25.3545,50.6491],[25.3535,50.6431],[25.3789,50.6346],[25.3884,50.6209],[25.4039,50.6112],[25.3935,50.6053],[25.3832,50.6117],[25.3511,50.6106],[25.3491,50.6152],[25.327,50.6128],[25.3112,50.631],[25.2915,50.6315],[25.293,50.6128],[25.3052,50.6027],[25.2999,50.5785],[25.3186,50.5833],[25.3214,50.5728],[25.312,50.5489],[25.3003,50.5396],[25.2916,50.541],[25.269,50.5331],[25.2451,50.5339],[25.2307,50.5415],[25.1918,50.543],[25.1908,50.5517],[25.1536,50.5478],[25.138,50.5482],[25.1162,50.5386],[25.1253,50.5278],[25.1465,50.5207],[25.1624,50.5009],[25.156,50.4763],[25.1487,50.4679],[25.1163,50.4723],[25.1037,50.4712],[25.0851,50.4768],[25.0958,50.4688],[25.132,50.4605],[25.1521,50.4477],[25.142,50.4377],[25.1405,50.4285],[25.1528,50.4277],[25.1705,50.4192],[25.1705,50.3956],[25.2024,50.3922],[25.2059,50.3868],[25.2086,50.3814],[25.2096,50.375],[25.2047,50.3677],[25.1885,50.3639],[25.1827,50.3624],[25.174,50.3716],[25.1629,50.3793],[25.1586,50.3732],[25.1429,50.3704],[25.1511,50.3533],[25.1467,50.3433],[25.1669,50.3302],[25.1301,50.3189],[25.1307,50.3115],[25.11,50.3113],[25.103,50.295],[25.1121,50.2942],[25.1133,50.286],[25.1227,50.2829],[25.1639,50.2909],[25.1799,50.2885],[25.2066,50.2798],[25.2026,50.2606],[25.2068,50.247],[25.1914,50.2488],[25.1784,50.2313],[25.1839,50.2239],[25.1681,50.2226],[25.1667,50.2094],[25.17,50.2018],[25.2027,50.1881],[25.2154,50.1802],[25.2016,50.1674],[25.2078,50.1568],[25.197,50.1307],[25.2112,50.1171],[25.2942,50.0422],[25.3108,50.0246],[25.3488,50.0039],[25.3521,50.0178],[25.3593,50.0171]]]]},"properties":{"key":"дубенський","name":"Дубенський район","source_group":"raion"}},{"id":"житомирський","type":"Feature","geometry":{"type":"MultiPolygon","coordinates":[[[[29.3789,49.8491],[29.3967,49.8307],[29.3856,49.8241],[29.4097,49.8099],[29.4239,49.8172],[29.432,49.8147],[29.4384,49.8054],[29.4486,49.8024],[29.4711,49.8157],[29.4833,49.8023],[29.4969,49.8123],[29.4901,49.8258],[29.5071,49.8353],[29.5241,49.8263],[29.5424,49.8211],[29.5478,49.836],[29.5741,49.8372],[29.5745,49.8409],[29.5956,49.843],[29.6018,49.8558],[29.6198,49.8525],[29.6389,49.869],[29.6524,49.8652],[29.667,49.8746],[29.634,49.8771],[29.633,49.8863],[29.6423,49.898],[29.665,49.9109],[29.7283,49.9339],[29.7243,49.9412],[29.7329,49.9456],[29.7223,49.9611],[29.7315,49.9635],[29.7276,49.9704],[29.7132,49.9678],[29.7176,49.978],[29.6959,49.9898],[29.6905,49.9999],[29.6988,50.0055],[29.6827,50.0131],[29.6726,50.0326],[29.694,50.042],[29.6958,50.0678],[29.6914,50.0729],[29.6485,50.1056],[29.6708,50.1164],[29.657,50.1182],[29.6574,50.1244],[29.6884,50.1433],[29.6933,50.1557],[29.6731,50.1612],[29.6504,50.1731],[29.6432,50.18],[29.6548,50.1878],[29.6752,50.2084],[29.685,50.2267],[29.7003,50.2318],[29.6891,50.2402],[29.6806,50.2545],[29.663,50.2658],[29.6723,50.2677],[29.6655,50.2751],[29.6801,50.2738],[29.6893,50.2845],[29.6775,50.2854],[29.6755,50.2966],[29.6808,50.3116],[29.689,50.3105],[29.6923,50.3245],[29.6743,50.3215],[29.6442,50.3234],[29.626,50.3286],[29.6121,50.3414],[29.6378,50.3588],[29.6309,50.3726],[29.6169,50.3654],[29.6114,50.3716],[29.5908,50.3752],[29.5894,50.4018],[29.5599,50.4232],[29.4793,50.4141],[29.4827,50.405],[29.4564,50.4001],[29.442,50.417],[29.4486,50.4208],[29.469,50.4169],[29.4815,50.4203],[29.4967,50.4355],[29.4977,50.4508],[29.4744,50.4497],[29.4737,50.4532],[29.4463,50.4529],[29.4557,50.4717],[29.4824,50.4606],[29.5115,50.4715],[29.5029,50.4849],[29.508,50.4884],[29.5004,50.5038],[29.4608,50.515],[29.4672,50.5282],[29.4593,50.5405],[29.4861,50.5376],[29.5016,50.5494],[29.4989,50.5594],[29.5033,50.5743],[29.4973,50.5794],[29.4942,50.5942],[29.4747,50.6081],[29.4456,50.6202],[29.4784,50.6275],[29.4673,50.6334],[29.4886,50.6467],[29.4777,50.6542],[29.4822,50.6591],[29.5025,50.6612],[29.5088,50.6574],[29.5296,50.6638],[29.532,50.6742],[29.5433,50.6904],[29.5696,50.6955],[29.5861,50.709],[29.598,50.7293],[29.5915,50.7285],[29.586,50.7392],[29.5782,50.738],[29.5836,50.7196],[29.5607,50.7011],[29.5602,50.697],[29.5496,50.6939],[29.5196,50.7048],[29.5143,50.7124],[29.4868,50.7178],[29.5025,50.7299],[29.5023,50.7385],[29.492,50.7315],[29.4782,50.7457],[29.4647,50.7474],[29.4857,50.7199],[29.4622,50.7202],[29.4604,50.7367],[29.4504,50.736],[29.4477,50.7274],[29.4358,50.7234],[29.4121,50.7257],[29.4084,50.7082],[29.3908,50.7036],[29.3776,50.704],[29.3763,50.6925],[29.3379,50.6816],[29.3349,50.6781],[29.3164,50.6893],[29.3134,50.6862],[29.2952,50.6915],[29.2879,50.6853],[29.306,50.6805],[29.2863,50.6606],[29.278,50.6559],[29.2582,50.6562],[29.2534,50.6455],[29.2448,50.643],[29.2362,50.6549],[29.2096,50.6608],[29.2092,50.6707],[29.1986,50.677],[29.179,50.6817],[29.1572,50.6826],[29.1414,50.6676],[29.0967,50.659],[29.0934,50.6568],[29.0602,50.6563],[29.0415,50.6665],[29.0777,50.669],[29.044,50.6771],[29.0383,50.6891],[29.0231,50.6935],[29.022,50.7016],[28.9982,50.7113],[28.9797,50.7107],[28.9763,50.7144],[28.9613,50.7102],[28.9519,50.7163],[28.9351,50.7097],[28.9219,50.7236],[28.9079,50.7268],[28.8586,50.7102],[28.8578,50.7006],[28.8463,50.6913],[28.8537,50.6729],[28.8437,50.6682],[28.8359,50.6726],[28.7828,50.6816],[28.7617,50.6938],[28.742,50.6805],[28.7438,50.6669],[28.7391,50.6553],[28.7272,50.6501],[28.725,50.6676],[28.7088,50.6681],[28.7009,50.6833],[28.7189,50.6914],[28.7259,50.7138],[28.7372,50.7187],[28.6828,50.718],[28.6783,50.7289],[28.6853,50.7393],[28.7011,50.7508],[28.6798,50.7577],[28.6478,50.7546],[28.653,50.7468],[28.6136,50.7353],[28.5937,50.7472],[28.5633,50.7422],[28.5461,50.7416],[28.5421,50.7506],[28.5268,50.7607],[28.5141,50.76],[28.5164,50.7671],[28.4988,50.7687],[28.4852,50.7446],[28.4498,50.7446],[28.4458,50.7532],[28.431,50.7538],[28.4117,50.7478],[28.4098,50.7581],[28.3906,50.7534],[28.3638,50.7587],[28.3375,50.7586],[28.3277,50.754],[28.2981,50.757],[28.29,50.7537],[28.2849,50.7193],[28.2783,50.7181],[28.2623,50.724],[28.2615,50.7118],[28.2422,50.7095],[28.2553,50.6989],[28.26,50.6929],[28.282,50.6808],[28.2784,50.6693],[28.2549,50.6517],[28.2411,50.6383],[28.2421,50.6315],[28.2216,50.6304],[28.1779,50.6097],[28.1589,50.6094],[28.1538,50.6045],[28.1312,50.6029],[28.0962,50.588],[28.0455,50.5943],[28.0557,50.5609],[28.0457,50.5492],[28.03,50.5499],[28.0189,50.5421],[28.0159,50.5335],[27.9942,50.5377],[27.9869,50.5292],[27.9931,50.5202],[27.9407,50.5115],[27.9452,50.5101],[27.9274,50.4775],[27.9394,50.4744],[27.936,50.4578],[27.9456,50.437],[27.931,50.4327],[27.9312,50.4281],[27.9464,50.4261],[27.9594,50.4085],[27.9477,50.4026],[27.9225,50.4082],[27.9223,50.4026],[27.9436,50.3938],[27.9807,50.3972],[27.9984,50.3911],[28.0355,50.3865],[28.0432,50.3799],[28.037,50.3575],[28.0676,50.3402],[28.0472,50.3281],[28.0245,50.3324],[28.0152,50.3217],[27.9814,50.3306],[27.9713,50.2836],[27.9223,50.2879],[27.9106,50.2924],[27.8978,50.2764],[27.8873,50.2783],[27.8785,50.2693],[27.8678,50.2681],[27.866,50.2267],[27.8574,50.23],[27.8611,50.2416],[27.8436,50.2418],[27.8031,50.2483],[27.8011,50.2546],[27.748,50.2496],[27.7523,50.2418],[27.771,50.2422],[27.7722,50.2279],[27.7553,50.2253],[27.7494,50.2316],[27.6983,50.227],[27.6943,50.2382],[27.6706,50.2334],[27.6691,50.2258],[27.6819,50.2172],[27.667,50.2195],[27.6521,50.2084],[27.6591,50.2065],[27.6527,50.1994],[27.6573,50.1927],[27.6646,50.1941],[27.6634,50.1733],[27.6801,50.1588],[27.6714,50.1528],[27.6529,50.1526],[27.648,50.1449],[27.6315,50.1463],[27.6321,50.134],[27.6268,50.1232],[27.6414,50.1152],[27.6238,50.114],[27.6223,50.1058],[27.6308,50.1043],[27.615,50.0874],[27.6596,50.0803],[27.6765,50.0655],[27.6748,50.0567],[27.6814,50.0492],[27.6786,50.0349],[27.6707,50.0264],[27.6569,50.0264],[27.6581,50.034],[27.6414,50.038],[27.6091,50.0059],[27.5919,50.0146],[27.5626,50.0209],[27.5598,50.0127],[27.5473,50.0119],[27.5464,49.9987],[27.5616,49.9831],[27.5652,49.9609],[27.5744,49.9473],[27.5569,49.9446],[27.5563,49.9348],[27.5476,49.9342],[27.5495,49.924],[27.5476,49.9034],[27.5538,49.9015],[27.564,49.9022],[27.5692,49.9102],[27.5959,49.8958],[27.5955,49.8897],[27.6181,49.894],[27.625,49.8922],[27.6103,49.8762],[27.6164,49.8733],[27.622,49.8444],[27.6278,49.8351],[27.6386,49.825],[27.642,49.8122],[27.6573,49.8007],[27.6615,49.7955],[27.6685,49.8077],[27.692,49.803],[27.699,49.8085],[27.7173,49.805],[27.7272,49.7994],[27.7208,49.7876],[27.7076,49.7801],[27.7032,49.7694],[27.7503,49.7554],[27.7626,49.7434],[27.7808,49.7283],[27.788,49.7265],[27.8079,49.7285],[27.8159,49.7343],[27.8151,49.7442],[27.8351,49.7466],[27.835,49.7565],[27.8457,49.7531],[27.8923,49.7572],[27.8934,49.7652],[27.9007,49.7682],[27.9184,49.7678],[27.9249,49.7751],[27.8856,49.7847],[27.8872,49.795],[27.8797,49.8009],[27.8876,49.8144],[27.8825,49.8291],[27.8747,49.8342],[27.8832,49.8423],[27.8976,49.8696],[27.9089,49.8762],[27.9284,49.881],[27.9308,49.8932],[27.9447,49.8935],[27.9504,49.9006],[27.9669,49.9029],[27.9637,49.9238],[27.9892,49.9128],[28.0013,49.9152],[28.0174,49.9053],[28.0673,49.9044],[28.0713,49.8936],[28.0869,49.8881],[28.0767,49.8822],[28.0916,49.8713],[28.0829,49.8525],[28.089,49.8482],[28.1014,49.8567],[28.1266,49.8532],[28.1262,49.8473],[28.1408,49.8494],[28.145,49.8624],[28.187,49.8913],[28.2051,49.8869],[28.2218,49.8871],[28.2267,49.9022],[28.2427,49.9013],[28.2722,49.9185],[28.2923,49.9096],[28.3066,49.9158],[28.3187,49.9075],[28.3424,49.9058],[28.3467,49.9124],[28.3795,49.9368],[28.39,49.9641],[28.3884,49.9816],[28.3836,49.9853],[28.41,50.0044],[28.409,50.011],[28.4296,50.0301],[28.4604,50.031],[28.4637,50.0493],[28.4908,50.0469],[28.4988,50.0496],[28.5216,50.0487],[28.5896,50.0361],[28.5981,50.0437],[28.6169,50.0471],[28.6384,50.0381],[28.6588,50.0454],[28.6781,50.0622],[28.7088,50.057],[28.7146,50.0617],[28.7403,50.0438],[28.7682,50.0383],[28.7777,50.0701],[28.8075,50.0775],[28.8177,50.0894],[28.8362,50.0827],[28.86,50.0856],[28.8704,50.0913],[28.8764,50.1131],[28.8965,50.1368],[28.9396,50.153],[28.9602,50.1485],[28.9646,50.1594],[28.987,50.1577],[29.0054,50.165],[29.0061,50.1713],[29.0236,50.1727],[29.0287,50.1621],[29.0617,50.1556],[29.0719,50.1616],[29.0728,50.175],[29.0809,50.1798],[29.0951,50.1744],[29.0951,50.1663],[29.0858,50.1632],[29.0986,50.1597],[29.1241,50.1584],[29.1366,50.1415],[29.1977,50.1467],[29.1923,50.1351],[29.2166,50.1381],[29.2233,50.1255],[29.2344,50.1244],[29.2221,50.1098],[29.2561,50.1032],[29.271,50.0975],[29.2694,50.0879],[29.2752,50.0769],[29.2674,50.0672],[29.2565,50.0638],[29.2528,50.0539],[29.2778,50.0499],[29.2996,50.0247],[29.2672,50.0117],[29.2794,49.9954],[29.2717,49.996],[29.2838,49.9863],[29.2786,49.9644],[29.2161,49.9688],[29.2241,49.9619],[29.2125,49.9515],[29.2111,49.9439],[29.2211,49.9358],[29.2304,49.933],[29.2481,49.894],[29.2339,49.8866],[29.2353,49.8822],[29.2509,49.882],[29.2516,49.862],[29.2966,49.8598],[29.3078,49.8361],[29.3231,49.8343],[29.3293,49.8463],[29.3307,49.86],[29.3655,49.8597],[29.3665,49.8534],[29.3789,49.8491]]]]},"properties":{"key":"житомирський","name":"Житомирський район","source_group":"raion"}},{"id":"жмеринський","type":"Feature","geometry":{"type":"MultiPolygon","coordinates":[[[[28.3152,48.5856],[28.342,48.6015],[28.3519,48.6144],[28.3694,48.611],[28.382,48.6262],[28.3906,48.6162],[28.4052,48.6299],[28.3933,48.6383],[28.4037,48.6506],[28.4283,48.6571],[28.4705,48.6786],[28.4654,48.695],[28.4589,48.702],[28.466,48.7069],[28.4524,48.72],[28.4506,48.7267],[28.4365,48.7346],[28.4433,48.7404],[28.4211,48.7589],[28.3987,48.75],[28.3654,48.7593],[28.3589,48.7648],[28.3911,48.781],[28.3812,48.7832],[28.3492,48.8066],[28.3475,48.8252],[28.3439,48.8245],[28.315,48.8401],[28.2976,48.8625],[28.2881,48.8706],[28.2933,48.8796],[28.3047,48.8831],[28.2917,48.8883],[28.2946,48.8921],[28.2812,48.9121],[28.2751,48.9096],[28.2557,48.9264],[28.2716,48.9278],[28.2707,48.9364],[28.2835,48.9593],[28.2834,48.9695],[28.2919,48.9752],[28.284,48.9843],[28.2961,48.9862],[28.2861,48.992],[28.2917,48.9981],[28.2834,49.0024],[28.2693,48.9962],[28.2621,48.9993],[28.2494,48.9926],[28.2375,48.9977],[28.2302,48.9919],[28.2203,49.0042],[28.2362,49.0132],[28.2057,49.0276],[28.217,49.0439],[28.1897,49.0639],[28.1994,49.0727],[28.191,49.0803],[28.2103,49.082],[28.234,49.0797],[28.2306,49.0836],[28.2298,49.1078],[28.2074,49.1167],[28.2098,49.1315],[28.1882,49.1435],[28.174,49.1437],[28.1533,49.1619],[28.1862,49.1755],[28.1685,49.1804],[28.1567,49.1748],[28.1364,49.1724],[28.1205,49.1845],[28.1029,49.1884],[28.0925,49.1949],[28.107,49.1978],[28.103,49.2193],[28.1082,49.2299],[28.1214,49.2317],[28.1139,49.2374],[28.0946,49.2353],[28.0847,49.2387],[28.0806,49.2533],[28.0297,49.2598],[28.0282,49.2532],[27.9918,49.2614],[27.9752,49.2609],[27.9682,49.2529],[27.9467,49.2498],[27.9373,49.2352],[27.9173,49.2308],[27.8883,49.2141],[27.8928,49.2091],[27.8956,49.1922],[27.8957,49.1858],[27.8831,49.1776],[27.8705,49.1752],[27.8538,49.1716],[27.8445,49.1783],[27.8217,49.1795],[27.8174,49.1882],[27.8042,49.1863],[27.7911,49.1775],[27.781,49.19],[27.7751,49.1901],[27.779,49.1715],[27.7576,49.1527],[27.7391,49.1405],[27.7126,49.1486],[27.706,49.1405],[27.6946,49.1447],[27.686,49.1414],[27.6407,49.1677],[27.6232,49.1619],[27.6018,49.1617],[27.594,49.1568],[27.5924,49.1405],[27.5973,49.1344],[27.5738,49.1197],[27.5481,49.1299],[27.5335,49.1393],[27.5362,49.1305],[27.5375,49.1227],[27.5171,49.1273],[27.5108,49.132],[27.4931,49.1225],[27.503,49.1084],[27.4916,49.0955],[27.4801,49.0896],[27.5,49.0728],[27.5017,49.0676],[27.4641,49.0704],[27.4386,49.0702],[27.4411,49.0625],[27.4286,49.064],[27.4271,49.0535],[27.4163,49.0551],[27.4027,49.0262],[27.3832,49.0076],[27.4009,49.0003],[27.395,48.9963],[27.3971,48.9877],[27.4085,48.9743],[27.4173,48.9724],[27.4131,48.9555],[27.4002,48.9443],[27.3959,48.9354],[27.3958,48.9251],[27.3954,48.8989],[27.4035,48.891],[27.4064,48.8892],[27.4303,48.8965],[27.4547,48.8994],[27.4655,48.9128],[27.4886,48.9227],[27.5219,48.9036],[27.5302,48.9102],[27.5435,48.9058],[27.5538,48.8921],[27.5715,48.8838],[27.5824,48.8835],[27.6146,48.8473],[27.6121,48.8426],[27.657,48.8272],[27.6749,48.8137],[27.7022,48.8019],[27.703,48.8085],[27.723,48.8036],[27.7331,48.8065],[27.7457,48.8014],[27.7625,48.8052],[27.7736,48.8121],[27.7876,48.8357],[27.8104,48.8374],[27.8103,48.8198],[27.8142,48.8115],[27.8428,48.8102],[27.8649,48.792],[27.8778,48.7903],[27.8993,48.7809],[27.8909,48.7707],[27.8813,48.7723],[27.8791,48.7347],[27.8862,48.7311],[27.8893,48.72],[27.9051,48.7244],[27.9144,48.7135],[27.9125,48.6908],[27.9019,48.6838],[27.9503,48.68],[27.9662,48.6696],[27.9759,48.6399],[27.9952,48.6436],[28.0105,48.6408],[28.0365,48.6408],[28.0491,48.6494],[28.0841,48.6496],[28.0826,48.6438],[28.0992,48.6249],[28.106,48.6264],[28.1133,48.6168],[28.1336,48.6181],[28.1485,48.6154],[28.173,48.6191],[28.1748,48.6095],[28.1966,48.6139],[28.213,48.604],[28.2281,48.599],[28.2444,48.6041],[28.2698,48.587],[28.2993,48.5727],[28.3095,48.5758],[28.3152,48.5856]]]]},"properties":{"key":"жмеринський","name":"Жмеринський район","source_group":"raion"}},{"id":"запорізький","type":"Feature","geometry":{"type":"MultiPolygon","coordinates":[[[[34.9596,47.5656],[34.9698,47.563],[34.9857,47.5691],[35.023,47.5787],[35.0347,47.5915],[35.0332,47.6016],[35.0547,47.6213],[35.081,47.6342],[35.0876,47.6437],[35.1091,47.6554],[35.1049,47.6659],[35.1119,47.6807],[35.1302,47.701],[35.1267,47.7142],[35.144,47.7236],[35.1414,47.7325],[35.1902,47.7381],[35.199,47.7361],[35.1928,47.7257],[35.1998,47.7136],[35.2213,47.6967],[35.2198,47.6824],[35.2261,47.6716],[35.2559,47.6489],[35.3012,47.6706],[35.3099,47.6804],[35.319,47.6704],[35.3344,47.6784],[35.3482,47.6592],[35.362,47.6551],[35.4,47.6561],[35.4006,47.639],[35.4284,47.6385],[35.4302,47.6182],[35.4695,47.6184],[35.4576,47.6045],[35.5494,47.6071],[35.5542,47.584],[35.5674,47.5794],[35.6167,47.5878],[35.6268,47.5932],[35.677,47.6093],[35.692,47.6208],[35.708,47.6278],[35.7358,47.603],[35.7441,47.6057],[35.7561,47.5985],[35.7967,47.6735],[35.7795,47.7549],[35.7826,47.7567],[35.7713,47.8006],[35.7915,47.8039],[35.7875,47.8274],[35.8001,47.8301],[35.8462,47.8334],[35.8505,47.8113],[35.8415,47.7688],[35.8737,47.7716],[35.8915,47.7689],[35.8907,47.7654],[35.9109,47.7627],[35.9081,47.7559],[35.9436,47.7586],[35.9569,47.7541],[35.958,47.7473],[35.9687,47.7436],[35.9735,47.721],[36.0126,47.7252],[36.0076,47.766],[36.1257,47.7775],[36.1504,47.7782],[36.1844,47.775],[36.1761,47.7848],[36.1891,47.8007],[36.1951,47.8068],[36.2047,47.8037],[36.2009,47.8115],[36.2044,47.8253],[36.1973,47.8276],[36.1977,47.8338],[36.1874,47.8411],[36.1969,47.8548],[36.1968,47.8595],[36.1774,47.8575],[36.1785,47.8499],[36.102,47.8435],[36.0985,47.8502],[36.0747,47.8492],[36.0687,47.8676],[36.0591,47.8685],[36.0545,47.8805],[36.081,47.8835],[36.0876,47.862],[36.1175,47.8655],[36.1164,47.8718],[36.1294,47.8905],[36.1216,47.8998],[36.1268,47.9026],[36.1095,47.9247],[36.12,47.9285],[36.1099,47.9418],[36.0844,47.9303],[36.0731,47.9656],[36.0513,47.9592],[36.0483,47.9654],[36.07,47.9722],[36.063,48.0004],[36.0414,48.0039],[36.0345,48.019],[36.0657,48.0252],[36.0523,48.059],[35.998,48.0468],[35.9746,48.0439],[35.9823,48.0629],[35.9735,48.0588],[35.9703,48.0732],[35.9838,48.0792],[35.9836,48.0868],[35.9675,48.095],[35.9101,48.0798],[35.8169,48.0658],[35.8067,48.1003],[35.7842,48.0936],[35.7749,48.0975],[35.7427,48.0964],[35.7046,48.1407],[35.5233,48.0756],[35.5179,48.0937],[35.502,48.0978],[35.4854,48.0965],[35.4495,48.1039],[35.4197,48.1008],[35.4173,48.1096],[35.3981,48.116],[35.3831,48.1193],[35.358,48.1229],[35.3407,48.1243],[35.3366,48.122],[35.3321,48.1267],[35.3172,48.1324],[35.3096,48.1374],[35.2892,48.1423],[35.2703,48.1395],[35.2677,48.134],[35.2413,48.1307],[35.2223,48.1407],[35.2053,48.1321],[35.2035,48.126],[35.2281,48.1158],[35.2056,48.1199],[35.1977,48.1133],[35.191,48.1185],[35.1777,48.1167],[35.1498,48.12],[35.1271,48.1281],[35.0975,48.127],[35.0902,48.1228],[35.0627,48.1194],[35.0514,48.1098],[35.0493,48.0947],[35.1015,48.0848],[35.1065,48.079],[35.1221,48.0821],[35.1339,48.0798],[35.1091,48.0779],[35.1028,48.0713],[35.1127,48.055],[35.123,48.0494],[35.1411,48.0559],[35.1314,48.0461],[35.1523,48.0425],[35.1461,48.0392],[35.158,48.0209],[35.1528,48.0164],[35.1638,48.0087],[35.196,48.0149],[35.1605,48.004],[35.1631,47.9922],[35.1405,47.9774],[35.1342,47.9663],[35.1456,47.9583],[35.1731,47.9574],[35.2023,47.9628],[35.2176,47.9601],[35.1877,47.9589],[35.1724,47.9545],[35.1345,47.9587],[35.1292,47.9542],[35.0874,47.9489],[35.064,47.9565],[35.0928,47.9572],[35.0917,47.9733],[35.0722,47.9771],[35.0651,47.9838],[35.0824,47.9765],[35.1063,47.9736],[35.1002,47.9875],[35.1068,47.9867],[35.1188,48.0008],[35.1191,48.012],[35.1042,48.0167],[35.1205,48.0158],[35.1238,48.0265],[35.0946,48.0418],[35.0828,48.0628],[35.0735,48.0647],[35.0611,48.0777],[35.0226,48.0896],[35.0262,48.0964],[35.0392,48.0985],[35.0037,48.0949],[34.9905,48.0894],[34.9868,48.0967],[34.9296,48.0908],[34.9154,48.0907],[34.9115,48.1132],[34.921,48.114],[34.9169,48.1311],[34.8812,48.1272],[34.878,48.1336],[34.8552,48.1331],[34.8751,48.0545],[34.8401,48.0506],[34.8475,48.0136],[34.859,48.0152],[34.8665,48.0002],[34.8705,47.9831],[34.9055,47.9852],[34.9135,47.9415],[34.9163,47.9342],[34.88,47.9289],[34.8771,47.942],[34.8496,47.9372],[34.8536,47.9217],[34.8027,47.9161],[34.8175,47.8647],[34.8387,47.8691],[34.8498,47.8765],[34.8635,47.8799],[34.8705,47.8517],[34.8974,47.8531],[34.9031,47.831],[34.8793,47.8207],[34.8939,47.7601],[34.9576,47.7698],[34.9645,47.7413],[34.9544,47.7402],[34.958,47.7266],[34.9527,47.7267],[34.9561,47.7127],[34.9308,47.7118],[34.9382,47.6775],[34.9067,47.674],[34.916,47.6347],[34.932,47.6362],[34.9406,47.6007],[34.936,47.5921],[34.9256,47.5949],[34.9482,47.5712],[34.9596,47.5656]]]]},"properties":{"key":"запорізький","name":"Запорізький район","source_group":"raion"}},{"id":"звенигородський","type":"Feature","geometry":{"type":"MultiPolygon","coordinates":[[[[31.3566,48.7432],[31.3614,48.7426],[31.367,48.7397],[31.3701,48.7311],[31.3758,48.7294],[31.3821,48.7286],[31.3858,48.7302],[31.385,48.7336],[31.3871,48.7418],[31.3944,48.748],[31.3938,48.7354],[31.4134,48.7478],[31.4108,48.7549],[31.4199,48.7564],[31.4242,48.7435],[31.438,48.7542],[31.4253,48.7631],[31.4692,48.7878],[31.5288,48.8043],[31.5287,48.8169],[31.5595,48.8292],[31.5576,48.8381],[31.5695,48.8573],[31.5593,48.8628],[31.5834,48.8738],[31.5786,48.885],[31.5693,48.8905],[31.5783,48.8955],[31.5694,48.9013],[31.5814,48.9112],[31.593,48.9056],[31.5786,48.8923],[31.5821,48.8872],[31.6007,48.8941],[31.6208,48.9055],[31.639,48.9076],[31.6442,48.9005],[31.6799,48.9012],[31.6884,48.8963],[31.6983,48.9184],[31.6996,48.9318],[31.7263,48.9346],[31.7535,48.9264],[31.772,48.9349],[31.7575,48.9462],[31.7628,48.9494],[31.7448,48.9622],[31.7286,48.9549],[31.7173,48.9687],[31.7258,48.9845],[31.6939,48.9765],[31.6969,48.9662],[31.6883,48.9526],[31.6769,48.9466],[31.6623,48.9618],[31.625,48.9726],[31.6255,49.0077],[31.6329,49.0086],[31.6163,49.066],[31.6207,49.102],[31.6105,49.101],[31.5633,49.1229],[31.5274,49.1257],[31.5359,49.1433],[31.525,49.1449],[31.4818,49.1689],[31.487,49.1728],[31.4908,49.1915],[31.4679,49.1913],[31.4223,49.1978],[31.3975,49.1978],[31.3891,49.203],[31.344,49.1959],[31.3392,49.2094],[31.3185,49.2321],[31.3088,49.2374],[31.3021,49.2528],[31.283,49.2567],[31.2828,49.2775],[31.2891,49.2864],[31.2851,49.3034],[31.2943,49.3224],[31.2823,49.3264],[31.304,49.3329],[31.3121,49.3587],[31.3361,49.36],[31.3472,49.3437],[31.3831,49.3284],[31.405,49.3353],[31.4218,49.3512],[31.4241,49.3713],[31.4191,49.3718],[31.415,49.3992],[31.4041,49.4095],[31.3746,49.4195],[31.3422,49.4227],[31.3349,49.4274],[31.3594,49.4389],[31.3598,49.4432],[31.3423,49.4332],[31.3266,49.432],[31.333,49.4179],[31.3124,49.4096],[31.2979,49.4132],[31.2854,49.4108],[31.2867,49.3982],[31.2686,49.4008],[31.2668,49.3896],[31.2378,49.3904],[31.2369,49.3985],[31.2284,49.4006],[31.2189,49.4185],[31.2087,49.4145],[31.1738,49.4161],[31.1462,49.4279],[31.1267,49.4238],[31.1251,49.4275],[31.0891,49.4322],[31.0835,49.4303],[31.0635,49.4369],[31.0603,49.4518],[31.0386,49.4584],[31.0326,49.4712],[31.0298,49.4719],[31.0062,49.4507],[31.0063,49.4333],[30.9952,49.4238],[30.9908,49.4226],[30.9634,49.4242],[30.9202,49.416],[30.9218,49.4136],[30.9351,49.406],[30.9276,49.3921],[30.9309,49.3811],[30.9203,49.3812],[30.9092,49.3591],[30.8968,49.3627],[30.8796,49.361],[30.8661,49.3511],[30.8579,49.3543],[30.8342,49.3518],[30.8204,49.3557],[30.7985,49.3541],[30.7799,49.345],[30.7487,49.3446],[30.731,49.3326],[30.7283,49.3322],[30.7154,49.3389],[30.709,49.3349],[30.6764,49.3549],[30.6624,49.354],[30.6612,49.3607],[30.6372,49.3557],[30.6059,49.3708],[30.5835,49.3497],[30.57,49.3543],[30.5561,49.341],[30.5368,49.3275],[30.5171,49.3269],[30.4721,49.3655],[30.4377,49.3493],[30.4388,49.3325],[30.4123,49.3301],[30.4202,49.3023],[30.4374,49.3012],[30.4649,49.2892],[30.4587,49.2747],[30.5147,49.2532],[30.4955,49.2],[30.4514,49.2044],[30.4323,49.208],[30.4331,49.2113],[30.4092,49.2138],[30.3982,49.2106],[30.4019,49.2056],[30.3917,49.1905],[30.4011,49.1943],[30.4237,49.1832],[30.4754,49.1809],[30.4792,49.1421],[30.5069,49.1468],[30.5108,49.144],[30.5604,49.1553],[30.568,49.1429],[30.556,49.1131],[30.5406,49.0847],[30.5512,49.083],[30.5415,49.077],[30.5455,49.0626],[30.53,49.0403],[30.5521,49.0342],[30.5593,49.0188],[30.5466,48.9996],[30.531,48.9959],[30.5216,48.9828],[30.5121,48.9816],[30.5209,48.9749],[30.507,48.9742],[30.4875,48.9637],[30.4898,48.9588],[30.4781,48.9478],[30.4845,48.9434],[30.4725,48.918],[30.4745,48.9108],[30.4596,48.9134],[30.4458,48.8947],[30.4539,48.8909],[30.4618,48.8721],[30.4778,48.8727],[30.4747,48.8794],[30.5349,48.8528],[30.4737,48.8149],[30.4887,48.8081],[30.474,48.7867],[30.4682,48.7855],[30.4924,48.7678],[30.4944,48.7693],[30.5319,48.7431],[30.5257,48.7404],[30.5437,48.7248],[30.5596,48.7315],[30.5758,48.721],[30.5881,48.7228],[30.61,48.7197],[30.6241,48.7396],[30.6365,48.7386],[30.6385,48.7519],[30.6985,48.7667],[30.7184,48.7606],[30.7508,48.7597],[30.7536,48.7707],[30.8046,48.7573],[30.8113,48.7687],[30.8214,48.7634],[30.8302,48.7507],[30.8503,48.7526],[30.8767,48.7505],[30.8849,48.7455],[30.8971,48.747],[30.9016,48.7622],[30.9394,48.7615],[30.947,48.7644],[30.9425,48.7718],[30.9571,48.77],[30.9623,48.7628],[30.978,48.7616],[30.9957,48.7651],[31.0028,48.7583],[31.0195,48.7617],[31.0409,48.7596],[31.0477,48.7522],[31.057,48.7556],[31.0712,48.7446],[31.0694,48.7365],[31.0881,48.7323],[31.0888,48.7384],[31.0934,48.74],[31.0993,48.7396],[31.1036,48.7374],[31.1062,48.7303],[31.111,48.7287],[31.1177,48.7291],[31.1189,48.7365],[31.1252,48.7418],[31.1322,48.7375],[31.1375,48.7455],[31.1524,48.7416],[31.1671,48.7567],[31.1751,48.7621],[31.212,48.7583],[31.2163,48.7683],[31.2459,48.7678],[31.2537,48.765],[31.2615,48.7501],[31.2714,48.7543],[31.2929,48.7572],[31.3135,48.7564],[31.3133,48.7484],[31.325,48.7365],[31.3248,48.7345],[31.3197,48.7319],[31.3305,48.7259],[31.3547,48.7279],[31.3566,48.7432]]]]},"properties":{"key":"звенигородський","name":"Звенигородський район","source_group":"raion"}},{"id":"золотоніський","type":"Feature","geometry":{"type":"MultiPolygon","coordinates":[[[[32.7292,49.3519],[32.7369,49.3527],[32.7385,49.3556],[32.7355,49.3632],[32.7377,49.3725],[32.7116,49.3852],[32.6915,49.3846],[32.6781,49.3998],[32.6816,49.4105],[32.6792,49.4267],[32.6598,49.4308],[32.652,49.4375],[32.673,49.4487],[32.6667,49.4587],[32.6704,49.4883],[32.6794,49.5],[32.7092,49.4986],[32.7463,49.5236],[32.7496,49.541],[32.7462,49.5458],[32.7535,49.5665],[32.7369,49.5858],[32.7212,49.5954],[32.7113,49.5926],[32.6942,49.6027],[32.7068,49.6057],[32.7122,49.6141],[32.7147,49.6192],[32.7134,49.6306],[32.7039,49.6347],[32.7051,49.6504],[32.7029,49.6546],[32.6911,49.658],[32.6806,49.6644],[32.6718,49.6765],[32.6625,49.6809],[32.5735,49.7028],[32.5679,49.7466],[32.5718,49.7524],[32.5563,49.7731],[32.5142,49.7744],[32.5046,49.8047],[32.4499,49.7961],[32.438,49.8212],[32.4148,49.8398],[32.408,49.8495],[32.3729,49.8744],[32.3917,49.8852],[32.402,49.8751],[32.4346,49.8882],[32.4145,49.9033],[32.4192,49.9272],[32.4317,49.9314],[32.4184,49.9354],[32.4278,49.9599],[32.3781,49.9799],[32.3782,50.0002],[32.3696,50.0021],[32.3638,50.0341],[32.3458,50.036],[32.3522,50.048],[32.3335,50.0587],[32.3253,50.0519],[32.3229,50.0394],[32.3122,50.0382],[32.2829,50.0594],[32.2587,50.0821],[32.2711,50.0985],[32.2507,50.1134],[32.2861,50.1204],[32.3046,50.1193],[32.2991,50.1436],[32.1774,50.1656],[32.1631,50.1793],[32.1635,50.1869],[32.147,50.1933],[32.1133,50.2136],[32.1256,50.2247],[32.1177,50.2292],[32.1096,50.2294],[32.1076,50.2282],[32.1063,50.2207],[32.0868,50.2222],[32.0566,50.1882],[32.0369,50.1903],[32.0148,50.2061],[31.994,50.2023],[31.9984,50.1939],[31.9843,50.1792],[31.9653,50.1519],[31.9359,50.158],[31.9469,50.1379],[31.9569,50.1417],[31.973,50.1245],[31.946,50.1156],[31.9112,50.1015],[31.9075,50.0596],[31.9256,50.0608],[31.9879,50.0514],[31.9794,50.0383],[31.9673,50.0442],[31.9169,50.0281],[31.9007,50.0192],[31.9071,50.0145],[31.9086,49.9967],[31.9165,49.98],[31.9165,49.9603],[31.9023,49.9442],[31.8905,49.9507],[31.8906,49.963],[31.8149,49.9674],[31.8142,49.9597],[31.7915,49.9306],[31.7707,49.9197],[31.7725,49.8938],[31.7557,49.8934],[31.7183,49.8522],[31.7276,49.8473],[31.7075,49.8439],[31.7026,49.7917],[31.693,49.7898],[31.6933,49.7759],[31.7197,49.7757],[31.7166,49.7577],[31.6936,49.7629],[31.6931,49.7544],[31.7009,49.7512],[31.6854,49.7115],[31.6762,49.7023],[31.6884,49.6994],[31.6765,49.6795],[31.6623,49.6663],[31.6418,49.6527],[31.654,49.6406],[31.7013,49.6321],[31.7678,49.6315],[31.7818,49.6253],[31.7893,49.5998],[31.8079,49.5771],[31.8219,49.5692],[31.8325,49.5721],[31.8609,49.5583],[31.8708,49.5638],[31.8957,49.5656],[31.9106,49.5583],[31.93,49.5576],[31.944,49.5501],[31.9467,49.5394],[31.9604,49.5297],[31.9781,49.5297],[31.9986,49.5141],[32.0095,49.5142],[32.0276,49.5214],[32.0405,49.5192],[32.0406,49.4866],[32.0477,49.475],[32.0638,49.4625],[32.096,49.4498],[32.1413,49.4492],[32.1485,49.4426],[32.1562,49.4181],[32.1805,49.4113],[32.1938,49.4015],[32.2173,49.3989],[32.2344,49.4013],[32.2875,49.403],[32.3137,49.3986],[32.3462,49.388],[32.3587,49.3814],[32.3672,49.3603],[32.3777,49.3513],[32.3929,49.3451],[32.4108,49.3461],[32.4271,49.3408],[32.4394,49.3413],[32.4674,49.3284],[32.4785,49.3414],[32.4631,49.3413],[32.4603,49.3446],[32.4613,49.3485],[32.4768,49.3566],[32.4774,49.365],[32.4882,49.3752],[32.4958,49.3955],[32.5102,49.4086],[32.5208,49.4042],[32.5268,49.3924],[32.5462,49.381],[32.5618,49.3821],[32.6027,49.3756],[32.646,49.3581],[32.6736,49.3528],[32.7111,49.3539],[32.7292,49.3519]]]]},"properties":{"key":"золотоніський","name":"Золотоніський район","source_group":"raion"}},{"id":"золочівський","type":"Feature","geometry":{"type":"MultiPolygon","coordinates":[[[[24.931,49.6166],[24.9455,49.617],[24.9524,49.6148],[24.9618,49.6267],[24.9662,49.6409],[24.9834,49.6362],[24.99,49.6447],[24.9872,49.6527],[24.9943,49.6658],[25,49.7001],[25.0223,49.7354],[25.046,49.7299],[25.0673,49.7116],[25.0881,49.7282],[25.0952,49.7291],[25.1155,49.7456],[25.0752,49.77],[25.0769,49.7783],[25.0874,49.7791],[25.0899,49.7874],[25.0838,49.7991],[25.0848,49.8273],[25.0966,49.821],[25.1352,49.8154],[25.1431,49.8184],[25.1435,49.8279],[25.1567,49.8357],[25.1718,49.8311],[25.1797,49.8376],[25.2114,49.8297],[25.2126,49.8265],[25.2413,49.825],[25.2471,49.8323],[25.262,49.8369],[25.2713,49.8293],[25.2864,49.8274],[25.2945,49.8333],[25.2895,49.84],[25.2999,49.8498],[25.316,49.8558],[25.336,49.8591],[25.3392,49.8637],[25.3758,49.8683],[25.3706,49.8753],[25.3818,49.8778],[25.3892,49.8972],[25.3761,49.9136],[25.3869,49.9273],[25.3874,49.9347],[25.4016,49.9374],[25.4156,49.9342],[25.4284,49.941],[25.4037,49.9476],[25.402,49.9551],[25.4116,49.9695],[25.4023,49.9854],[25.3612,49.9959],[25.3108,50.0246],[25.2942,50.0422],[25.2112,50.1171],[25.197,50.1307],[25.2078,50.1568],[25.2016,50.1674],[25.2154,50.1802],[25.2027,50.1881],[25.17,50.2018],[25.1667,50.2094],[25.1681,50.2226],[25.1839,50.2239],[25.1784,50.2313],[25.1914,50.2488],[25.2068,50.247],[25.2026,50.2606],[25.2066,50.2798],[25.1997,50.2826],[25.1722,50.2904],[25.1639,50.2909],[25.1227,50.2829],[25.1105,50.2879],[25.0702,50.2955],[25.0554,50.3012],[25.0573,50.2965],[25.0466,50.2912],[25.0432,50.2824],[25.0327,50.2802],[25.0377,50.2672],[25.0399,50.2477],[25.0332,50.241],[25.0268,50.2239],[25.0208,50.2231],[25.0163,50.2194],[25.0056,50.2087],[24.995,50.201],[24.986,50.1945],[24.976,50.1968],[24.9632,50.1903],[24.9343,50.187],[24.9094,50.1775],[24.8816,50.1844],[24.8725,50.1779],[24.8477,50.1748],[24.8364,50.179],[24.8297,50.1611],[24.8593,50.1617],[24.8686,50.1594],[24.8553,50.1532],[24.8202,50.1478],[24.8138,50.1515],[24.7989,50.1488],[24.7973,50.1425],[24.7874,50.1438],[24.7577,50.1401],[24.7504,50.1426],[24.7239,50.1362],[24.7098,50.1384],[24.6684,50.142],[24.6601,50.134],[24.6368,50.1364],[24.6286,50.1196],[24.5969,50.1249],[24.5934,50.1156],[24.5727,50.1183],[24.5718,50.1142],[24.5226,50.1186],[24.5252,50.1067],[24.5574,50.0969],[24.5525,50.073],[24.5059,50.0769],[24.4936,50.0801],[24.4671,50.078],[24.4636,50.0642],[24.4729,50.0534],[24.491,50.0595],[24.4998,50.0496],[24.4977,50.0388],[24.511,50.0326],[24.5383,50.0329],[24.5515,50.0215],[24.5512,50.0104],[24.5351,50.0119],[24.4972,50.0218],[24.4808,50.0189],[24.4785,50.0005],[24.4734,49.9912],[24.4542,49.9817],[24.4415,49.9821],[24.4519,49.9758],[24.4514,49.9583],[24.4332,49.9463],[24.4425,49.9345],[24.4384,49.8979],[24.4183,49.897],[24.3886,49.9001],[24.3876,49.8881],[24.3631,49.8912],[24.3514,49.8779],[24.3548,49.8687],[24.3968,49.858],[24.4482,49.8484],[24.4513,49.8466],[24.4826,49.8525],[24.4877,49.8547],[24.5024,49.8663],[24.5146,49.858],[24.5374,49.8577],[24.5637,49.8476],[24.5931,49.8418],[24.6193,49.8252],[24.6144,49.8087],[24.599,49.8041],[24.6205,49.7939],[24.6124,49.7766],[24.6173,49.7644],[24.6348,49.7621],[24.6408,49.7525],[24.6555,49.7509],[24.6646,49.7428],[24.6969,49.7342],[24.7031,49.7213],[24.6962,49.7083],[24.7013,49.7055],[24.7208,49.7177],[24.7707,49.7178],[24.7841,49.7094],[24.7868,49.6797],[24.827,49.6754],[24.8291,49.687],[24.8448,49.6844],[24.8528,49.6765],[24.8519,49.6594],[24.8437,49.6636],[24.8205,49.6595],[24.8247,49.6502],[24.8415,49.6454],[24.8398,49.6275],[24.8469,49.6228],[24.8428,49.6135],[24.8464,49.6009],[24.8632,49.5981],[24.8727,49.6093],[24.8853,49.602],[24.9029,49.5996],[24.8989,49.6107],[24.9115,49.6143],[24.9283,49.6089],[24.9399,49.6079],[24.931,49.6166]]]]},"properties":{"key":"золочівський","name":"Золочівський район","source_group":"raion"}},{"id":"івано-франківський","type":"Feature","geometry":{"type":"MultiPolygon","coordinates":[[[[24.5175,48.685],[24.5486,48.7064],[24.5568,48.7257],[24.5979,48.714],[24.6157,48.7226],[24.6269,48.7319],[24.6391,48.7411],[24.6419,48.7603],[24.664,48.7545],[24.6931,48.7509],[24.7238,48.7399],[24.7421,48.7487],[24.7542,48.7664],[24.7661,48.7648],[24.7866,48.7751],[24.8027,48.788],[24.8046,48.7847],[24.8105,48.7875],[24.8193,48.7913],[24.8289,48.7805],[24.8521,48.7688],[24.8616,48.7702],[24.8709,48.7641],[24.9032,48.7591],[24.9103,48.7705],[24.9404,48.7604],[24.971,48.7435],[24.9696,48.729],[24.9941,48.7322],[24.9952,48.7357],[24.9774,48.7618],[24.9824,48.7643],[25.0036,48.744],[25.0139,48.7384],[25.04,48.7305],[25.0558,48.7146],[25.0551,48.7046],[25.0705,48.6891],[25.0738,48.6929],[25.0984,48.6743],[25.1221,48.674],[25.149,48.6575],[25.1551,48.6512],[25.1451,48.6493],[25.1779,48.6413],[25.1873,48.6497],[25.1961,48.6464],[25.2053,48.6555],[25.2213,48.6525],[25.2426,48.6764],[25.2367,48.6911],[25.2108,48.7116],[25.2321,48.7234],[25.2561,48.7319],[25.2523,48.7609],[25.2253,48.7818],[25.2434,48.7916],[25.237,48.8019],[25.2385,48.8154],[25.2572,48.8259],[25.265,48.8278],[25.2874,48.8277],[25.3141,48.8274],[25.3209,48.8312],[25.3272,48.84],[25.3235,48.8453],[25.3195,48.8468],[25.302,48.8441],[25.29,48.8475],[25.2845,48.8605],[25.2653,48.8665],[25.2391,48.8666],[25.2355,48.8637],[25.2284,48.8487],[25.2092,48.8487],[25.228,48.8783],[25.2298,48.9108],[25.2383,48.921],[25.2373,48.9283],[25.2268,48.9309],[25.2125,48.9226],[25.2074,48.9225],[25.1916,48.9273],[25.1911,48.9218],[25.1982,48.9159],[25.1973,48.9133],[25.1827,48.9032],[25.1667,48.895],[25.1733,48.8812],[25.1718,48.8723],[25.1592,48.8649],[25.134,48.8772],[25.1353,48.8843],[25.1355,48.8906],[25.1201,48.9174],[25.121,48.9281],[25.1412,48.9356],[25.1474,48.9446],[25.111,48.9642],[25.1085,48.9849],[25.1171,48.9951],[25.1073,48.9966],[25.0917,48.9796],[25.0896,48.9834],[25.0679,48.9873],[25.065,48.9916],[25.042,48.9985],[25.0204,49.0116],[24.9873,48.9992],[24.9645,48.9928],[24.969,49.0096],[24.9431,49.0281],[24.9154,49.0451],[24.9021,49.0496],[24.9036,49.062],[24.9151,49.0723],[24.9134,49.0801],[24.9268,49.0824],[24.9629,49.0761],[24.9695,49.0716],[24.9921,49.0721],[24.9862,49.0794],[24.9746,49.0827],[24.9795,49.0898],[24.9749,49.0981],[24.9848,49.1168],[24.9576,49.1268],[24.9532,49.1255],[24.9035,49.1287],[24.8915,49.1395],[24.8792,49.1479],[24.8648,49.1614],[24.8581,49.1618],[24.8592,49.1789],[24.8891,49.2],[24.9014,49.2167],[24.9299,49.2288],[24.9273,49.2374],[24.9,49.2433],[24.869,49.258],[24.8439,49.2633],[24.8406,49.2834],[24.831,49.2845],[24.8281,49.3181],[24.8394,49.3247],[24.852,49.3459],[24.8608,49.3475],[24.845,49.3534],[24.8339,49.3632],[24.8288,49.3862],[24.8105,49.3911],[24.7951,49.3819],[24.7807,49.3853],[24.7767,49.3889],[24.7754,49.3938],[24.7755,49.4137],[24.7696,49.4236],[24.7714,49.4321],[24.767,49.4378],[24.7512,49.4502],[24.7438,49.4668],[24.7241,49.4819],[24.7303,49.4909],[24.7211,49.4968],[24.6976,49.4943],[24.6704,49.499],[24.6553,49.5059],[24.6515,49.4999],[24.6383,49.4981],[24.6208,49.5105],[24.6163,49.5075],[24.5979,49.515],[24.5786,49.5271],[24.5732,49.5346],[24.5455,49.5264],[24.5406,49.5222],[24.5205,49.5238],[24.5111,49.5292],[24.5102,49.5388],[24.5218,49.5417],[24.5064,49.5472],[24.5054,49.5541],[24.473,49.56],[24.4805,49.5529],[24.4596,49.5523],[24.4344,49.5359],[24.4407,49.5255],[24.4453,49.5076],[24.4429,49.5022],[24.4127,49.5043],[24.4045,49.4944],[24.4132,49.4735],[24.4193,49.4733],[24.4111,49.4449],[24.3831,49.4421],[24.3724,49.4367],[24.3746,49.4123],[24.3896,49.408],[24.388,49.396],[24.4068,49.3939],[24.4366,49.3814],[24.4288,49.3741],[24.4078,49.3657],[24.3917,49.3552],[24.3964,49.3513],[24.392,49.3253],[24.3802,49.308],[24.3585,49.3229],[24.3421,49.3105],[24.3011,49.3165],[24.2991,49.2893],[24.3069,49.2762],[24.3398,49.2913],[24.3643,49.28],[24.3535,49.2727],[24.3523,49.2526],[24.3443,49.2432],[24.3482,49.2338],[24.3581,49.2337],[24.3864,49.2269],[24.4304,49.2315],[24.4484,49.2308],[24.4616,49.2306],[24.4648,49.2231],[24.4862,49.2277],[24.5159,49.2197],[24.5254,49.2251],[24.5404,49.2176],[24.5509,49.2095],[24.5518,49.1954],[24.5716,49.1934],[24.5577,49.1832],[24.5318,49.1795],[24.5135,49.1796],[24.5044,49.1614],[24.5518,49.1426],[24.5559,49.1153],[24.553,49.1017],[24.5599,49.083],[24.5468,49.0704],[24.527,49.0579],[24.5365,49.0503],[24.5695,49.0377],[24.5582,49.0289],[24.5642,49.0204],[24.5388,49.0076],[24.5285,49.005],[24.5392,49.0002],[24.527,48.9852],[24.5146,48.9768],[24.5134,48.9707],[24.4956,48.9623],[24.4747,48.9367],[24.4535,48.9248],[24.4353,48.9003],[24.4229,48.8953],[24.4134,48.8813],[24.4012,48.8755],[24.3923,48.864],[24.3842,48.8628],[24.3713,48.8696],[24.3579,48.8541],[24.3504,48.8391],[24.3368,48.8259],[24.3268,48.806],[24.3142,48.8033],[24.3073,48.8089],[24.2671,48.7837],[24.2566,48.7818],[24.245,48.7661],[24.2448,48.7522],[24.2384,48.7506],[24.2459,48.7252],[24.2347,48.7182],[24.2371,48.7119],[24.2239,48.7053],[24.2163,48.6939],[24.1941,48.6928],[24.1743,48.6791],[24.1773,48.6729],[24.163,48.6634],[24.1556,48.6632],[24.1473,48.654],[24.1471,48.645],[24.1387,48.6376],[24.1068,48.6498],[24.1033,48.6282],[24.1074,48.6148],[24.097,48.6078],[24.1002,48.5863],[24.1049,48.5765],[24.1,48.5665],[24.1283,48.5451],[24.1241,48.5324],[24.1315,48.5286],[24.1372,48.5314],[24.1799,48.5199],[24.192,48.5202],[24.2091,48.5275],[24.2405,48.5492],[24.2514,48.5621],[24.2493,48.5659],[24.2629,48.5875],[24.2789,48.5911],[24.2908,48.5981],[24.3,48.5911],[24.3098,48.604],[24.3378,48.6064],[24.3561,48.6148],[24.3739,48.6173],[24.3691,48.6309],[24.3931,48.6378],[24.4472,48.6425],[24.494,48.651],[24.4767,48.6607],[24.4782,48.6672],[24.5104,48.6716],[24.5174,48.6798],[24.5175,48.685]]]]},"properties":{"key":"івано-франківський","name":"Івано-Франківський район","source_group":"raion"}},{"id":"ізмаїльський","type":"Feature","geometry":{"type":"MultiPolygon","coordinates":[[[[29.7766,45.4376],[29.7838,45.4527],[29.7789,45.4564],[29.7766,45.4376]]],[[[29.7282,45.4728],[29.7474,45.4894],[29.7386,45.4869],[29.7138,45.4708],[29.7282,45.4728]]],[[[28.5526,45.5539],[28.5441,45.58],[28.4911,45.5711],[28.5151,45.4999],[28.4345,45.486],[28.4206,45.485],[28.4207,45.5126],[28.3045,45.547],[28.2565,45.516],[28.2149,45.4707],[28.2139,45.4663],[28.2393,45.4617],[28.2742,45.4503],[28.2856,45.4354],[28.2826,45.3956],[28.2999,45.3814],[28.3177,45.3575],[28.3285,45.3394],[28.3496,45.3199],[28.4408,45.2912],[28.487,45.2781],[28.5371,45.2605],[28.5588,45.2493],[28.6307,45.2438],[28.6578,45.2391],[28.7,45.225],[28.7146,45.2237],[28.7439,45.2334],[28.7833,45.2376],[28.7926,45.2461],[28.7831,45.2568],[28.7683,45.2616],[28.7514,45.281],[28.7588,45.2896],[28.791,45.2914],[28.8021,45.3007],[28.8048,45.3114],[28.7838,45.3199],[28.782,45.3276],[28.8055,45.3361],[28.8203,45.3352],[28.8323,45.3241],[28.8544,45.3157],[28.8714,45.3173],[28.9105,45.2895],[28.9268,45.281],[28.9453,45.2807],[28.9548,45.2944],[28.9486,45.3097],[28.9669,45.3314],[28.9849,45.3317],[29.0106,45.3458],[29.0303,45.3527],[29.0425,45.3606],[29.0592,45.3607],[29.0835,45.3738],[29.107,45.3752],[29.1224,45.3823],[29.1396,45.3856],[29.1692,45.3948],[29.1797,45.4006],[29.1851,45.4112],[29.2176,45.4198],[29.2337,45.4304],[29.2478,45.4355],[29.2738,45.428],[29.2887,45.4275],[29.3013,45.4322],[29.3188,45.4464],[29.3354,45.4475],[29.3531,45.4377],[29.3806,45.4391],[29.3924,45.4364],[29.4283,45.4433],[29.441,45.4337],[29.4792,45.4221],[29.5095,45.4173],[29.5521,45.4081],[29.5943,45.3871],[29.6257,45.3591],[29.6567,45.3334],[29.6687,45.3096],[29.6707,45.2928],[29.6782,45.2685],[29.6644,45.2616],[29.6594,45.2483],[29.673,45.2171],[29.6783,45.2306],[29.6852,45.2297],[29.6825,45.2134],[29.6915,45.2246],[29.7,45.2171],[29.7169,45.2216],[29.7104,45.2124],[29.7202,45.211],[29.7253,45.226],[29.7417,45.227],[29.7364,45.2362],[29.7384,45.263],[29.7215,45.2736],[29.7225,45.283],[29.7324,45.289],[29.7402,45.2756],[29.7634,45.3261],[29.7625,45.3419],[29.7547,45.3702],[29.7591,45.3926],[29.748,45.3923],[29.748,45.4019],[29.7631,45.4252],[29.7528,45.447],[29.7659,45.4625],[29.7606,45.4674],[29.7525,45.4601],[29.7425,45.4636],[29.75,45.4881],[29.7251,45.4685],[29.7103,45.468],[29.7057,45.4633],[29.6965,45.4683],[29.6793,45.4617],[29.6781,45.4677],[29.6634,45.4786],[29.654,45.4749],[29.6531,45.4662],[29.6602,45.4669],[29.6549,45.4526],[29.6454,45.4516],[29.6319,45.4625],[29.6292,45.4712],[29.6191,45.4682],[29.6047,45.4798],[29.6225,45.4838],[29.6253,45.5026],[29.6351,45.5153],[29.6439,45.5199],[29.6605,45.5368],[29.679,45.5508],[29.6652,45.5478],[29.6607,45.5417],[29.6459,45.5384],[29.6159,45.5452],[29.6025,45.553],[29.5967,45.5652],[29.6085,45.6102],[29.6095,45.6318],[29.6054,45.6484],[29.5618,45.6445],[29.5641,45.6238],[29.5302,45.6212],[29.4924,45.6214],[29.49,45.6413],[29.4688,45.6388],[29.4614,45.6747],[29.424,45.6706],[29.4182,45.6995],[29.3272,45.6901],[29.3156,45.7311],[29.2079,45.7047],[29.2145,45.7118],[29.211,45.7201],[29.2022,45.7206],[29.202,45.7371],[29.1922,45.7357],[29.1826,45.7932],[29.1658,45.8161],[29.1543,45.8122],[29.0788,45.8004],[29.0822,45.7861],[29.0651,45.783],[29.0753,45.7516],[29.0573,45.7535],[29.0439,45.7351],[29.0189,45.7369],[29.0129,45.7303],[29.0221,45.7022],[28.9983,45.6981],[28.973,45.698],[28.9865,45.6561],[28.9419,45.6487],[28.9369,45.6444],[28.9468,45.6284],[28.878,45.617],[28.8815,45.607],[28.8351,45.5992],[28.8196,45.6024],[28.7381,45.5899],[28.7691,45.4963],[28.704,45.4843],[28.7047,45.4753],[28.6556,45.4661],[28.6503,45.4707],[28.6412,45.472],[28.647,45.4908],[28.6539,45.5004],[28.6576,45.5206],[28.6468,45.525],[28.6241,45.5268],[28.5526,45.5539]]]]},"properties":{"key":"ізмаїльський","name":"Ізмаїльський район","source_group":"raion"}},{"id":"ізюмський","type":"Feature","geometry":{"type":"MultiPolygon","coordinates":[[[[37.0983,48.8509],[37.1313,48.8434],[37.1489,48.8419],[37.1412,48.8332],[37.1515,48.8329],[37.1565,48.8258],[37.1921,48.8151],[37.1944,48.8502],[37.1899,48.8703],[37.1957,48.8812],[37.2104,48.8854],[37.2206,48.8959],[37.2262,48.9081],[37.2441,48.9099],[37.2655,48.9071],[37.2689,48.9229],[37.2978,48.9234],[37.2988,48.9182],[37.3122,48.923],[37.3276,48.9228],[37.3337,48.9351],[37.3163,48.9387],[37.3069,48.9509],[37.3204,48.9531],[37.2939,48.9696],[37.3074,48.9809],[37.3156,48.9771],[37.3133,48.9901],[37.3357,48.9944],[37.3446,49.0036],[37.3585,48.9984],[37.3587,48.9921],[37.3723,48.994],[37.3754,49.026],[37.3908,49.0267],[37.385,49.034],[37.3842,49.0487],[37.4101,49.0535],[37.418,49.0626],[37.45,49.0616],[37.4518,49.0528],[37.465,49.0617],[37.4667,49.0553],[37.4792,49.063],[37.4956,49.0643],[37.5062,49.0696],[37.5086,49.0796],[37.5007,49.0913],[37.488,49.1006],[37.4999,49.1056],[37.5421,49.1106],[37.5845,49.1246],[37.5706,49.1352],[37.5638,49.1345],[37.5431,49.1442],[37.5609,49.1447],[37.5672,49.1498],[37.558,49.1649],[37.4992,49.1833],[37.5098,49.1965],[37.551,49.2177],[37.5664,49.2305],[37.5997,49.2297],[37.6206,49.2329],[37.7098,49.2205],[37.7985,49.2026],[37.7984,49.2066],[37.826,49.2064],[37.8421,49.2019],[37.8498,49.2219],[37.8654,49.2364],[37.8715,49.2372],[37.8675,49.2464],[37.8968,49.253],[37.9111,49.2597],[37.8992,49.2696],[37.9121,49.2769],[37.9476,49.2814],[37.958,49.2846],[37.9469,49.3033],[37.8834,49.3129],[37.8776,49.328],[37.8969,49.4031],[37.878,49.4178],[37.8803,49.4358],[37.8767,49.4467],[37.8446,49.4459],[37.8509,49.4872],[37.8391,49.4934],[37.8401,49.4955],[37.8076,49.4983],[37.8027,49.4917],[37.7718,49.4993],[37.7717,49.5075],[37.7509,49.5064],[37.7128,49.5172],[37.6997,49.5172],[37.6904,49.5032],[37.667,49.489],[37.6517,49.4691],[37.6517,49.4595],[37.642,49.4515],[37.6336,49.4491],[37.6131,49.4505],[37.5945,49.4402],[37.5697,49.4344],[37.5679,49.4435],[37.5414,49.4457],[37.5193,49.4541],[37.5201,49.4675],[37.4857,49.4698],[37.4549,49.4843],[37.4074,49.5211],[37.4018,49.515],[37.3799,49.5174],[37.3901,49.5434],[37.3726,49.5502],[37.3365,49.5352],[37.2928,49.5244],[37.2414,49.5409],[37.1987,49.5445],[37.1732,49.5423],[37.1615,49.5607],[37.1736,49.5628],[37.1733,49.576],[37.165,49.5948],[37.1423,49.6006],[37.1053,49.5821],[37.0843,49.5866],[37.0866,49.592],[37.0767,49.5985],[37.0676,49.6138],[37.0597,49.6132],[37.0592,49.6273],[37.0482,49.6341],[37.036,49.6219],[37.0227,49.6239],[37.005,49.621],[37.002,49.6331],[36.9952,49.6369],[36.9789,49.6514],[36.9712,49.6472],[36.973,49.6451],[36.9407,49.6317],[36.9326,49.6343],[36.9171,49.5997],[36.8994,49.5981],[36.8862,49.5904],[36.8792,49.6021],[36.856,49.6032],[36.8531,49.6094],[36.8524,49.6371],[36.7993,49.6367],[36.7987,49.6195],[36.7597,49.6092],[36.7574,49.6],[36.7429,49.5981],[36.7178,49.5897],[36.7009,49.5872],[36.6976,49.5696],[36.6224,49.5885],[36.6042,49.5639],[36.5937,49.5654],[36.5849,49.555],[36.5802,49.5577],[36.5667,49.5451],[36.5354,49.5478],[36.5117,49.5233],[36.493,49.5244],[36.4769,49.5344],[36.4387,49.5367],[36.4289,49.5258],[36.4384,49.5105],[36.4725,49.5078],[36.4737,49.5035],[36.4881,49.517],[36.4985,49.5098],[36.5184,49.5037],[36.5255,49.4838],[36.5003,49.4807],[36.4989,49.4708],[36.491,49.475],[36.4817,49.477],[36.4641,49.4705],[36.4723,49.4594],[36.4823,49.4549],[36.4622,49.4171],[36.4496,49.3878],[36.4754,49.3849],[36.5088,49.3748],[36.5201,49.3683],[36.5202,49.3526],[36.553,49.3554],[36.5521,49.3274],[36.565,49.3269],[36.5624,49.3149],[36.5712,49.3095],[36.6133,49.2968],[36.6094,49.2752],[36.5888,49.2829],[36.5718,49.2788],[36.5615,49.2675],[36.5718,49.2681],[36.585,49.2609],[36.5951,49.2422],[36.6223,49.2345],[36.6184,49.2313],[36.6468,49.227],[36.6302,49.197],[36.655,49.1944],[36.6373,49.1505],[36.6279,49.1499],[36.6123,49.1354],[36.6191,49.1306],[36.5922,49.1032],[36.5912,49.0949],[36.6167,49.0826],[36.6195,49.0916],[36.6344,49.0881],[36.6284,49.0778],[36.6435,49.0175],[36.6775,49.0202],[36.6815,49.0323],[36.6991,49.0224],[36.7242,49.0295],[36.7276,49.0176],[36.7442,49.0197],[36.7581,49.0134],[36.7393,49.0001],[36.7369,48.9933],[36.7505,48.9944],[36.7533,48.9837],[36.7647,48.9848],[36.7722,48.9511],[36.779,48.939],[36.7904,48.9405],[36.7972,48.9115],[36.8092,48.9099],[36.8003,48.8907],[36.7886,48.8912],[36.7794,48.8958],[36.7739,48.8891],[36.7606,48.8916],[36.7279,48.8577],[36.7134,48.8646],[36.7016,48.863],[36.7034,48.8577],[36.6915,48.8547],[36.6829,48.8456],[36.6887,48.8174],[36.6927,48.8109],[36.7044,48.8064],[36.7301,48.8031],[36.7648,48.7974],[36.7899,48.8027],[36.7835,48.7896],[36.7877,48.7807],[36.816,48.7776],[36.8204,48.7714],[36.8393,48.7733],[36.8545,48.8004],[36.9213,48.7975],[36.923,48.794],[36.9447,48.7921],[36.9476,48.7955],[36.968,48.7934],[36.9882,48.7749],[37.0324,48.7505],[37.0385,48.7533],[37.0423,48.7672],[37.0246,48.7683],[37.0239,48.775],[36.9946,48.7871],[37.012,48.8036],[37.0192,48.802],[37.0247,48.8173],[37.0352,48.8149],[37.0679,48.8137],[37.0778,48.8181],[37.0983,48.8509]]]]},"properties":{"key":"ізюмський","name":"Ізюмський район","source_group":"raion"}},{"id":"калуський","type":"Feature","geometry":{"type":"MultiPolygon","coordinates":[[[[24.3368,48.8259],[24.3447,48.8335],[24.3517,48.8408],[24.3579,48.8541],[24.3713,48.8696],[24.3842,48.8628],[24.3923,48.864],[24.4012,48.8755],[24.4134,48.8813],[24.4229,48.8953],[24.4353,48.9003],[24.4535,48.9248],[24.4747,48.9367],[24.4956,48.9623],[24.5134,48.9707],[24.5146,48.9768],[24.527,48.9852],[24.5392,49.0002],[24.5285,49.005],[24.5388,49.0076],[24.5642,49.0204],[24.5582,49.0289],[24.5695,49.0377],[24.5365,49.0503],[24.527,49.0579],[24.5468,49.0704],[24.5599,49.083],[24.553,49.1017],[24.5559,49.1153],[24.5518,49.1426],[24.5044,49.1614],[24.5135,49.1796],[24.5318,49.1795],[24.5577,49.1832],[24.5716,49.1934],[24.5518,49.1954],[24.5509,49.2095],[24.5404,49.2176],[24.528,49.2245],[24.5237,49.225],[24.5159,49.2197],[24.4862,49.2277],[24.4648,49.2231],[24.4616,49.2306],[24.4484,49.2308],[24.4501,49.2293],[24.4376,49.2066],[24.4378,49.1978],[24.4306,49.1904],[24.4347,49.1748],[24.4156,49.1677],[24.3913,49.1816],[24.3835,49.19],[24.3558,49.1862],[24.3536,49.1814],[24.3342,49.1798],[24.3048,49.17],[24.2767,49.1651],[24.2315,49.1441],[24.2095,49.1491],[24.1955,49.1382],[24.1723,49.1445],[24.1648,49.1365],[24.1677,49.1267],[24.1453,49.1306],[24.139,49.1414],[24.119,49.139],[24.0872,49.1485],[24.0801,49.1452],[24.0578,49.1472],[24.0408,49.1299],[24.019,49.1166],[24.0118,49.1187],[24.0059,49.1294],[23.9868,49.1335],[23.97,49.1406],[23.9571,49.1298],[23.9337,49.1236],[23.9049,49.0997],[23.8784,49.109],[23.8278,49.1132],[23.8239,49.1094],[23.8005,49.1076],[23.7833,49.1202],[23.7732,49.117],[23.7644,49.1245],[23.7521,49.1242],[23.7481,49.1138],[23.7384,49.1111],[23.7378,49.1043],[23.7196,49.0943],[23.707,49.0991],[23.6985,49.0989],[23.6924,49.0964],[23.6833,49.0876],[23.6776,49.0742],[23.6863,49.0666],[23.6803,49.0605],[23.6771,49.0428],[23.6641,49.0286],[23.6495,49.0232],[23.6391,49.0303],[23.6232,49.0264],[23.6236,49.0134],[23.5982,49],[23.5915,48.992],[23.5651,48.9741],[23.5805,48.9651],[23.586,48.9545],[23.569,48.9274],[23.5636,48.9113],[23.5755,48.8889],[23.5949,48.8828],[23.6077,48.8827],[23.6071,48.8737],[23.583,48.8727],[23.5749,48.8649],[23.5693,48.8527],[23.5642,48.8288],[23.553,48.8225],[23.5686,48.8033],[23.5697,48.7957],[23.5801,48.7858],[23.5582,48.759],[23.5472,48.7264],[23.5709,48.7251],[23.5943,48.7186],[23.5987,48.707],[23.6125,48.7059],[23.621,48.7076],[23.6318,48.7047],[23.6375,48.7003],[23.6406,48.6887],[23.6386,48.6846],[23.6637,48.6722],[23.676,48.6633],[23.6866,48.648],[23.7063,48.6387],[23.7298,48.638],[23.7419,48.6455],[23.7792,48.6434],[23.7964,48.6315],[23.7966,48.6188],[23.7853,48.61],[23.7956,48.599],[23.7915,48.5928],[23.8045,48.5809],[23.8358,48.5791],[23.8339,48.5672],[23.851,48.5561],[23.8687,48.5564],[23.8906,48.5541],[23.9058,48.5622],[23.9106,48.5568],[23.9293,48.552],[23.9165,48.541],[23.9144,48.5329],[23.9249,48.5138],[23.9178,48.4934],[23.9071,48.4831],[23.9141,48.471],[23.927,48.4651],[23.9437,48.4644],[23.9558,48.4595],[23.9639,48.459],[23.9782,48.4663],[23.9747,48.4753],[23.9983,48.5057],[24.0205,48.5054],[24.0328,48.5017],[24.0458,48.5115],[24.0653,48.5178],[24.0772,48.5144],[24.0893,48.5268],[24.101,48.5257],[24.1108,48.5341],[24.1241,48.5324],[24.1283,48.5451],[24.1,48.5665],[24.1049,48.5765],[24.1002,48.5863],[24.097,48.6078],[24.1074,48.6148],[24.1033,48.6282],[24.1068,48.6498],[24.1387,48.6376],[24.1471,48.645],[24.1473,48.654],[24.1556,48.6632],[24.163,48.6634],[24.1773,48.6729],[24.1743,48.6791],[24.1941,48.6928],[24.2163,48.6939],[24.2239,48.7053],[24.2371,48.7119],[24.2347,48.7182],[24.2459,48.7252],[24.2384,48.7506],[24.2448,48.7522],[24.245,48.7661],[24.2566,48.7818],[24.2671,48.7837],[24.3073,48.8089],[24.3142,48.8033],[24.3268,48.806],[24.3368,48.8259]]]]},"properties":{"key":"калуський","name":"Калуський район","source_group":"raion"}},{"id":"кальміуський","type":"Feature","geometry":{"type":"MultiPolygon","coordinates":[[[[37.8629,47.107],[37.8988,47.1104],[37.9759,47.0866],[37.9711,47.0934],[37.9989,47.0985],[38.026,47.09],[38.035,47.0911],[38.0537,47.1082],[38.0635,47.1127],[38.0925,47.1071],[38.1028,47.102],[38.1267,47.0804],[38.1341,47.0675],[38.1341,47.0513],[38.1127,47.0422],[38.1087,47.0369],[38.1467,47.0549],[38.1661,47.0689],[38.1858,47.0916],[38.2303,47.1193],[38.2285,47.1248],[38.2358,47.1387],[38.2366,47.208],[38.2425,47.2176],[38.2331,47.23],[38.2536,47.2333],[38.2606,47.2384],[38.2883,47.2386],[38.288,47.2563],[38.3245,47.2564],[38.3335,47.2692],[38.3226,47.2812],[38.3334,47.2967],[38.3269,47.2989],[38.3365,47.3061],[38.2208,47.3054],[38.2209,47.3269],[38.2311,47.3435],[38.2451,47.3504],[38.2457,47.3638],[38.2576,47.3733],[38.2868,47.3735],[38.287,47.3914],[38.3028,47.3915],[38.3022,47.4749],[38.289,47.4762],[38.2929,47.5067],[38.2856,47.5083],[38.2851,47.5439],[38.3066,47.5446],[38.3112,47.5531],[38.3111,47.5762],[38.3508,47.5763],[38.3503,47.617],[38.3564,47.617],[38.3577,47.6268],[38.34,47.6307],[38.34,47.6523],[38.3272,47.6538],[38.329,47.6663],[38.3258,47.6876],[38.3203,47.6884],[38.3172,47.7029],[38.3034,47.7027],[38.2832,47.6881],[38.2534,47.7052],[38.229,47.7147],[38.2252,47.7228],[38.2108,47.7236],[38.2081,47.7302],[38.1896,47.7306],[38.191,47.7607],[38.1653,47.7589],[38.1771,47.7725],[38.1895,47.7694],[38.217,47.7681],[38.2251,47.7837],[38.2344,47.7858],[38.258,47.8156],[38.2348,47.8137],[38.23,47.8065],[38.207,47.8103],[38.1827,47.8354],[38.1599,47.815],[38.1428,47.8065],[38.1268,47.8201],[38.1294,47.8307],[38.1208,47.8298],[38.0976,47.8369],[38.09,47.8317],[38.0945,47.8214],[38.0637,47.8214],[38.0631,47.8135],[38.0286,47.8128],[38.0291,47.832],[38.0059,47.8445],[38.0037,47.8533],[37.9783,47.8563],[37.9649,47.8616],[37.9621,47.8536],[37.9483,47.8572],[37.9221,47.8406],[37.934,47.8346],[37.9099,47.8333],[37.9129,47.8532],[37.9039,47.8683],[37.9128,47.8716],[37.9071,47.8849],[37.8792,47.8872],[37.872,47.896],[37.8628,47.8953],[37.8613,47.9038],[37.8529,47.9076],[37.8103,47.9033],[37.8219,47.8853],[37.7963,47.8839],[37.7922,47.8967],[37.7985,47.9033],[37.783,47.9032],[37.7207,47.8973],[37.7202,47.9027],[37.6945,47.893],[37.6939,47.8998],[37.6808,47.9099],[37.6612,47.9097],[37.6563,47.9197],[37.6296,47.9192],[37.6285,47.9229],[37.6109,47.9232],[37.6078,47.89],[37.5942,47.8872],[37.6024,47.8658],[37.5426,47.8678],[37.5468,47.8573],[37.5467,47.8384],[37.5406,47.8393],[37.5405,47.8233],[37.5262,47.8187],[37.5219,47.821],[37.5221,47.8121],[37.5651,47.8146],[37.5872,47.8065],[37.6053,47.8145],[37.609,47.7814],[37.6045,47.7801],[37.607,47.7545],[37.6123,47.7521],[37.6178,47.7224],[37.6025,47.7052],[37.6285,47.6975],[37.6291,47.7054],[37.6475,47.704],[37.6574,47.6907],[37.6625,47.6906],[37.69,47.7112],[37.7262,47.6927],[37.7751,47.6645],[37.7628,47.6679],[37.7552,47.6632],[37.7631,47.653],[37.7838,47.6603],[37.8217,47.6385],[37.816,47.6249],[37.8158,47.5941],[37.8239,47.5931],[37.8234,47.5797],[37.8459,47.5795],[37.8472,47.5645],[37.8124,47.5645],[37.8131,47.5356],[37.8358,47.536],[37.8433,47.4955],[37.8541,47.4844],[37.8671,47.4813],[37.8895,47.481],[37.8914,47.4674],[37.8715,47.4499],[37.8807,47.4482],[37.9272,47.4485],[37.9272,47.4442],[37.9612,47.4441],[37.9618,47.4164],[37.8807,47.414],[37.8594,47.4113],[37.859,47.3922],[37.8574,47.3893],[37.8427,47.3799],[37.8412,47.3752],[37.8422,47.3726],[37.8497,47.3652],[37.8404,47.3601],[37.8403,47.3504],[37.8585,47.3522],[37.858,47.344],[37.8321,47.344],[37.8256,47.3197],[37.8376,47.3119],[37.832,47.3041],[37.8227,47.3096],[37.8078,47.3065],[37.7934,47.282],[37.839,47.2735],[37.8601,47.2717],[37.8503,47.2352],[37.8238,47.2363],[37.8241,47.2142],[37.8822,47.2096],[37.883,47.1964],[37.8774,47.195],[37.8749,47.1604],[37.8619,47.1642],[37.838,47.1633],[37.837,47.1506],[37.797,47.1456],[37.8022,47.1354],[37.828,47.1099],[37.8593,47.1118],[37.8629,47.107]]]]},"properties":{"key":"кальміуський","name":"Кальміуський район","source_group":"raion"}},{"id":"камінь-каширський","type":"Feature","geometry":{"type":"MultiPolygon","coordinates":[[[[25.8018,51.1938],[25.822,51.194],[25.8498,51.2019],[25.8679,51.2107],[25.9235,51.2144],[25.9501,51.2263],[25.9553,51.2312],[25.9461,51.2331],[25.9459,51.2488],[25.9306,51.2616],[25.9375,51.2775],[25.9168,51.2833],[25.903,51.2926],[25.8945,51.2919],[25.8979,51.3002],[25.8863,51.2984],[25.8857,51.3046],[25.8748,51.3044],[25.8795,51.3118],[25.8506,51.3183],[25.8413,51.3296],[25.8305,51.3337],[25.8216,51.3459],[25.8262,51.3653],[25.8442,51.3757],[25.8311,51.3873],[25.8058,51.3759],[25.7915,51.379],[25.7782,51.3733],[25.7558,51.3812],[25.7596,51.4005],[25.7258,51.4002],[25.7166,51.3892],[25.7196,51.3815],[25.705,51.3849],[25.703,51.3938],[25.6918,51.3921],[25.684,51.4077],[25.6708,51.414],[25.6565,51.4135],[25.6433,51.4181],[25.6356,51.4385],[25.6444,51.4433],[25.6418,51.4803],[25.6166,51.4763],[25.6203,51.4928],[25.6009,51.493],[25.6086,51.5064],[25.5568,51.5003],[25.5521,51.5121],[25.5956,51.5227],[25.5942,51.5293],[25.5632,51.5409],[25.5724,51.556],[25.5853,51.5628],[25.5955,51.5627],[25.6025,51.5831],[25.586,51.5943],[25.5823,51.6048],[25.5635,51.6033],[25.5558,51.6225],[25.5307,51.6142],[25.5323,51.6319],[25.5686,51.6331],[25.5644,51.6256],[25.5773,51.6241],[25.5885,51.6449],[25.6061,51.6419],[25.6241,51.6635],[25.6251,51.6706],[25.6387,51.6809],[25.6344,51.6873],[25.6454,51.6931],[25.645,51.7072],[25.6631,51.7188],[25.6617,51.73],[25.6713,51.7385],[25.6797,51.7554],[25.6701,51.771],[25.6584,51.7635],[25.6511,51.767],[25.6601,51.783],[25.6463,51.7949],[25.6289,51.8041],[25.6347,51.8138],[25.6465,51.8169],[25.6471,51.8292],[25.6377,51.837],[25.6413,51.8531],[25.6588,51.863],[25.6596,51.8704],[25.689,51.8804],[25.705,51.8959],[25.6757,51.9028],[25.6311,51.9016],[25.6242,51.9066],[25.5965,51.9155],[25.5917,51.9244],[25.5288,51.9397],[25.5112,51.9214],[25.4996,51.9283],[25.4862,51.9299],[25.4799,51.9205],[25.4092,51.921],[25.4049,51.9253],[25.3709,51.9278],[25.3617,51.9345],[25.3408,51.9332],[25.3359,51.9382],[25.2885,51.9588],[25.2616,51.9671],[25.2464,51.9665],[25.2261,51.9601],[25.2126,51.9668],[25.1922,51.9698],[25.1666,51.963],[25.1422,51.9528],[25.1149,51.9507],[25.1001,51.9532],[25.0549,51.9374],[25.0188,51.9185],[24.9968,51.9156],[24.9943,51.9118],[24.9642,51.8973],[24.9309,51.8972],[24.9368,51.8818],[24.91,51.8784],[24.9086,51.8726],[24.93,51.8684],[24.9353,51.8636],[24.9353,51.8465],[24.949,51.8448],[24.9383,51.8375],[24.9261,51.8359],[24.9202,51.8274],[24.8937,51.8134],[24.8906,51.8108],[24.8841,51.8096],[24.8688,51.812],[24.8463,51.8262],[24.8294,51.8028],[24.8168,51.7971],[24.8138,51.7809],[24.8054,51.7738],[24.7948,51.778],[24.7758,51.7777],[24.731,51.7634],[24.7314,51.7463],[24.7245,51.7362],[24.7212,51.7158],[24.7113,51.7089],[24.7019,51.7262],[24.6829,51.7303],[24.6787,51.726],[24.6734,51.7207],[24.697,51.7095],[24.6856,51.7005],[24.7072,51.6665],[24.6942,51.6532],[24.6951,51.6487],[24.6772,51.6376],[24.6907,51.637],[24.6902,51.6311],[24.6775,51.6268],[24.6859,51.618],[24.6739,51.6115],[24.6505,51.6182],[24.6454,51.6051],[24.6781,51.6008],[24.7687,51.6061],[24.7733,51.5823],[24.7756,51.547],[24.7834,51.5373],[24.7841,51.5326],[24.7681,51.5223],[24.7619,51.5018],[24.753,51.4881],[24.7557,51.474],[24.7632,51.4618],[24.7525,51.4526],[24.7847,51.441],[24.8286,51.4349],[24.8368,51.4268],[24.8315,51.4116],[24.8547,51.4116],[24.8604,51.3994],[24.8813,51.3936],[24.9009,51.3781],[24.9383,51.3742],[24.9558,51.3749],[24.9421,51.3587],[24.9505,51.3539],[24.9699,51.3519],[24.9849,51.3588],[25.0492,51.3603],[25.077,51.3653],[25.119,51.3696],[25.1281,51.3765],[25.1856,51.3796],[25.2071,51.3753],[25.1961,51.3501],[25.1777,51.3334],[25.179,51.3231],[25.1839,51.3113],[25.2037,51.2825],[25.2487,51.2847],[25.2626,51.2719],[25.2725,51.2465],[25.2867,51.2516],[25.3117,51.2493],[25.3199,51.2534],[25.3338,51.24],[25.3369,51.2173],[25.2992,51.2182],[25.2717,51.2117],[25.2795,51.2108],[25.2905,51.1989],[25.2998,51.1966],[25.3077,51.184],[25.3307,51.1747],[25.365,51.1572],[25.3656,51.1476],[25.3836,51.1381],[25.3879,51.1364],[25.4005,51.1364],[25.4093,51.133],[25.4093,51.1309],[25.4317,51.1339],[25.4535,51.1564],[25.4763,51.1568],[25.5039,51.1455],[25.5778,51.1491],[25.6341,51.1505],[25.6399,51.1458],[25.6485,51.1515],[25.7059,51.1411],[25.7704,51.1345],[25.7733,51.1409],[25.7732,51.1786],[25.78,51.1871],[25.8018,51.1938]]]]},"properties":{"key":"камінь-каширський","name":"Камінь-Каширський район","source_group":"raion"}},{"id":"кам'янець-подільський","type":"Feature","geometry":{"type":"MultiPolygon","coordinates":[[[[26.5917,48.4512],[26.617,48.4545],[26.6267,48.4685],[26.6081,48.4948],[26.6122,48.5077],[26.6278,48.5088],[26.6371,48.5053],[26.6556,48.4859],[26.693,48.4852],[26.7105,48.4894],[26.7144,48.4942],[26.7054,48.5101],[26.6805,48.524],[26.6748,48.5403],[26.6641,48.5428],[26.6257,48.5362],[26.6187,48.541],[26.6177,48.5483],[26.6188,48.5517],[26.6386,48.5609],[26.6605,48.5598],[26.6766,48.5532],[26.7051,48.5322],[26.7165,48.5299],[26.7397,48.5385],[26.7427,48.557],[26.7386,48.5668],[26.7239,48.5745],[26.7228,48.5865],[26.7431,48.5827],[26.7501,48.5748],[26.7548,48.5552],[26.7609,48.5475],[26.7802,48.5465],[26.7869,48.5508],[26.7948,48.5671],[26.7784,48.588],[26.7797,48.5975],[26.7916,48.6063],[26.8062,48.6106],[26.8184,48.6096],[26.8251,48.6051],[26.8208,48.59],[26.8244,48.5758],[26.8414,48.5568],[26.8633,48.5446],[26.8831,48.5413],[26.9052,48.5506],[26.9154,48.5653],[26.9259,48.5735],[26.9391,48.5763],[26.9682,48.576],[26.9795,48.5874],[26.9891,48.5868],[26.995,48.5751],[27.0037,48.5692],[27.0961,48.5567],[27.1078,48.5573],[27.1257,48.5636],[27.1404,48.5762],[27.1665,48.5821],[27.1921,48.5791],[27.2174,48.5675],[27.234,48.5654],[27.254,48.5677],[27.2613,48.5739],[27.2592,48.5886],[27.2394,48.6075],[27.2384,48.6119],[27.2426,48.6201],[27.2545,48.6254],[27.2746,48.6248],[27.2959,48.6118],[27.3024,48.6036],[27.3096,48.6008],[27.3224,48.6004],[27.334,48.604],[27.3436,48.6185],[27.3529,48.6291],[27.3641,48.6309],[27.3728,48.6294],[27.3796,48.6498],[27.3881,48.6611],[27.3916,48.6816],[27.4072,48.6874],[27.4061,48.6946],[27.4156,48.6958],[27.4136,48.7055],[27.401,48.7269],[27.4129,48.7403],[27.3928,48.7529],[27.3902,48.764],[27.4076,48.7666],[27.4044,48.7738],[27.4143,48.7793],[27.4182,48.7899],[27.4283,48.7946],[27.411,48.8119],[27.4179,48.8253],[27.4185,48.8399],[27.413,48.8496],[27.4163,48.8578],[27.4156,48.8825],[27.4035,48.891],[27.3954,48.8989],[27.3958,48.9251],[27.3868,48.9315],[27.3833,48.9373],[27.3531,48.9307],[27.3389,48.936],[27.2973,48.9344],[27.3013,48.9281],[27.2872,48.9202],[27.2921,48.9094],[27.2731,48.9137],[27.2606,48.92],[27.2317,48.9264],[27.2098,48.9189],[27.1881,48.931],[27.184,48.9481],[27.1404,48.9535],[27.1335,48.9604],[27.1081,48.9642],[27.1098,48.9779],[27.0967,48.9904],[27.0653,48.9892],[27.0544,48.9915],[27.044,48.9826],[27.04,48.9951],[27.0164,49],[27.0138,49.0099],[27.0039,49.0155],[26.9942,49.0099],[26.9553,49.0256],[26.9478,49.0238],[26.9341,49.0328],[26.9314,49.0135],[26.8876,49.0247],[26.8978,49.0382],[26.8958,49.0454],[26.8533,49.0624],[26.8464,49.0741],[26.8286,49.0759],[26.8163,49.0713],[26.7971,49.0776],[26.8026,49.0704],[26.7732,49.0704],[26.7616,49.0757],[26.741,49.0752],[26.7411,49.0694],[26.7205,49.0739],[26.6788,49.0733],[26.6674,49.0671],[26.6787,49.0636],[26.655,49.0494],[26.677,49.027],[26.6308,48.9931],[26.6087,49.0142],[26.5896,49.0114],[26.5911,49.0002],[26.6061,48.9971],[26.6267,48.9837],[26.6186,48.9791],[26.5815,48.9851],[26.557,48.9933],[26.5439,48.9924],[26.5445,49.0072],[26.5596,49.0109],[26.5634,49.0177],[26.5573,49.0287],[26.5443,49.0391],[26.4991,49.0452],[26.4441,49.0657],[26.4412,49.0787],[26.419,49.1114],[26.4428,49.125],[26.4446,49.1349],[26.4144,49.1491],[26.3872,49.1435],[26.3478,49.1555],[26.3512,49.1596],[26.3263,49.1761],[26.318,49.1652],[26.2975,49.1739],[26.2814,49.1511],[26.2804,49.1456],[26.2649,49.1541],[26.2717,49.1367],[26.2598,49.1303],[26.2709,49.1204],[26.2648,49.1141],[26.2593,49.1159],[26.253,49.1239],[26.2542,49.1383],[26.2365,49.1556],[26.2298,49.1589],[26.2243,49.1686],[26.2175,49.1626],[26.218,49.1723],[26.2089,49.1666],[26.2035,49.1572],[26.196,49.1617],[26.191,49.1601],[26.1898,49.1559],[26.1979,49.1477],[26.1955,49.137],[26.2047,49.1332],[26.196,49.1281],[26.2034,49.1115],[26.2043,49.0971],[26.1969,49.0803],[26.1965,49.0726],[26.212,49.0733],[26.2069,49.0661],[26.1877,49.0614],[26.1852,49.0536],[26.2094,49.0315],[26.1992,49.0237],[26.2138,49.0131],[26.2161,49.0057],[26.2084,48.9996],[26.1866,49.0027],[26.1779,48.9955],[26.1829,48.9892],[26.2093,48.9874],[26.213,48.9839],[26.2111,48.9804],[26.2053,48.9764],[26.196,48.9742],[26.1842,48.9782],[26.1807,48.9767],[26.1772,48.9727],[26.1767,48.9704],[26.1795,48.9675],[26.2028,48.9586],[26.2083,48.9523],[26.1936,48.9325],[26.1983,48.9184],[26.1841,48.9172],[26.1887,48.9079],[26.1959,48.9039],[26.2024,48.9045],[26.2108,48.911],[26.224,48.9092],[26.2243,48.904],[26.2061,48.896],[26.2151,48.8803],[26.2068,48.8741],[26.2131,48.8647],[26.2028,48.8566],[26.2187,48.8506],[26.2228,48.8335],[26.2412,48.8182],[26.2518,48.8213],[26.2586,48.8178],[26.2595,48.8156],[26.2564,48.81],[26.249,48.8074],[26.2417,48.8087],[26.2293,48.8134],[26.2268,48.808],[26.2375,48.7924],[26.2191,48.7938],[26.2155,48.8012],[26.2086,48.7964],[26.2156,48.7802],[26.2331,48.7792],[26.2388,48.7687],[26.2311,48.7615],[26.2464,48.7539],[26.2347,48.75],[26.2275,48.747],[26.2435,48.7396],[26.2371,48.728],[26.2412,48.7183],[26.2332,48.7129],[26.2339,48.7018],[26.2414,48.6971],[26.2264,48.6922],[26.2226,48.6908],[26.226,48.6821],[26.239,48.6807],[26.247,48.6809],[26.2485,48.6687],[26.2694,48.6731],[26.2788,48.6698],[26.2723,48.6476],[26.2892,48.6487],[26.3007,48.6565],[26.3104,48.6503],[26.2893,48.6392],[26.2988,48.6347],[26.3181,48.6362],[26.323,48.628],[26.3138,48.6246],[26.2981,48.6273],[26.2947,48.6262],[26.2937,48.6231],[26.2949,48.6213],[26.3279,48.6089],[26.3288,48.5986],[26.3434,48.5947],[26.3432,48.5854],[26.3566,48.5877],[26.3607,48.5832],[26.3435,48.5743],[26.3374,48.5692],[26.338,48.5663],[26.3438,48.5629],[26.3533,48.56],[26.3655,48.5588],[26.3594,48.5465],[26.3696,48.5423],[26.3768,48.5457],[26.3762,48.5611],[26.3826,48.5636],[26.3933,48.5573],[26.4085,48.5426],[26.4144,48.5402],[26.4212,48.5414],[26.4337,48.547],[26.4398,48.5451],[26.4447,48.5381],[26.4757,48.5459],[26.4867,48.5446],[26.4958,48.5371],[26.5023,48.5209],[26.5319,48.4913],[26.5539,48.4593],[26.5609,48.4554],[26.5754,48.4519],[26.5917,48.4512]]]]},"properties":{"key":"кам'янець-подільський","name":"Кам'янець-Подільський район","source_group":"raion"}},{"id":"кам'янський","type":"Feature","geometry":{"type":"MultiPolygon","coordinates":[[[[34.202,48.0564],[34.196,48.0681],[34.2283,48.0727],[34.2322,48.0672],[34.29,48.0787],[34.2809,48.1094],[34.2958,48.1164],[34.3755,48.1308],[34.3786,48.1209],[34.3889,48.1263],[34.4292,48.1293],[34.4268,48.1401],[34.4102,48.142],[34.4105,48.1547],[34.4438,48.1558],[34.4543,48.1665],[34.4524,48.1714],[34.4371,48.1719],[34.4389,48.1651],[34.3944,48.1603],[34.3829,48.2063],[34.399,48.207],[34.4027,48.1934],[34.4351,48.1966],[34.4267,48.2341],[34.4557,48.2368],[34.4619,48.2413],[34.474,48.2645],[34.5081,48.2551],[34.5179,48.2675],[34.5313,48.2655],[34.5288,48.2728],[34.5578,48.2724],[34.5645,48.252],[34.5915,48.2539],[34.5859,48.2834],[34.5945,48.2863],[34.6042,48.2923],[34.5927,48.3086],[34.5704,48.3187],[34.5689,48.326],[34.5987,48.3312],[34.5836,48.3665],[34.5802,48.3665],[34.5652,48.4063],[34.562,48.4205],[34.5508,48.4258],[34.5349,48.4264],[34.5359,48.4404],[34.5109,48.4416],[34.5127,48.4573],[34.5526,48.4568],[34.5575,48.463],[34.5781,48.4593],[34.5896,48.4509],[34.6317,48.4584],[34.6438,48.4564],[34.6415,48.4668],[34.6584,48.4727],[34.6612,48.4628],[34.6725,48.4641],[34.6943,48.4517],[34.6836,48.4433],[34.7009,48.4382],[34.7119,48.4472],[34.7012,48.4534],[34.7018,48.4718],[34.7245,48.4638],[34.7431,48.4408],[34.7608,48.4399],[34.7595,48.453],[34.7695,48.4744],[34.7513,48.4839],[34.7652,48.4851],[34.7665,48.4912],[34.7332,48.5001],[34.7017,48.5188],[34.6859,48.5333],[34.6644,48.5361],[34.6455,48.5347],[34.6252,48.5391],[34.5921,48.5403],[34.5845,48.5432],[34.5814,48.5538],[34.5714,48.5565],[34.5688,48.5672],[34.5757,48.5857],[34.6361,48.5889],[34.6327,48.6007],[34.6212,48.6005],[34.6117,48.6074],[34.6135,48.6214],[34.6006,48.6296],[34.5645,48.6098],[34.554,48.6137],[34.5452,48.6057],[34.5309,48.6033],[34.5405,48.5993],[34.5588,48.583],[34.5454,48.5549],[34.515,48.5792],[34.4983,48.5861],[34.4586,48.5965],[34.4408,48.6152],[34.442,48.6332],[34.4368,48.6409],[34.399,48.6485],[34.3857,48.6586],[34.3568,48.6706],[34.353,48.6779],[34.3601,48.6906],[34.3529,48.7012],[34.3361,48.7068],[34.3058,48.7076],[34.2975,48.7127],[34.2922,48.7239],[34.2973,48.7382],[34.2866,48.7435],[34.269,48.7451],[34.2487,48.7441],[34.2342,48.7563],[34.203,48.7601],[34.1746,48.7789],[34.149,48.7754],[34.1258,48.7854],[34.1221,48.8],[34.128,48.8141],[34.1196,48.8227],[34.1073,48.8259],[34.0817,48.8226],[34.0643,48.8289],[34.055,48.8363],[34.033,48.8455],[34.0301,48.8585],[34.0073,48.867],[33.9847,48.8651],[33.9454,48.8788],[33.9272,48.88],[33.8919,48.903],[33.8897,48.8886],[33.8752,48.8433],[33.8625,48.8366],[33.8486,48.8017],[33.8524,48.7789],[33.8483,48.7715],[33.8293,48.7707],[33.8191,48.7765],[33.8096,48.8029],[33.7922,48.8001],[33.795,48.7941],[33.7727,48.7919],[33.7711,48.7983],[33.7495,48.7953],[33.743,48.7894],[33.7236,48.7872],[33.7199,48.8087],[33.7043,48.8139],[33.6908,48.8091],[33.6731,48.8151],[33.6571,48.7929],[33.6186,48.7889],[33.6053,48.7921],[33.6025,48.7991],[33.5823,48.7967],[33.5883,48.7809],[33.5782,48.7811],[33.5858,48.7541],[33.5928,48.748],[33.6078,48.7523],[33.6197,48.7268],[33.6485,48.7256],[33.6503,48.7212],[33.6831,48.7228],[33.7297,48.6924],[33.7466,48.694],[33.7504,48.6814],[33.8043,48.6879],[33.8004,48.6619],[33.7552,48.6563],[33.7615,48.625],[33.7428,48.6154],[33.7235,48.6145],[33.6586,48.5863],[33.6492,48.5992],[33.6289,48.5973],[33.6259,48.6015],[33.6097,48.5988],[33.6217,48.5671],[33.589,48.5602],[33.5838,48.5754],[33.5095,48.5684],[33.5101,48.5576],[33.5012,48.56],[33.4821,48.5569],[33.4834,48.5486],[33.4721,48.5457],[33.4802,48.536],[33.4692,48.5336],[33.4829,48.4727],[33.4876,48.4288],[33.4872,48.4042],[33.4969,48.4043],[33.4977,48.3938],[33.4827,48.3934],[33.4825,48.388],[33.4686,48.384],[33.4682,48.3705],[33.4745,48.3695],[33.4593,48.3594],[33.4622,48.3496],[33.4761,48.3485],[33.4707,48.3257],[33.4973,48.329],[33.5039,48.3322],[33.5165,48.3285],[33.5093,48.2932],[33.5185,48.2846],[33.5136,48.2788],[33.5314,48.2765],[33.5344,48.2559],[33.5402,48.2529],[33.5464,48.2375],[33.5775,48.2523],[33.5713,48.304],[33.5755,48.3139],[33.5849,48.3165],[33.6139,48.3173],[33.6224,48.2916],[33.6203,48.2849],[33.5938,48.2625],[33.6002,48.24],[33.6259,48.2444],[33.6226,48.2498],[33.6381,48.256],[33.6692,48.2603],[33.6744,48.2508],[33.6927,48.2504],[33.7404,48.2586],[33.7469,48.2623],[33.7397,48.2822],[33.771,48.2863],[33.7798,48.2573],[33.8079,48.263],[33.8119,48.2559],[33.8328,48.2515],[33.8363,48.2584],[33.8621,48.2569],[33.8754,48.2592],[33.8853,48.2193],[33.923,48.2235],[33.9299,48.201],[33.9415,48.2017],[33.9453,48.1882],[33.9357,48.1793],[33.966,48.1831],[33.9776,48.1888],[33.9835,48.1834],[34.0044,48.185],[34.0163,48.1417],[34.0588,48.1512],[34.0847,48.102],[34.1102,48.1022],[34.1438,48.0778],[34.1568,48.0723],[34.1831,48.0759],[34.1874,48.0565],[34.202,48.0564]]]]},"properties":{"key":"кам'янський","name":"Кам'янський район","source_group":"raion"}},{"id":"каховський","type":"Feature","geometry":{"type":"MultiPolygon","coordinates":[[[[33.6313,46.2299],[33.6386,46.2392],[33.6292,46.2377],[33.6313,46.2299]]],[[[33.6049,46.3276],[33.6285,46.2403],[33.6493,46.2394],[33.6473,46.2355],[33.6611,46.2239],[33.6651,46.2351],[33.6808,46.2242],[33.6775,46.218],[33.6942,46.2085],[33.7096,46.206],[33.7189,46.1991],[33.7402,46.2013],[33.7427,46.2092],[33.7263,46.212],[33.7273,46.2243],[33.7186,46.2286],[33.7088,46.213],[33.693,46.2175],[33.6839,46.2262],[33.6931,46.2294],[33.6996,46.2191],[33.7179,46.2318],[33.725,46.2424],[33.7522,46.2403],[33.7683,46.2436],[33.7708,46.2538],[33.7796,46.2566],[33.8055,46.2379],[33.8382,46.2227],[33.8681,46.2257],[33.8806,46.2305],[33.8794,46.2368],[33.8953,46.2289],[33.8954,46.2199],[33.924,46.2268],[33.9463,46.2225],[33.9728,46.2095],[33.9684,46.2904],[33.9716,46.3704],[33.9635,46.3695],[33.9609,46.4158],[34.1274,46.4322],[34.108,46.5262],[34.0786,46.544],[33.989,46.5357],[33.9851,46.5555],[34.0028,46.557],[33.9998,46.5737],[33.99,46.5729],[33.9737,46.5794],[33.9785,46.5839],[33.9716,46.6178],[33.9808,46.6187],[33.9795,46.6254],[33.9892,46.6263],[33.9866,46.6395],[34.0646,46.6492],[34.062,46.6604],[34.0503,46.6633],[34.0451,46.6847],[34.0294,46.7678],[34.0316,46.7722],[34.0266,46.7929],[34.0369,46.7943],[34.0337,46.8102],[34.107,46.8179],[34.1105,46.802],[34.1975,46.811],[34.1812,46.888],[34.3242,47.0157],[34.3151,47.0207],[34.3478,47.049],[34.407,47.0783],[34.4014,47.1011],[34.5201,47.105],[34.4918,47.247],[34.5302,47.251],[34.5274,47.2677],[34.5229,47.2672],[34.5177,47.2835],[34.4883,47.2804],[34.4798,47.3151],[34.5141,47.3183],[34.5074,47.3253],[34.5131,47.3362],[34.5001,47.3378],[34.4942,47.3333],[34.4145,47.3231],[34.4199,47.3008],[34.4,47.2985],[34.4024,47.2877],[34.3696,47.2839],[34.3582,47.2941],[34.3301,47.2904],[34.3058,47.2682],[34.2927,47.2745],[34.2812,47.3332],[34.2723,47.3619],[34.261,47.3604],[34.2521,47.3907],[34.2569,47.394],[34.2444,47.4303],[34.2364,47.4416],[34.2152,47.4545],[34.1711,47.4693],[34.1394,47.4768],[34.0809,47.4709],[34.0034,47.4565],[33.9983,47.4588],[33.9969,47.3859],[33.994,47.356],[33.9995,47.3317],[33.9912,47.3195],[33.9822,47.2903],[33.9605,47.2458],[33.9264,47.2106],[33.9058,47.1955],[33.878,47.1802],[33.8315,47.1634],[33.8276,47.1447],[33.8179,47.1172],[33.7986,47.0894],[33.7511,47.0552],[33.7365,47.0488],[33.7071,47.0403],[33.6954,47.0324],[33.6943,47.0193],[33.6867,47.0044],[33.681,46.9835],[33.6702,46.9612],[33.6472,46.9284],[33.6202,46.9118],[33.6135,46.8946],[33.6106,46.8708],[33.5966,46.8495],[33.5701,46.838],[33.5415,46.8367],[33.518,46.8407],[33.489,46.8373],[33.4557,46.8252],[33.4186,46.8035],[33.3941,46.8211],[33.3942,46.8294],[33.374,46.8264],[33.3708,46.8368],[33.3587,46.8356],[33.357,46.8422],[33.3414,46.8404],[33.3402,46.8482],[33.3143,46.8441],[33.3104,46.8498],[33.2934,46.845],[33.3101,46.827],[33.3178,46.8236],[33.32,46.8204],[33.315,46.8026],[33.309,46.7901],[33.3151,46.7746],[33.3256,46.7762],[33.3264,46.7561],[33.2932,46.7511],[33.2847,46.752],[33.2511,46.7641],[33.202,46.7702],[33.1472,46.7841],[33.1278,46.7798],[33.0991,46.7683],[33.1296,46.753],[33.1299,46.7494],[33.1564,46.7133],[33.179,46.716],[33.182,46.6972],[33.1551,46.6876],[33.1508,46.692],[33.1299,46.6852],[33.1366,46.6739],[33.1137,46.6529],[33.1527,46.6295],[33.1726,46.6295],[33.1716,46.6433],[33.1767,46.645],[33.1732,46.6673],[33.2197,46.6714],[33.2238,46.656],[33.2768,46.6623],[33.2934,46.5986],[33.4157,46.6129],[33.4282,46.5614],[33.4234,46.5551],[33.4348,46.5119],[33.4168,46.5067],[33.2533,46.4866],[33.2667,46.4238],[33.2134,46.4187],[33.2212,46.3883],[33.2323,46.3823],[33.3552,46.395],[33.3659,46.3484],[33.4481,46.3577],[33.4656,46.2904],[33.5392,46.2993],[33.5347,46.3186],[33.6049,46.3276]]]]},"properties":{"key":"каховський","name":"Каховський район","source_group":"raion"}},{"id":"ковельський","type":"Feature","geometry":{"type":"MultiPolygon","coordinates":[[[[24.7357,50.9007],[24.791,50.8837],[24.8077,50.8832],[24.8189,50.887],[24.8268,50.9035],[24.8255,50.9129],[24.8353,50.9227],[24.8283,50.9305],[24.8302,50.941],[24.8691,50.94],[24.8787,50.9326],[24.8923,50.9301],[24.8908,50.9472],[24.8856,50.9536],[24.8593,50.9676],[24.843,50.9724],[24.8307,51.0017],[24.9065,51.0016],[24.9183,51.0103],[24.9526,51.0194],[24.9834,51.0204],[25.0023,51.0175],[25.0335,51.0263],[25.0591,51.0308],[25.0904,51.0334],[25.0942,51.0282],[25.121,51.0292],[25.1256,51.032],[25.1398,51.0422],[25.1814,51.0478],[25.1905,51.0463],[25.1985,51.0476],[25.2115,51.0558],[25.2166,51.0644],[25.2277,51.069],[25.2458,51.0771],[25.2304,51.0906],[25.2558,51.1195],[25.2675,51.1238],[25.293,51.1189],[25.2949,51.1282],[25.3205,51.1289],[25.3309,51.1121],[25.3516,51.1132],[25.3732,51.1202],[25.4044,51.1267],[25.4095,51.1312],[25.4083,51.1336],[25.3993,51.1368],[25.3873,51.1366],[25.3656,51.1476],[25.365,51.1572],[25.3307,51.1747],[25.3077,51.184],[25.2998,51.1966],[25.2905,51.1989],[25.2795,51.2108],[25.2717,51.2117],[25.2992,51.2182],[25.3369,51.2173],[25.3338,51.24],[25.3199,51.2534],[25.3117,51.2493],[25.2867,51.2516],[25.2725,51.2465],[25.2626,51.2719],[25.2487,51.2847],[25.2037,51.2825],[25.1839,51.3113],[25.179,51.3231],[25.1777,51.3334],[25.1961,51.3501],[25.2071,51.3753],[25.1856,51.3796],[25.1281,51.3765],[25.119,51.3696],[25.077,51.3653],[25.0492,51.3603],[24.9849,51.3588],[24.9699,51.3519],[24.9505,51.3539],[24.9421,51.3587],[24.9558,51.3749],[24.9383,51.3742],[24.9009,51.3781],[24.8813,51.3936],[24.8604,51.3994],[24.8547,51.4116],[24.8315,51.4116],[24.8368,51.4268],[24.8286,51.4349],[24.7847,51.441],[24.7525,51.4526],[24.7632,51.4618],[24.7557,51.474],[24.753,51.4881],[24.7619,51.5018],[24.7681,51.5223],[24.7834,51.5373],[24.7756,51.547],[24.7733,51.5823],[24.7687,51.6061],[24.6781,51.6008],[24.6454,51.6051],[24.6505,51.6182],[24.6739,51.6115],[24.6859,51.618],[24.6775,51.6268],[24.6902,51.6311],[24.6907,51.637],[24.6772,51.6376],[24.6951,51.6487],[24.6942,51.6532],[24.7072,51.6665],[24.6856,51.7005],[24.697,51.7095],[24.6734,51.7207],[24.6787,51.726],[24.6829,51.7303],[24.7019,51.7262],[24.7113,51.7089],[24.7212,51.7158],[24.7245,51.7362],[24.7314,51.7463],[24.731,51.7634],[24.7758,51.7777],[24.7948,51.778],[24.8054,51.7738],[24.8138,51.7809],[24.8168,51.7971],[24.8294,51.8028],[24.8463,51.8262],[24.8688,51.812],[24.8827,51.8096],[24.8894,51.8105],[24.8937,51.8134],[24.9202,51.8274],[24.9261,51.8359],[24.9383,51.8375],[24.949,51.8448],[24.9353,51.8465],[24.9353,51.8636],[24.93,51.8684],[24.9086,51.8726],[24.91,51.8784],[24.9368,51.8818],[24.9309,51.8972],[24.9194,51.9115],[24.8434,51.896],[24.8349,51.9116],[24.8067,51.911],[24.7947,51.8957],[24.7669,51.8845],[24.7412,51.8829],[24.7141,51.8962],[24.672,51.8924],[24.661,51.9],[24.6107,51.9019],[24.574,51.8939],[24.5665,51.8892],[24.537,51.8871],[24.516,51.888],[24.4779,51.8823],[24.3896,51.8824],[24.3732,51.8786],[24.3398,51.8631],[24.335,51.8559],[24.3417,51.848],[24.3352,51.8452],[24.3,51.8125],[24.2945,51.7995],[24.308,51.7746],[24.3067,51.7694],[24.3175,51.7494],[24.2699,51.7169],[24.1189,51.6666],[24.1013,51.6435],[24.0753,51.62],[24.0248,51.602],[24.0151,51.5913],[23.9954,51.5804],[23.9579,51.5887],[23.9427,51.5966],[23.9032,51.5978],[23.8807,51.5921],[23.876,51.597],[23.8803,51.6084],[23.9129,51.6315],[23.8727,51.6426],[23.8462,51.6408],[23.827,51.6457],[23.7935,51.639],[23.7898,51.6404],[23.7902,51.6595],[23.7799,51.6671],[23.7606,51.66],[23.7414,51.6597],[23.7029,51.6491],[23.6799,51.6528],[23.6642,51.6412],[23.6435,51.6388],[23.6302,51.6287],[23.6051,51.6223],[23.6063,51.6166],[23.6253,51.6081],[23.6313,51.5926],[23.6418,51.5925],[23.6632,51.5822],[23.6635,51.5741],[23.6365,51.5563],[23.6372,51.5518],[23.6698,51.5192],[23.676,51.5054],[23.6719,51.4995],[23.625,51.5045],[23.6198,51.4971],[23.6396,51.4862],[23.6604,51.4893],[23.6695,51.4826],[23.6743,51.4704],[23.6662,51.4707],[23.6564,51.4606],[23.6476,51.4588],[23.6497,51.4462],[23.6844,51.4425],[23.6778,51.431],[23.6924,51.415],[23.7011,51.4121],[23.702,51.4025],[23.6776,51.3939],[23.6875,51.388],[23.6801,51.3833],[23.6851,51.3687],[23.6651,51.3672],[23.6473,51.3396],[23.6383,51.332],[23.6411,51.31],[23.653,51.3],[23.6469,51.2921],[23.6644,51.2927],[23.6873,51.2894],[23.6979,51.292],[23.6987,51.2837],[23.7209,51.2705],[23.7267,51.2625],[23.7243,51.2485],[23.7335,51.2397],[23.727,51.238],[23.7433,51.2272],[23.7404,51.2138],[23.7571,51.2125],[23.7608,51.2039],[23.7816,51.199],[23.7876,51.1881],[23.8088,51.185],[23.8158,51.1704],[23.8287,51.162],[23.8418,51.1645],[23.861,51.158],[23.8701,51.1409],[23.8678,51.1313],[23.8533,51.1305],[23.849,51.1214],[23.8568,51.1184],[23.8585,51.0993],[23.8711,51.0939],[23.8777,51.0766],[23.8863,51.0822],[23.8935,51.0755],[23.9075,51.076],[23.9141,51.0547],[23.9375,51.0543],[23.9483,51.0401],[23.9811,51.0199],[24.0235,51.0218],[24.0606,51.0128],[24.0694,51.0163],[24.0834,51.0116],[24.0917,51.0138],[24.104,51.012],[24.1134,51.0314],[24.1314,51.0537],[24.141,51.0481],[24.1571,51.0534],[24.1658,51.0605],[24.1681,51.0765],[24.2286,51.0974],[24.258,51.0966],[24.2662,51.1005],[24.2793,51.09],[24.2936,51.089],[24.2941,51.0816],[24.2851,51.0592],[24.288,51.0527],[24.3177,51.0496],[24.3207,51.0366],[24.36,51.0445],[24.3766,51.0444],[24.3688,51.0356],[24.3668,51.0228],[24.3779,51.0111],[24.3746,50.9927],[24.3582,50.9865],[24.3606,50.9751],[24.3946,50.972],[24.4034,50.9601],[24.4307,50.9576],[24.4219,50.9472],[24.4283,50.9407],[24.4573,50.9341],[24.4909,50.933],[24.4961,50.9295],[24.5389,50.914],[24.5474,50.9071],[24.608,50.893],[24.6423,50.8793],[24.6491,50.8723],[24.6773,50.8592],[24.6902,50.8651],[24.717,50.8627],[24.7246,50.8857],[24.7357,50.9007]]]]},"properties":{"key":"ковельський","name":"Ковельський район","source_group":"raion"}},{"id":"коломийський","type":"Feature","geometry":{"type":"MultiPolygon","coordinates":[[[[24.7905,48.4559],[24.7936,48.4461],[24.8317,48.4339],[24.8482,48.4319],[24.8592,48.4368],[24.8846,48.4405],[24.9028,48.4285],[24.9089,48.4327],[24.9244,48.4286],[24.9569,48.4412],[24.978,48.4342],[24.9924,48.433],[25.0116,48.421],[25.0256,48.4189],[25.0314,48.411],[25.0558,48.4215],[25.0782,48.42],[25.0877,48.4117],[25.0967,48.4116],[25.1066,48.3977],[25.1291,48.3956],[25.1441,48.4074],[25.1725,48.4134],[25.2029,48.3992],[25.2183,48.4017],[25.2325,48.3958],[25.2513,48.3945],[25.2472,48.3898],[25.2629,48.3667],[25.2783,48.3722],[25.2949,48.365],[25.302,48.3681],[25.3091,48.3607],[25.3189,48.3684],[25.3772,48.3893],[25.4007,48.3941],[25.4334,48.3951],[25.4444,48.4008],[25.4788,48.3987],[25.4986,48.4013],[25.5278,48.3953],[25.5434,48.3854],[25.5622,48.3834],[25.5808,48.3776],[25.6,48.3758],[25.6191,48.3843],[25.6122,48.3947],[25.6205,48.3982],[25.6151,48.4124],[25.601,48.4118],[25.6091,48.425],[25.604,48.4469],[25.6055,48.4619],[25.5966,48.4728],[25.601,48.4898],[25.5997,48.5055],[25.6082,48.5272],[25.5995,48.5432],[25.6031,48.5514],[25.5975,48.5656],[25.6032,48.5702],[25.5867,48.59],[25.588,48.6248],[25.5851,48.6351],[25.605,48.6519],[25.6216,48.6605],[25.6277,48.6731],[25.6219,48.6829],[25.6509,48.6993],[25.647,48.7108],[25.6142,48.7163],[25.6091,48.7224],[25.61,48.7268],[25.615,48.7307],[25.6347,48.7392],[25.6396,48.7484],[25.6014,48.7646],[25.5691,48.7901],[25.5432,48.8034],[25.5032,48.8074],[25.4853,48.821],[25.4555,48.832],[25.451,48.8398],[25.4671,48.8511],[25.4674,48.8595],[25.455,48.867],[25.436,48.8724],[25.4301,48.8707],[25.4279,48.8681],[25.4301,48.8619],[25.4399,48.8498],[25.4376,48.8459],[25.434,48.8441],[25.426,48.8434],[25.4066,48.8468],[25.3685,48.8588],[25.3479,48.8592],[25.3427,48.8558],[25.3458,48.8384],[25.3269,48.8382],[25.3209,48.8312],[25.3141,48.8274],[25.2874,48.8277],[25.2611,48.8271],[25.2385,48.8154],[25.237,48.8019],[25.2434,48.7916],[25.2253,48.7818],[25.2523,48.7609],[25.2561,48.7319],[25.2321,48.7234],[25.2108,48.7116],[25.2367,48.6911],[25.2426,48.6764],[25.2213,48.6525],[25.2053,48.6555],[25.1961,48.6464],[25.1873,48.6497],[25.1779,48.6413],[25.1451,48.6493],[25.1551,48.6512],[25.149,48.6575],[25.1221,48.674],[25.0984,48.6743],[25.0738,48.6929],[25.0705,48.6891],[25.0551,48.7046],[25.0558,48.7146],[25.04,48.7305],[25.0139,48.7384],[25.0036,48.744],[24.9824,48.7643],[24.9774,48.7618],[24.9952,48.7357],[24.9941,48.7322],[24.9696,48.729],[24.971,48.7435],[24.9404,48.7604],[24.9103,48.7705],[24.9032,48.7591],[24.8709,48.7641],[24.8616,48.7702],[24.8521,48.7688],[24.8289,48.7805],[24.8193,48.7913],[24.8105,48.7875],[24.8046,48.7847],[24.8027,48.788],[24.7866,48.7751],[24.7661,48.7648],[24.7542,48.7664],[24.7421,48.7487],[24.7238,48.7399],[24.7323,48.722],[24.75,48.7149],[24.7805,48.6926],[24.7792,48.685],[24.7949,48.6801],[24.8163,48.6786],[24.8124,48.6393],[24.8239,48.6391],[24.8229,48.6285],[24.7694,48.6178],[24.7672,48.6027],[24.7746,48.5697],[24.7741,48.5614],[24.7919,48.5598],[24.8001,48.5474],[24.763,48.5129],[24.7636,48.4953],[24.7705,48.4811],[24.7564,48.4786],[24.7717,48.4647],[24.7807,48.4633],[24.7905,48.4559]]]]},"properties":{"key":"коломийський","name":"Коломийський район","source_group":"raion"}},{"id":"конотопський","type":"Feature","geometry":{"type":"MultiPolygon","coordinates":[[[[33.7237,50.9802],[33.7591,50.9855],[33.7766,50.9816],[33.8004,50.9816],[33.8046,50.9882],[33.8147,50.985],[33.8324,50.9866],[33.8442,50.9836],[33.8532,50.9935],[33.8963,50.9811],[33.906,50.9824],[33.8942,50.9903],[33.904,50.9981],[33.9048,51.0145],[33.9202,51.0099],[33.9348,51.0137],[33.9466,51.0263],[33.9683,51.0371],[33.9617,51.0491],[33.9642,51.0693],[33.9894,51.0705],[34.0159,51.0658],[34.0181,51.0672],[34.0203,51.0747],[34.0167,51.077],[34.0689,51.0904],[34.0809,51.1186],[34.0781,51.12],[34.108,51.144],[34.1301,51.142],[34.1212,51.1582],[34.1196,51.1816],[34.13,51.1844],[34.1486,51.1984],[34.1412,51.2156],[34.1471,51.2335],[34.1586,51.2358],[34.159,51.2384],[34.1611,51.2448],[34.1732,51.2447],[34.1828,51.2505],[34.1957,51.2444],[34.2115,51.252],[34.2093,51.2591],[34.2306,51.2625],[34.2329,51.2732],[34.2518,51.2752],[34.2553,51.2818],[34.2435,51.2842],[34.2377,51.2919],[34.2554,51.2991],[34.2668,51.2988],[34.273,51.3146],[34.289,51.3224],[34.2816,51.3353],[34.2876,51.3393],[34.3001,51.3345],[34.32,51.3389],[34.3168,51.3433],[34.3389,51.3567],[34.3368,51.3655],[34.308,51.373],[34.2855,51.3747],[34.2925,51.3881],[34.2814,51.39],[34.2721,51.3827],[34.2579,51.3963],[34.2458,51.4021],[34.228,51.3997],[34.2208,51.417],[34.2272,51.4215],[34.2222,51.4287],[34.2461,51.4315],[34.2553,51.4398],[34.2447,51.4564],[34.2574,51.4608],[34.2666,51.4749],[34.2817,51.4735],[34.291,51.4858],[34.2534,51.5016],[34.2268,51.5014],[34.1977,51.491],[34.1868,51.495],[34.189,51.5153],[34.1766,51.5259],[34.1328,51.5011],[34.1295,51.5059],[34.1111,51.5114],[34.1089,51.5083],[34.0831,51.5141],[34.0632,51.5282],[34.0522,51.549],[34.0404,51.5374],[34.0494,51.5211],[34.027,51.5186],[34.024,51.5251],[34.0016,51.5225],[34.0053,51.5121],[33.9908,51.51],[33.9874,51.4961],[33.9997,51.4901],[33.9983,51.4772],[33.9819,51.4685],[33.9724,51.4638],[33.9549,51.4626],[33.9572,51.477],[33.9422,51.4739],[33.9229,51.4647],[33.9107,51.4628],[33.9073,51.4644],[33.8935,51.4634],[33.886,51.465],[33.8846,51.4668],[33.8875,51.4718],[33.8801,51.4803],[33.8973,51.4887],[33.8982,51.4933],[33.8966,51.4971],[33.8789,51.4996],[33.8826,51.5047],[33.868,51.5067],[33.8479,51.4976],[33.8345,51.513],[33.8052,51.5084],[33.7838,51.5146],[33.768,51.5292],[33.7509,51.5344],[33.7505,51.5442],[33.7416,51.5537],[33.7435,51.5599],[33.726,51.5767],[33.7233,51.5834],[33.7428,51.5846],[33.7331,51.6076],[33.6642,51.6341],[33.6799,51.6408],[33.6788,51.6488],[33.6405,51.645],[33.604,51.6708],[33.5832,51.6596],[33.5563,51.6724],[33.5506,51.6818],[33.5054,51.7045],[33.5091,51.7137],[33.488,51.7115],[33.4872,51.7052],[33.4385,51.7181],[33.4136,51.7148],[33.3746,51.7024],[33.3487,51.6911],[33.326,51.6861],[33.3133,51.6784],[33.2954,51.6795],[33.2721,51.6739],[33.2572,51.6657],[33.2369,51.6657],[33.2368,51.6595],[33.2136,51.656],[33.2112,51.6668],[33.1979,51.6841],[33.1864,51.6841],[33.1865,51.673],[33.1655,51.6795],[33.1593,51.6776],[33.1418,51.6781],[33.1477,51.6717],[33.1406,51.6605],[33.1359,51.6587],[33.1293,51.6519],[33.1283,51.6483],[33.1298,51.6432],[33.1543,51.6417],[33.1549,51.6084],[33.1773,51.5976],[33.1917,51.5841],[33.2223,51.581],[33.2067,51.5715],[33.192,51.573],[33.1675,51.5704],[33.1573,51.5631],[33.1576,51.5556],[33.168,51.552],[33.1688,51.5433],[33.1883,51.5372],[33.1928,51.5248],[33.1921,51.5068],[33.178,51.5069],[33.174,51.4996],[33.1558,51.4935],[33.1395,51.497],[33.1305,51.4842],[33.135,51.4673],[33.1232,51.4607],[33.1126,51.4292],[33.1349,51.417],[33.1198,51.4013],[33.1358,51.3987],[33.1334,51.382],[33.1221,51.3807],[33.1104,51.3892],[33.0917,51.3896],[33.1089,51.382],[33.1124,51.3703],[33.1008,51.3662],[33.0929,51.3701],[33.0886,51.3676],[33.0601,51.3709],[33.0601,51.3838],[33.0435,51.3866],[33.0394,51.3961],[33.052,51.3967],[33.0571,51.4055],[33.0458,51.4114],[33.0451,51.4036],[33.0167,51.3959],[33.0302,51.3768],[33.0431,51.3683],[33.0357,51.3578],[33.038,51.3454],[33.0444,51.3421],[33.0645,51.3483],[33.0744,51.3402],[33.0686,51.3335],[33.0783,51.3224],[33.0757,51.3126],[33.0545,51.3032],[33.0538,51.2951],[33.0428,51.29],[33.06,51.2881],[33.0639,51.2864],[33.0766,51.2875],[33.0736,51.2842],[33.0675,51.269],[33.0585,51.2665],[33.0599,51.2575],[33.07,51.2553],[33.0291,51.227],[33.0391,51.2198],[33.0422,51.206],[33.0298,51.2],[32.9983,51.1996],[32.9783,51.1888],[32.9858,51.1832],[32.9612,51.1627],[32.9926,51.1434],[32.9446,51.0915],[32.9566,51.0856],[32.9612,51.0899],[32.9983,51.085],[33.0412,51.0818],[33.0383,51.0724],[33.0697,51.0701],[33.0718,51.0634],[33.0597,51.0481],[33.0846,51.0395],[33.0507,51.0118],[33.0455,51.0018],[33.0386,50.9934],[33.0511,50.9877],[33.0788,50.9811],[33.0774,50.9919],[33.1177,51.0069],[33.1208,50.9981],[33.1393,50.9685],[33.1364,50.9622],[33.1841,50.9585],[33.2005,50.9621],[33.2198,50.9754],[33.2818,50.9837],[33.3429,50.9761],[33.3429,50.9725],[33.3857,50.9684],[33.4183,50.9633],[33.4168,50.969],[33.4425,50.9668],[33.4527,50.9888],[33.4748,50.9923],[33.4861,50.9873],[33.5082,50.9854],[33.5161,50.9926],[33.5055,51.0043],[33.5127,51.0052],[33.5103,51.0291],[33.5465,51.0359],[33.5834,51.0238],[33.6187,51.0237],[33.6287,51.0293],[33.635,51.0181],[33.6333,51.0094],[33.6463,50.9911],[33.6692,50.9847],[33.6591,50.9689],[33.6944,50.9642],[33.708,50.9664],[33.7237,50.9802]]]]},"properties":{"key":"конотопський","name":"Конотопський район","source_group":"raion"}},{"id":"коростенський","type":"Feature","geometry":{"type":"MultiPolygon","coordinates":[[[[28.2849,50.7193],[28.29,50.7537],[28.2981,50.757],[28.3277,50.754],[28.3375,50.7586],[28.3638,50.7587],[28.3906,50.7534],[28.4098,50.7581],[28.4117,50.7478],[28.431,50.7538],[28.4458,50.7532],[28.4498,50.7446],[28.4852,50.7446],[28.4988,50.7687],[28.5164,50.7671],[28.5141,50.76],[28.5268,50.7607],[28.5421,50.7506],[28.5461,50.7416],[28.5633,50.7422],[28.5937,50.7472],[28.6136,50.7353],[28.653,50.7468],[28.6478,50.7546],[28.6798,50.7577],[28.7011,50.7508],[28.6853,50.7393],[28.6783,50.7289],[28.6828,50.718],[28.7372,50.7187],[28.7259,50.7138],[28.7189,50.6914],[28.7009,50.6833],[28.7088,50.6681],[28.725,50.6676],[28.7272,50.6501],[28.7391,50.6553],[28.7438,50.6669],[28.742,50.6805],[28.7617,50.6938],[28.7828,50.6816],[28.8359,50.6726],[28.8437,50.6682],[28.8537,50.6729],[28.8463,50.6913],[28.8578,50.7006],[28.8586,50.7102],[28.9079,50.7268],[28.9219,50.7236],[28.9351,50.7097],[28.9519,50.7163],[28.9613,50.7102],[28.9763,50.7144],[28.9797,50.7107],[28.9982,50.7113],[29.022,50.7016],[29.0231,50.6935],[29.0383,50.6891],[29.044,50.6771],[29.0777,50.669],[29.0415,50.6665],[29.0602,50.6563],[29.0934,50.6568],[29.0967,50.659],[29.1414,50.6676],[29.1572,50.6826],[29.179,50.6817],[29.1986,50.677],[29.2092,50.6707],[29.2096,50.6608],[29.2362,50.6549],[29.2448,50.643],[29.2534,50.6455],[29.2582,50.6562],[29.278,50.6559],[29.2863,50.6606],[29.306,50.6805],[29.2879,50.6853],[29.2952,50.6915],[29.3134,50.6862],[29.3164,50.6893],[29.3349,50.6781],[29.3379,50.6816],[29.3763,50.6925],[29.3776,50.704],[29.3908,50.7036],[29.4084,50.7082],[29.4121,50.7257],[29.4358,50.7234],[29.4477,50.7274],[29.4504,50.736],[29.4604,50.7367],[29.4622,50.7202],[29.4857,50.7199],[29.4647,50.7474],[29.4782,50.7457],[29.492,50.7315],[29.5023,50.7385],[29.5025,50.7299],[29.4868,50.7178],[29.5143,50.7124],[29.5196,50.7048],[29.5496,50.6939],[29.5602,50.697],[29.5607,50.7011],[29.5836,50.7196],[29.5782,50.738],[29.5804,50.7447],[29.5849,50.7467],[29.5766,50.7493],[29.5728,50.7676],[29.5699,50.7718],[29.5543,50.7712],[29.5436,50.7758],[29.5176,50.7717],[29.505,50.7652],[29.4775,50.7741],[29.5106,50.7748],[29.5061,50.7849],[29.5234,50.7911],[29.498,50.8004],[29.49,50.8115],[29.5039,50.8185],[29.5497,50.8132],[29.5432,50.829],[29.5294,50.8245],[29.4991,50.8389],[29.5215,50.869],[29.5146,50.8795],[29.5009,50.8875],[29.4899,50.8889],[29.471,50.9029],[29.4746,50.9141],[29.4675,50.9256],[29.436,50.9455],[29.4122,50.9487],[29.4131,50.9853],[29.4428,50.9872],[29.4743,50.9787],[29.4666,50.9867],[29.4641,51.0172],[29.4724,51.0305],[29.5111,51.0605],[29.4971,51.0712],[29.4596,51.0884],[29.4291,51.1236],[29.3494,51.16],[29.3303,51.1571],[29.3293,51.1252],[29.3169,51.1313],[29.3032,51.1628],[29.2902,51.2034],[29.2666,51.2641],[29.3016,51.2734],[29.3325,51.278],[29.3294,51.2712],[29.3543,51.2746],[29.3965,51.3213],[29.3924,51.3454],[29.3935,51.3799],[29.3576,51.376],[29.3571,51.3877],[29.3336,51.385],[29.3205,51.3775],[29.3166,51.3909],[29.3247,51.4011],[29.3107,51.4216],[29.3106,51.4318],[29.3025,51.4453],[29.3043,51.4545],[29.2869,51.4598],[29.2715,51.4582],[29.2666,51.4762],[29.2532,51.4821],[29.2452,51.5002],[29.2497,51.5226],[29.2602,51.5321],[29.2523,51.5669],[29.244,51.5695],[29.2137,51.5677],[29.2016,51.5822],[29.2044,51.5983],[29.178,51.6085],[29.1855,51.6212],[29.1575,51.6289],[29.1764,51.6487],[29.1672,51.6533],[29.1383,51.6492],[29.1169,51.6567],[29.1,51.6448],[29.0917,51.6287],[29.0715,51.6277],[29.0398,51.6029],[29.0294,51.5903],[28.9979,51.5739],[28.9745,51.5731],[28.9663,51.5908],[28.9238,51.5853],[28.906,51.5888],[28.8823,51.583],[28.865,51.569],[28.8364,51.5583],[28.8194,51.5588],[28.8073,51.5486],[28.8043,51.5384],[28.7889,51.5248],[28.7614,51.4828],[28.7736,51.4741],[28.7804,51.4507],[28.7714,51.4495],[28.7658,51.4279],[28.7532,51.4152],[28.7496,51.4251],[28.7389,51.4258],[28.7336,51.4349],[28.7358,51.4657],[28.722,51.4606],[28.718,51.4512],[28.6974,51.4412],[28.683,51.444],[28.6512,51.5243],[28.6553,51.527],[28.6492,51.5457],[28.6395,51.554],[28.6506,51.5622],[28.6331,51.5571],[28.6304,51.5616],[28.6529,51.5697],[28.6319,51.5685],[28.6319,51.5731],[28.5539,51.5723],[28.5545,51.5824],[28.523,51.5821],[28.5163,51.5906],[28.4681,51.5928],[28.3904,51.5502],[28.3536,51.5393],[28.3546,51.5559],[28.3434,51.5763],[28.3301,51.5831],[28.3117,51.6005],[28.281,51.6229],[28.2577,51.6193],[28.2543,51.6266],[28.2654,51.6668],[28.2696,51.6712],[28.2602,51.6817],[28.23,51.6682],[28.1712,51.6447],[28.1694,51.6263],[28.1483,51.6047],[28.1311,51.6082],[28.1196,51.5987],[28.1147,51.5847],[28.0817,51.5741],[28.0725,51.5792],[28.0489,51.5664],[27.9405,51.5575],[27.9367,51.5608],[27.9679,51.5821],[27.9762,51.5947],[27.9559,51.5935],[27.9453,51.5804],[27.9204,51.5783],[27.9241,51.5962],[27.9224,51.6065],[27.9131,51.6167],[27.8929,51.6173],[27.8861,51.6234],[27.8602,51.6308],[27.8357,51.6253],[27.8186,51.617],[27.8403,51.609],[27.8291,51.597],[27.8249,51.5774],[27.837,51.561],[27.8359,51.5558],[27.8482,51.5474],[27.8351,51.5351],[27.8005,51.5335],[27.7828,51.5076],[27.7667,51.4938],[27.7596,51.4728],[27.7381,51.4748],[27.7196,51.4893],[27.7014,51.498],[27.6942,51.4976],[27.6631,51.5167],[27.6693,51.4969],[27.6482,51.5011],[27.641,51.4933],[27.6204,51.481],[27.5801,51.478],[27.5806,51.4295],[27.5979,51.4299],[27.6023,51.4146],[27.6148,51.4095],[27.614,51.4028],[27.5853,51.4021],[27.5839,51.4075],[27.5339,51.4284],[27.526,51.4433],[27.533,51.4534],[27.506,51.4517],[27.5059,51.4357],[27.4926,51.407],[27.4945,51.3751],[27.5245,51.3664],[27.5265,51.3538],[27.5221,51.3421],[27.4917,51.3162],[27.4414,51.311],[27.4476,51.284],[27.4617,51.2642],[27.4503,51.2614],[27.4549,51.2487],[27.4635,51.2482],[27.4717,51.2376],[27.4643,51.2369],[27.4571,51.2247],[27.4442,51.2234],[27.4175,51.2014],[27.4006,51.2005],[27.407,51.1882],[27.3951,51.1718],[27.3986,51.1705],[27.3735,51.1548],[27.3799,51.1469],[27.3634,51.1432],[27.3696,51.1126],[27.368,51.0983],[27.3544,51.0956],[27.3551,51.0866],[27.3365,51.0884],[27.3322,51.0831],[27.3607,51.0758],[27.3591,51.0592],[27.4026,51.059],[27.4325,51.0688],[27.4357,51.0549],[27.446,51.0449],[27.4201,51.029],[27.423,51.0207],[27.3896,51.0082],[27.3843,51.002],[27.3708,51.0011],[27.3702,51.0101],[27.3538,51.011],[27.3623,51.0003],[27.3894,50.9863],[27.3943,50.9971],[27.445,51.0059],[27.4529,51.0109],[27.4803,51.0454],[27.4732,51.052],[27.549,51.0774],[27.5631,51.0754],[27.5768,51.0677],[27.5702,51.0588],[27.5859,51.056],[27.5845,51.0809],[27.5997,51.0739],[27.6069,51.0802],[27.6247,51.0774],[27.6359,51.0647],[27.6501,51.0574],[27.6653,51.0382],[27.6609,51.0133],[27.6823,51.0139],[27.7035,51.0077],[27.7058,50.9971],[27.7483,50.9971],[27.7725,51.0131],[27.7578,51.0198],[27.7499,51.0293],[27.7638,51.0352],[27.7548,51.0482],[27.7728,51.0471],[27.8027,51.0538],[27.8753,51.0479],[27.9023,51.0476],[27.9126,51.0516],[27.9288,51.0493],[27.9499,51.0698],[27.9511,51.0599],[28.0093,51.0594],[28.0337,51.0492],[28.0439,51.0335],[28.0558,51.0287],[28.0975,51.0244],[28.1243,51.0254],[28.1302,51.013],[28.1063,50.9879],[28.1556,50.9668],[28.1406,50.9651],[28.1447,50.9566],[28.1677,50.9372],[28.1707,50.9229],[28.1636,50.9129],[28.1397,50.8966],[28.1297,50.8779],[28.117,50.8714],[28.1162,50.8643],[28.1302,50.8569],[28.1533,50.8171],[28.1502,50.8028],[28.1741,50.7972],[28.1674,50.7851],[28.243,50.7539],[28.2295,50.7436],[28.2419,50.7379],[28.2395,50.7288],[28.2619,50.7218],[28.2623,50.724],[28.2783,50.7181],[28.2849,50.7193]]]]},"properties":{"key":"коростенський","name":"Коростенський район","source_group":"raion"}},{"id":"корюківський","type":"Feature","geometry":{"type":"MultiPolygon","coordinates":[[[[32.0113,51.3683],[32.0232,51.361],[32.0333,51.37],[32.0322,51.3801],[32.0747,51.3825],[32.0797,51.3893],[32.0901,51.3878],[32.1192,51.4001],[32.1338,51.4022],[32.1614,51.3948],[32.1776,51.3826],[32.1948,51.3768],[32.2148,51.3785],[32.225,51.3723],[32.2307,51.3755],[32.2255,51.3876],[32.2462,51.3988],[32.2589,51.3968],[32.2891,51.4041],[32.286,51.4143],[32.3075,51.4138],[32.3118,51.4103],[32.3472,51.4108],[32.3688,51.4136],[32.3815,51.4258],[32.3967,51.4241],[32.3866,51.4101],[32.4129,51.3922],[32.4395,51.3874],[32.4783,51.3908],[32.4868,51.4002],[32.4983,51.3953],[32.5104,51.4044],[32.5128,51.3993],[32.5305,51.4134],[32.5657,51.4109],[32.5843,51.4213],[32.6116,51.4264],[32.6101,51.4389],[32.6029,51.4463],[32.5893,51.4505],[32.5646,51.4477],[32.5604,51.455],[32.5557,51.4579],[32.5622,51.4589],[32.5709,51.4551],[32.5659,51.461],[32.5717,51.4612],[32.5788,51.4562],[32.5905,51.4594],[32.6023,51.4517],[32.6209,51.4625],[32.6343,51.4628],[32.6444,51.4529],[32.6832,51.4476],[32.6873,51.4442],[32.7102,51.4413],[32.7138,51.4428],[32.7227,51.4465],[32.7228,51.4568],[32.7372,51.4662],[32.7249,51.4764],[32.7015,51.4776],[32.6859,51.4863],[32.6737,51.48],[32.6767,51.4701],[32.6605,51.4874],[32.624,51.4839],[32.6171,51.4984],[32.6093,51.5031],[32.607,51.5114],[32.6097,51.5226],[32.6329,51.5232],[32.6283,51.5382],[32.6441,51.5451],[32.6533,51.5429],[32.6544,51.5563],[32.6671,51.5566],[32.6776,51.551],[32.676,51.5428],[32.6891,51.5551],[32.7401,51.5517],[32.7702,51.5698],[32.778,51.5683],[32.787,51.5769],[32.8066,51.5766],[32.813,51.5689],[32.8433,51.5687],[32.8454,51.572],[32.8298,51.5805],[32.8291,51.5944],[32.8361,51.601],[32.833,51.6102],[32.8193,51.6075],[32.8171,51.6142],[32.8317,51.6165],[32.8265,51.6237],[32.8113,51.6181],[32.802,51.6225],[32.7859,51.6195],[32.7733,51.6279],[32.7463,51.6271],[32.7672,51.6369],[32.7684,51.6439],[32.7413,51.6334],[32.7196,51.6343],[32.7165,51.6662],[32.6866,51.6784],[32.6925,51.6904],[32.6812,51.6997],[32.6887,51.7155],[32.6987,51.7254],[32.7147,51.7219],[32.7429,51.7246],[32.7689,51.735],[32.7506,51.7614],[32.7137,51.7763],[32.7034,51.7947],[32.7092,51.7942],[32.7026,51.8068],[32.6837,51.8144],[32.6887,51.8202],[32.7011,51.814],[32.7242,51.8185],[32.73,51.8266],[32.7118,51.8306],[32.7103,51.8414],[32.7331,51.8366],[32.7676,51.8384],[32.7768,51.8453],[32.7979,51.8515],[32.8169,51.852],[32.8096,51.8672],[32.8131,51.8884],[32.7956,51.8901],[32.7579,51.9037],[32.7701,51.917],[32.7505,51.9206],[32.7526,51.9332],[32.7337,51.9345],[32.7352,51.9237],[32.694,51.915],[32.6823,51.9161],[32.6663,51.9108],[32.6445,51.9118],[32.6287,51.9167],[32.6315,51.9528],[32.6387,51.9554],[32.6321,51.968],[32.6273,51.9701],[32.5933,51.9614],[32.5746,51.9608],[32.5628,51.9543],[32.5568,51.96],[32.5212,51.9607],[32.5076,51.9633],[32.4824,51.9815],[32.4692,51.9706],[32.4438,51.9789],[32.4414,51.9977],[32.4305,51.9932],[32.4255,51.9842],[32.4153,51.9877],[32.4334,51.9999],[32.4295,52.0099],[32.4194,52.0021],[32.4081,52.0214],[32.3908,52.0258],[32.3889,52.0315],[32.3696,52.0384],[32.3628,52.0499],[32.381,52.05],[32.3839,52.0592],[32.3656,52.057],[32.3495,52.0573],[32.3431,52.0529],[32.3066,52.0569],[32.2897,52.0551],[32.2804,52.0583],[32.27,52.0755],[32.2493,52.0813],[32.2272,52.0802],[32.219,52.0822],[32.1934,52.0669],[32.1833,52.0723],[32.1475,52.0692],[32.1461,52.0566],[32.1258,52.0461],[32.0966,52.044],[32.0958,52.0336],[32.0657,52.0352],[32.0406,52.0404],[32.0363,52.0451],[32.017,52.0485],[31.9628,52.0534],[31.9526,52.0465],[31.9283,52.0468],[31.9175,52.0526],[31.9292,52.0591],[31.9432,52.0609],[31.9583,52.0681],[31.9538,52.0822],[31.9412,52.08],[31.9308,52.0906],[31.9017,52.103],[31.8676,52.1106],[31.8467,52.1096],[31.8179,52.0987],[31.8105,52.0703],[31.7771,52.0641],[31.7817,52.0488],[31.7732,52.0426],[31.778,52.0318],[31.786,52.031],[31.7887,52.0409],[31.7964,52.0221],[31.8015,51.9947],[31.7901,51.9879],[31.7802,51.9934],[31.7674,51.9839],[31.7717,51.9697],[31.7586,51.9664],[31.7815,51.9554],[31.7921,51.9407],[31.8073,51.9413],[31.7987,51.9363],[31.8068,51.9081],[31.7863,51.9132],[31.7232,51.9124],[31.7292,51.9173],[31.7068,51.9218],[31.6927,51.9078],[31.6638,51.9004],[31.6741,51.8967],[31.6622,51.8831],[31.6952,51.8718],[31.6876,51.8574],[31.6818,51.8568],[31.6744,51.8383],[31.6575,51.822],[31.6356,51.8258],[31.6353,51.81],[31.653,51.803],[31.6583,51.7931],[31.6522,51.7806],[31.7308,51.7503],[31.7574,51.7445],[31.7411,51.739],[31.7322,51.7276],[31.7489,51.7229],[31.7812,51.7289],[31.7783,51.712],[31.7922,51.6931],[31.7877,51.6715],[31.7938,51.6603],[31.8106,51.6537],[31.8054,51.6294],[31.8576,51.6227],[31.8789,51.6077],[31.8852,51.6126],[31.8921,51.6018],[31.8795,51.5843],[31.8601,51.5731],[31.8467,51.5433],[31.8539,51.5105],[31.8231,51.5062],[31.812,51.4994],[31.8306,51.4897],[31.8242,51.4692],[31.8273,51.4595],[31.8396,51.4451],[31.8295,51.4392],[31.8298,51.4294],[31.8194,51.4306],[31.8263,51.4171],[31.8574,51.4136],[31.8547,51.4043],[31.8676,51.3996],[31.8666,51.3936],[31.8781,51.3921],[31.8786,51.3842],[31.8915,51.3698],[31.9051,51.3696],[31.9294,51.3637],[31.9465,51.3665],[31.9646,51.3622],[31.9697,51.35],[31.9726,51.3491],[31.9821,51.3537],[31.9833,51.3667],[31.9982,51.3705],[32.0113,51.3683]]]]},"properties":{"key":"корюківський","name":"Корюківський район","source_group":"raion"}},{"id":"косівський","type":"Feature","geometry":{"type":"MultiPolygon","coordinates":[[[[24.7342,48.2794],[24.7359,48.2734],[24.749,48.2619],[24.759,48.2664],[24.7667,48.254],[24.7776,48.249],[24.7745,48.234],[24.7893,48.2242],[24.824,48.2293],[24.8371,48.2253],[24.846,48.2296],[24.8517,48.2234],[24.8864,48.2094],[24.8882,48.2029],[24.9022,48.1955],[24.9189,48.2154],[24.932,48.213],[24.9509,48.217],[24.9546,48.2252],[24.971,48.2157],[24.9677,48.2101],[24.9884,48.1975],[24.9992,48.203],[25.0214,48.2011],[25.0382,48.1902],[25.0436,48.1803],[25.0886,48.1608],[25.0922,48.1645],[25.0829,48.1721],[25.0832,48.1786],[25.0862,48.1819],[25.0944,48.1851],[25.1125,48.185],[25.1256,48.179],[25.1353,48.1807],[25.1396,48.1951],[25.1137,48.2121],[25.1183,48.2199],[25.1077,48.2249],[25.1458,48.2461],[25.1736,48.246],[25.191,48.2541],[25.1983,48.2642],[25.2201,48.2856],[25.2273,48.2893],[25.2425,48.3143],[25.2553,48.3172],[25.2566,48.3194],[25.2553,48.3229],[25.2644,48.3303],[25.275,48.3291],[25.2782,48.3399],[25.2911,48.3471],[25.3091,48.3607],[25.302,48.3681],[25.2949,48.365],[25.2783,48.3722],[25.2629,48.3667],[25.2472,48.3898],[25.2513,48.3945],[25.2325,48.3958],[25.2183,48.4017],[25.2029,48.3992],[25.1725,48.4134],[25.1441,48.4074],[25.1291,48.3956],[25.1066,48.3977],[25.0967,48.4116],[25.0877,48.4117],[25.0782,48.42],[25.0558,48.4215],[25.0314,48.411],[25.0256,48.4189],[25.0116,48.421],[24.9924,48.433],[24.978,48.4342],[24.9569,48.4412],[24.9244,48.4286],[24.9089,48.4327],[24.9028,48.4285],[24.8846,48.4405],[24.8592,48.4368],[24.8482,48.4319],[24.8317,48.4339],[24.7936,48.4461],[24.7905,48.4559],[24.7856,48.4594],[24.7711,48.4426],[24.7436,48.438],[24.715,48.4285],[24.7027,48.4209],[24.7217,48.415],[24.7154,48.3978],[24.7318,48.3787],[24.7476,48.3749],[24.7421,48.3578],[24.7478,48.3516],[24.7464,48.3372],[24.7564,48.3253],[24.7473,48.3195],[24.7332,48.3018],[24.7392,48.2804],[24.7342,48.2794]]]]},"properties":{"key":"косівський","name":"Косівський район","source_group":"raion"}},{"id":"краматорський","type":"Feature","geometry":{"type":"MultiPolygon","coordinates":[[[[37.7375,48.3559],[37.7435,48.3564],[37.7484,48.361],[37.7725,48.3643],[37.7934,48.3772],[37.8131,48.3667],[37.8136,48.3684],[37.7959,48.3778],[37.784,48.3801],[37.7687,48.3922],[37.7698,48.4042],[37.7812,48.4126],[37.7771,48.4318],[37.7864,48.4144],[37.7824,48.4037],[37.8066,48.3931],[37.8029,48.4055],[37.8169,48.4166],[37.8449,48.4101],[37.8552,48.4156],[37.8742,48.4049],[37.8789,48.4174],[37.8955,48.4092],[37.8971,48.4157],[37.9235,48.413],[37.9352,48.4187],[37.9311,48.4044],[37.9126,48.3702],[37.9265,48.366],[37.9309,48.3605],[37.9297,48.3562],[37.9358,48.3599],[37.9414,48.3602],[37.9573,48.3668],[37.9527,48.3773],[37.9709,48.38],[37.9832,48.3736],[37.9882,48.3826],[37.9726,48.3901],[37.9636,48.3989],[37.9644,48.4102],[37.9587,48.4456],[37.9409,48.4506],[37.9536,48.4584],[37.9587,48.4535],[38.0053,48.4578],[38.01,48.4682],[38.0073,48.4756],[37.9681,48.4732],[37.9704,48.4612],[37.9547,48.4608],[37.9498,48.47],[37.9591,48.475],[37.9644,48.4905],[37.9147,48.486],[37.9094,48.4949],[37.92,48.504],[37.898,48.5278],[37.8808,48.5308],[37.8765,48.5436],[37.8534,48.5494],[37.8506,48.5549],[37.836,48.5429],[37.8119,48.5485],[37.8125,48.579],[37.8045,48.5815],[37.8006,48.5963],[37.8128,48.6014],[37.8255,48.6003],[37.8225,48.6309],[37.8151,48.6339],[37.8157,48.6492],[37.8349,48.6605],[37.8369,48.6762],[37.8185,48.6782],[37.7991,48.6926],[37.7983,48.6951],[37.8143,48.7214],[37.8124,48.7385],[37.8242,48.7534],[37.8192,48.7612],[37.8639,48.804],[37.8846,48.7942],[37.9099,48.7884],[37.9161,48.7948],[37.9353,48.7961],[37.9299,48.8194],[37.9147,48.8183],[37.91,48.8374],[37.9162,48.8411],[37.9392,48.8434],[37.9396,48.8478],[37.9598,48.8478],[37.9972,48.8435],[38.0054,48.8451],[38.0009,48.8602],[38.0388,48.87],[38.0351,48.8821],[38.0426,48.8907],[38.0315,48.8923],[38.0207,48.886],[38.006,48.8984],[38.0243,48.9058],[38.0454,48.934],[38.041,48.9359],[38.0388,48.944],[38.004,48.9459],[38.0307,48.9741],[38.0534,48.9648],[38.0585,48.9757],[38.0531,48.985],[38.0762,48.9911],[38.098,48.9919],[38.0982,48.9998],[38.0707,49.042],[38.0555,49.0586],[38.0617,49.0645],[38.0672,49.0959],[38.0839,49.1338],[38.0821,49.1479],[38.0664,49.147],[38.0444,49.1509],[38.0405,49.1387],[38.0394,49.1266],[37.9804,49.1301],[37.9589,49.1365],[37.9549,49.1422],[37.9457,49.1388],[37.9216,49.1457],[37.8927,49.1603],[37.9015,49.1662],[37.8931,49.1752],[37.908,49.1843],[37.9355,49.1917],[37.9244,49.2056],[37.9158,49.2032],[37.9094,49.2135],[37.8898,49.212],[37.8905,49.2187],[37.8797,49.2213],[37.8715,49.2372],[37.8654,49.2364],[37.8498,49.2219],[37.8421,49.2019],[37.826,49.2064],[37.7984,49.2066],[37.7985,49.2026],[37.7098,49.2205],[37.6206,49.2329],[37.5997,49.2297],[37.5664,49.2305],[37.551,49.2177],[37.5098,49.1965],[37.4992,49.1833],[37.558,49.1649],[37.5672,49.1498],[37.5609,49.1447],[37.5431,49.1442],[37.5638,49.1345],[37.5706,49.1352],[37.5845,49.1246],[37.5421,49.1106],[37.4999,49.1056],[37.488,49.1006],[37.5007,49.0913],[37.5086,49.0796],[37.5062,49.0696],[37.4956,49.0643],[37.4792,49.063],[37.4667,49.0553],[37.465,49.0617],[37.4518,49.0528],[37.45,49.0616],[37.418,49.0626],[37.4101,49.0535],[37.3842,49.0487],[37.385,49.034],[37.3908,49.0267],[37.3754,49.026],[37.3723,48.994],[37.3587,48.9921],[37.3585,48.9984],[37.3446,49.0036],[37.3357,48.9944],[37.3133,48.9901],[37.3156,48.9771],[37.3074,48.9809],[37.2939,48.9696],[37.3204,48.9531],[37.3069,48.9509],[37.3163,48.9387],[37.3337,48.9351],[37.3276,48.9228],[37.3122,48.923],[37.2988,48.9182],[37.2978,48.9234],[37.2689,48.9229],[37.2655,48.9071],[37.2441,48.9099],[37.2262,48.9081],[37.2206,48.8959],[37.2104,48.8854],[37.1957,48.8812],[37.1899,48.8703],[37.1944,48.8502],[37.1921,48.8151],[37.1565,48.8258],[37.1515,48.8329],[37.1412,48.8332],[37.1489,48.8419],[37.1313,48.8434],[37.0983,48.8509],[37.0778,48.8181],[37.0679,48.8137],[37.0352,48.8149],[37.0247,48.8173],[37.0192,48.802],[37.012,48.8036],[36.9946,48.7871],[37.0239,48.775],[37.0246,48.7683],[37.0423,48.7672],[37.0385,48.7533],[37.0324,48.7505],[36.9882,48.7749],[36.968,48.7934],[36.9476,48.7955],[36.9447,48.7921],[36.923,48.794],[36.9213,48.7975],[36.8545,48.8004],[36.8393,48.7733],[36.8204,48.7714],[36.816,48.7776],[36.7877,48.7807],[36.7835,48.7896],[36.7899,48.8027],[36.7648,48.7974],[36.7301,48.8031],[36.7194,48.8051],[36.7041,48.7864],[36.6885,48.7747],[36.6919,48.7684],[36.7092,48.767],[36.7114,48.7556],[36.7194,48.7448],[36.7151,48.737],[36.7316,48.7066],[36.731,48.695],[36.711,48.6936],[36.7202,48.6849],[36.7172,48.6802],[36.7248,48.669],[36.7218,48.6613],[36.7348,48.6465],[36.7466,48.5968],[36.7789,48.6006],[36.7805,48.5966],[36.8055,48.5966],[36.8101,48.5688],[36.8238,48.5655],[36.8589,48.5689],[36.8719,48.5502],[36.8827,48.5509],[36.8851,48.5428],[36.9013,48.5445],[36.9045,48.531],[36.9417,48.5345],[36.9433,48.541],[36.9927,48.5453],[36.9947,48.5372],[37.0045,48.5387],[37.004,48.5502],[37.0166,48.551],[37.0156,48.5653],[37.0216,48.5663],[37.0529,48.5596],[37.0566,48.5724],[37.0485,48.5819],[37.0677,48.5829],[37.0635,48.6014],[37.0995,48.6085],[37.1057,48.5907],[37.1297,48.5933],[37.1407,48.5975],[37.164,48.5899],[37.1624,48.6084],[37.1985,48.6085],[37.2024,48.601],[37.2201,48.6035],[37.2234,48.5983],[37.2526,48.601],[37.2591,48.5681],[37.3003,48.5693],[37.2975,48.5977],[37.3343,48.5798],[37.328,48.5786],[37.3463,48.5555],[37.3671,48.559],[37.3681,48.5365],[37.3978,48.5375],[37.3894,48.5278],[37.3887,48.5122],[37.3733,48.5006],[37.3611,48.4834],[37.3766,48.4805],[37.4338,48.4752],[37.4288,48.458],[37.4329,48.443],[37.4421,48.4436],[37.4448,48.4262],[37.4321,48.4252],[37.4318,48.4107],[37.4469,48.4113],[37.4531,48.3843],[37.4432,48.3837],[37.4524,48.3476],[37.4698,48.3532],[37.4846,48.3422],[37.4727,48.3346],[37.4926,48.3179],[37.539,48.3398],[37.5629,48.3333],[37.5937,48.3038],[37.6077,48.3079],[37.5996,48.2789],[37.617,48.2763],[37.6363,48.2817],[37.6409,48.2738],[37.6848,48.2687],[37.6886,48.2614],[37.72,48.2637],[37.7096,48.3087],[37.739,48.3229],[37.7487,48.3229],[37.7355,48.3386],[37.7375,48.3559]]]]},"properties":{"key":"краматорський","name":"Краматорський район","source_group":"raion"}},{"id":"красноградський","type":"Feature","geometry":{"type":"MultiPolygon","coordinates":[[[[35.8542,48.9571],[35.8788,48.963],[35.8835,48.9753],[35.9122,48.969],[35.922,48.9741],[35.9355,48.973],[35.9297,48.9802],[35.9351,48.9863],[35.9369,48.9988],[35.94,48.9998],[35.9489,48.9943],[35.9585,48.9984],[35.9598,49.001],[35.9844,49.0075],[35.9907,48.9914],[36.0134,48.9861],[36.0176,48.9799],[36.0346,48.9791],[36.0523,48.9913],[36.0508,49.0019],[36.0654,49.0035],[36.0728,49.0154],[36.0973,49.032],[36.1074,49.0427],[36.1074,49.051],[36.1277,49.05],[36.1537,49.0634],[36.1587,49.0687],[36.1968,49.0728],[36.2092,49.081],[36.2375,49.0878],[36.249,49.0994],[36.2624,49.0974],[36.2717,49.1032],[36.2548,49.1271],[36.2178,49.1187],[36.1651,49.1103],[36.1623,49.1313],[36.17,49.1336],[36.1648,49.1776],[36.1645,49.198],[36.1381,49.1962],[36.1438,49.2128],[36.1303,49.2158],[36.1297,49.2266],[36.1415,49.2264],[36.137,49.2466],[36.1322,49.2516],[36.0614,49.2559],[36.068,49.263],[36.0659,49.2738],[36.0735,49.2818],[36.0667,49.2892],[36.039,49.3014],[36.0291,49.3119],[36.0351,49.3218],[36.0326,49.3324],[36.0425,49.3369],[36.0415,49.3472],[36.0269,49.3442],[36.0257,49.3553],[36.0095,49.355],[36.0098,49.3693],[36.0015,49.3698],[36.0042,49.3826],[35.9948,49.3839],[36.0005,49.3987],[35.986,49.4014],[35.9845,49.4062],[35.9933,49.4288],[35.9984,49.4576],[35.9787,49.4628],[35.9828,49.475],[35.9803,49.4856],[35.9865,49.4853],[35.9848,49.5048],[36.0608,49.5053],[36.0758,49.5034],[36.0824,49.5178],[36.0682,49.5413],[36.0822,49.5706],[36.1011,49.5794],[36.103,49.5866],[36.0768,49.5935],[36.08,49.6032],[36.0741,49.6162],[36.0343,49.6179],[36.031,49.6223],[35.9655,49.6338],[35.9646,49.6246],[35.8957,49.5928],[35.8664,49.5824],[35.8468,49.5981],[35.8522,49.609],[35.8479,49.6196],[35.8522,49.6251],[35.8324,49.6414],[35.8183,49.6365],[35.7896,49.636],[35.7826,49.6223],[35.7673,49.6179],[35.7413,49.6291],[35.7484,49.638],[35.736,49.6505],[35.727,49.6476],[35.7127,49.6514],[35.7122,49.6637],[35.7218,49.6661],[35.7178,49.6764],[35.738,49.6892],[35.7458,49.6975],[35.707,49.6972],[35.6991,49.7059],[35.6637,49.6919],[35.6605,49.6964],[35.6221,49.6915],[35.6217,49.6618],[35.6175,49.6564],[35.6008,49.6564],[35.5712,49.6454],[35.5367,49.6487],[35.5312,49.662],[35.5139,49.6666],[35.4942,49.6669],[35.4856,49.6724],[35.4713,49.6694],[35.4655,49.674],[35.4315,49.6733],[35.4331,49.6664],[35.4232,49.6634],[35.4269,49.6554],[35.4424,49.6424],[35.4562,49.6192],[35.4618,49.6046],[35.4865,49.572],[35.4743,49.5666],[35.4091,49.5622],[35.4047,49.5559],[35.4276,49.5492],[35.4336,49.54],[35.4292,49.5265],[35.4864,49.5155],[35.49,49.5095],[35.4813,49.4844],[35.4604,49.4845],[35.3321,49.5047],[35.3308,49.4954],[35.313,49.4565],[35.3632,49.449],[35.3475,49.4048],[35.3768,49.3979],[35.3629,49.3843],[35.302,49.3383],[35.2786,49.3178],[35.2898,49.2938],[35.2816,49.2908],[35.2726,49.277],[35.2593,49.2827],[35.2623,49.2878],[35.2433,49.2959],[35.2165,49.2975],[35.2141,49.2942],[35.1666,49.296],[35.1231,49.3022],[35.0902,49.3006],[35.0781,49.3164],[35.0361,49.3307],[35.0223,49.3214],[35.0202,49.3174],[35.0245,49.3163],[35.0126,49.2998],[35.0073,49.3018],[34.9898,49.2702],[34.9828,49.2531],[34.9817,49.2472],[34.9831,49.2385],[34.9963,49.2088],[35.0181,49.1502],[35.0441,49.1563],[35.0491,49.1733],[35.06,49.1752],[35.0734,49.1699],[35.0718,49.159],[35.0812,49.16],[35.077,49.1496],[35.0849,49.1412],[35.0915,49.154],[35.1118,49.1568],[35.1239,49.164],[35.137,49.1566],[35.1324,49.153],[35.1428,49.1503],[35.1521,49.1518],[35.162,49.1605],[35.1777,49.1585],[35.188,49.1618],[35.1981,49.1562],[35.208,49.1527],[35.2091,49.1505],[35.1952,49.1491],[35.1897,49.1374],[35.1995,49.1381],[35.2294,49.1258],[35.2131,49.125],[35.2102,49.1179],[35.1986,49.119],[35.1949,49.1078],[35.2216,49.1053],[35.2284,49.0994],[35.2387,49.1127],[35.2571,49.1127],[35.268,49.1043],[35.2752,49.089],[35.2928,49.0936],[35.3059,49.0904],[35.3118,49.0789],[35.3021,49.0698],[35.3322,49.0604],[35.3435,49.0534],[35.3398,49.0472],[35.3527,49.0398],[35.3702,49.038],[35.3843,49.0272],[35.4015,49.031],[35.413,49.0134],[35.4371,49.0118],[35.4368,49.006],[35.4603,48.9959],[35.457,48.9888],[35.4702,48.9856],[35.4778,48.9787],[35.4875,48.9802],[35.4853,48.9723],[35.5105,48.9832],[35.53,48.9755],[35.5291,48.9815],[35.5617,48.9738],[35.576,48.9748],[35.585,48.9858],[35.6011,48.981],[35.6251,48.9824],[35.6241,48.9715],[35.6306,48.9636],[35.6423,48.9638],[35.6489,48.9738],[35.671,48.9719],[35.6912,48.9666],[35.6918,48.9576],[35.6922,48.9445],[35.6971,48.9475],[35.7039,48.9446],[35.7161,48.9527],[35.7132,48.9578],[35.7167,48.9629],[35.7213,48.9658],[35.7328,48.9663],[35.7356,48.9657],[35.7392,48.9622],[35.7391,48.9493],[35.7579,48.9489],[35.7608,48.9558],[35.775,48.9486],[35.7782,48.9491],[35.7843,48.955],[35.7901,48.9519],[35.7895,48.9455],[35.7993,48.9422],[35.7922,48.9362],[35.7996,48.9279],[35.8114,48.9303],[35.8108,48.9335],[35.8071,48.9379],[35.8097,48.9417],[35.8178,48.9418],[35.83,48.9508],[35.8561,48.9466],[35.8542,48.9571]]]]},"properties":{"key":"красноградський","name":"Красноградський район","source_group":"raion"}},{"id":"кременецький","type":"Feature","geometry":{"type":"MultiPolygon","coordinates":[[[[25.4312,49.9352],[25.4236,49.9312],[25.4205,49.9149],[25.449,49.8977],[25.4613,49.8867],[25.4729,49.8619],[25.4768,49.8248],[25.5025,49.8169],[25.5124,49.8096],[25.5175,49.7982],[25.5327,49.7793],[25.5412,49.775],[25.57,49.7941],[25.5719,49.7994],[25.5909,49.7993],[25.6402,49.8218],[25.661,49.8429],[25.6766,49.8496],[25.6738,49.8206],[25.6793,49.8158],[25.6919,49.8168],[25.7159,49.8055],[25.7323,49.8007],[25.7422,49.8034],[25.7619,49.8018],[25.7748,49.7965],[25.7744,49.8084],[25.7869,49.8064],[25.8324,49.8066],[25.8343,49.8103],[25.8588,49.8079],[25.8685,49.7982],[25.8825,49.7948],[25.9028,49.8004],[25.9071,49.794],[25.9248,49.7907],[25.9043,49.7829],[25.8846,49.779],[25.8588,49.7639],[25.8473,49.7543],[25.8743,49.7356],[25.8725,49.7275],[25.9119,49.7138],[25.9162,49.7218],[25.9461,49.7007],[25.9641,49.713],[25.9799,49.719],[25.9986,49.7145],[26.0094,49.7187],[26.0193,49.714],[26.0594,49.7223],[26.1219,49.72],[26.1615,49.716],[26.1655,49.7275],[26.181,49.7211],[26.1918,49.7134],[26.2147,49.7352],[26.243,49.7451],[26.2369,49.7707],[26.2297,49.7776],[26.2243,49.7818],[26.2277,49.7919],[26.2187,49.798],[26.2172,49.8063],[26.2058,49.8193],[26.1966,49.8227],[26.1847,49.8365],[26.1773,49.8464],[26.2004,49.8663],[26.1906,49.8724],[26.1638,49.8809],[26.1596,49.8899],[26.1346,49.8982],[26.1352,49.9062],[26.1629,49.9256],[26.1439,49.9604],[26.1477,49.9758],[26.1684,49.9865],[26.1693,49.9943],[26.2013,49.9925],[26.2111,50.0165],[26.1772,50.0259],[26.1989,50.0363],[26.2171,50.0369],[26.2179,50.0463],[26.2267,50.0461],[26.2223,50.0601],[26.2008,50.0672],[26.2066,50.0755],[26.2011,50.0812],[26.2011,50.0982],[26.2458,50.1025],[26.2731,50.1017],[26.2742,50.1132],[26.2349,50.1317],[26.2431,50.1425],[26.2233,50.1461],[26.2088,50.1539],[26.2188,50.1571],[26.2213,50.165],[26.2109,50.1751],[26.2198,50.1809],[26.213,50.1849],[26.1912,50.1914],[26.1795,50.1974],[26.1916,50.2183],[26.1847,50.217],[26.1845,50.2284],[26.1961,50.2269],[26.2177,50.2333],[26.2149,50.2638],[26.1924,50.2635],[26.1726,50.2472],[26.164,50.2321],[26.1367,50.2351],[26.1296,50.2381],[26.0633,50.2544],[26.0209,50.2307],[26.0113,50.2288],[26.003,50.2389],[25.9888,50.2463],[25.974,50.2466],[25.9589,50.2575],[25.9245,50.2563],[25.92,50.2532],[25.9231,50.2489],[25.8984,50.2339],[25.8725,50.2132],[25.872,50.2057],[25.856,50.1903],[25.8206,50.1809],[25.7951,50.1847],[25.7627,50.1796],[25.7284,50.1875],[25.7219,50.1741],[25.7038,50.1716],[25.6899,50.179],[25.6252,50.153],[25.5955,50.1698],[25.5753,50.1766],[25.5537,50.1502],[25.5009,50.1563],[25.5024,50.1644],[25.477,50.1665],[25.4501,50.1518],[25.4489,50.1255],[25.4551,50.117],[25.4837,50.1134],[25.489,50.1019],[25.453,50.0942],[25.459,50.0826],[25.4512,50.0742],[25.4382,50.0727],[25.4319,50.053],[25.3891,50.0484],[25.3644,50.047],[25.3593,50.0171],[25.3521,50.0178],[25.3488,50.0039],[25.3612,49.9959],[25.4023,49.9854],[25.4116,49.9695],[25.402,49.9551],[25.4037,49.9476],[25.4284,49.941],[25.4312,49.9352]]]]},"properties":{"key":"кременецький","name":"Кременецький район","source_group":"raion"}},{"id":"кременчуцький","type":"Feature","geometry":{"type":"MultiPolygon","coordinates":[[[[32.8861,49.2354],[32.9287,49.2331],[32.9724,49.2447],[32.9847,49.2379],[32.9878,49.2283],[32.9833,49.2155],[32.9916,49.2042],[33.0209,49.1975],[33.0323,49.186],[33.0566,49.1848],[33.0791,49.1879],[33.0897,49.1831],[33.1079,49.1819],[33.1199,49.1654],[33.1294,49.1599],[33.1572,49.1281],[33.15,49.123],[33.1559,49.113],[33.1532,49.1018],[33.1631,49.0955],[33.1842,49.0976],[33.1972,49.0885],[33.1904,49.0821],[33.2038,49.0737],[33.2232,49.0774],[33.2268,49.0848],[33.2424,49.0789],[33.244,49.0846],[33.2443,49.1458],[33.2363,49.1644],[33.2418,49.1653],[33.2617,49.149],[33.2666,49.1323],[33.2754,49.1346],[33.288,49.1237],[33.302,49.1192],[33.2888,49.0969],[33.2745,49.0981],[33.2648,49.0919],[33.2786,49.0825],[33.2892,49.0835],[33.3078,49.0786],[33.2987,49.0665],[33.3138,49.054],[33.3324,49.0268],[33.2997,49.0103],[33.3036,48.9925],[33.3265,48.9608],[33.3144,48.957],[33.3197,48.9491],[33.3332,48.9482],[33.3477,48.9533],[33.3531,48.9491],[33.4011,48.9274],[33.3993,48.952],[33.4076,48.9612],[33.4242,48.9566],[33.4771,48.9521],[33.473,48.9396],[33.4787,48.9341],[33.4749,48.915],[33.4839,48.9159],[33.4977,48.9262],[33.5373,48.9308],[33.5468,48.9134],[33.5725,48.9117],[33.5667,48.9188],[33.5894,48.917],[33.611,48.9382],[33.5991,48.9426],[33.6128,48.9478],[33.6336,48.9616],[33.6366,48.9739],[33.664,48.9791],[33.6688,48.9691],[33.6946,48.9477],[33.7171,48.94],[33.739,48.9413],[33.7581,48.946],[33.7775,48.9406],[33.8085,48.9383],[33.835,48.931],[33.862,48.9136],[33.8919,48.903],[33.9272,48.88],[33.931,48.8798],[33.9894,48.9199],[34.0125,48.9333],[33.9988,48.9459],[33.9775,48.9571],[33.9271,48.9787],[33.9277,48.9871],[33.8824,48.9888],[33.883,49.0135],[33.9296,49.0137],[33.964,49.0229],[33.9874,49.02],[33.9923,49.0327],[33.9823,49.035],[33.989,49.049],[33.9744,49.0516],[33.9866,49.0828],[34.0482,49.0749],[34.053,49.1054],[34.0566,49.1121],[34.0881,49.1132],[34.0994,49.1626],[34.0892,49.1649],[34.0936,49.177],[34.0437,49.1847],[34.0311,49.2374],[34.0066,49.2515],[34.0054,49.2605],[34.0284,49.2765],[34.0286,49.2846],[34.0144,49.2937],[34.0044,49.3127],[33.9903,49.3119],[33.9787,49.3687],[33.9674,49.3661],[33.9271,49.3712],[33.9145,49.3646],[33.8923,49.3766],[33.8995,49.3833],[33.9003,49.3976],[33.8929,49.4019],[33.9015,49.406],[33.8857,49.408],[33.8807,49.3999],[33.8872,49.3957],[33.8711,49.3955],[33.8655,49.4143],[33.8377,49.4076],[33.8156,49.4188],[33.8196,49.412],[33.8066,49.4112],[33.8044,49.4213],[33.7969,49.4235],[33.7991,49.4371],[33.7899,49.4439],[33.7981,49.4525],[33.7955,49.4617],[33.8094,49.4623],[33.8049,49.4764],[33.7865,49.4726],[33.772,49.4751],[33.7719,49.4812],[33.7532,49.4911],[33.7429,49.4891],[33.7274,49.5011],[33.7041,49.503],[33.6916,49.5155],[33.6489,49.5219],[33.6364,49.5365],[33.6178,49.5761],[33.5792,49.5856],[33.5383,49.5916],[33.5373,49.5965],[33.5212,49.5979],[33.4896,49.608],[33.4954,49.6127],[33.4614,49.6153],[33.4402,49.6247],[33.4454,49.6357],[33.4085,49.6436],[33.3815,49.6572],[33.366,49.6488],[33.3626,49.6543],[33.3487,49.6483],[33.3212,49.6487],[33.3091,49.6371],[33.2945,49.6437],[33.282,49.6389],[33.2578,49.6508],[33.2581,49.6602],[33.2244,49.6612],[33.1908,49.6653],[33.1874,49.6458],[33.1733,49.6479],[33.1419,49.66],[33.1549,49.6728],[33.139,49.6798],[33.1499,49.6918],[33.1301,49.7009],[33.1183,49.6955],[33.0601,49.7147],[33.0455,49.7275],[33.0512,49.7308],[33.0192,49.7544],[33.0115,49.7494],[32.99,49.757],[32.9734,49.7477],[32.9672,49.7518],[32.9735,49.761],[32.9254,49.7727],[32.914,49.7947],[32.8785,49.7941],[32.8746,49.802],[32.8638,49.8059],[32.8587,49.8033],[32.8601,49.7982],[32.837,49.7944],[32.8343,49.7837],[32.8254,49.7856],[32.8188,49.785],[32.8161,49.7824],[32.8165,49.776],[32.8055,49.7704],[32.8171,49.7623],[32.8139,49.757],[32.7824,49.7501],[32.7642,49.7382],[32.7523,49.7372],[32.743,49.7421],[32.7243,49.7372],[32.7275,49.7133],[32.7194,49.6998],[32.7166,49.6931],[32.7054,49.6905],[32.7081,49.6836],[32.7004,49.6801],[32.6845,49.6733],[32.6867,49.6645],[32.683,49.6628],[32.6911,49.658],[32.7029,49.6546],[32.7051,49.6504],[32.7039,49.6347],[32.7134,49.6306],[32.7147,49.6192],[32.7122,49.6141],[32.7068,49.6057],[32.6942,49.6027],[32.7113,49.5926],[32.7212,49.5954],[32.7369,49.5858],[32.7535,49.5665],[32.7462,49.5458],[32.7496,49.541],[32.7463,49.5236],[32.7092,49.4986],[32.6902,49.5001],[32.6783,49.499],[32.6704,49.4883],[32.6667,49.4587],[32.673,49.4487],[32.652,49.4375],[32.6598,49.4308],[32.6792,49.4267],[32.6816,49.4105],[32.6781,49.3998],[32.6915,49.3846],[32.7116,49.3852],[32.7377,49.3725],[32.7355,49.3632],[32.7382,49.3534],[32.7292,49.3519],[32.7111,49.3539],[32.6736,49.3528],[32.646,49.3581],[32.6027,49.3756],[32.5618,49.3821],[32.5462,49.381],[32.5268,49.3924],[32.5208,49.4042],[32.5102,49.4086],[32.4958,49.3955],[32.4882,49.3752],[32.4774,49.365],[32.4768,49.3566],[32.4625,49.3498],[32.4606,49.3468],[32.4608,49.3425],[32.4631,49.3413],[32.4785,49.3414],[32.4679,49.33],[32.4675,49.3279],[32.47,49.3255],[32.4901,49.3144],[32.5109,49.3053],[32.5284,49.3019],[32.5516,49.2919],[32.5632,49.2833],[32.5979,49.275],[32.606,49.2567],[32.6367,49.2591],[32.651,49.2491],[32.666,49.2485],[32.6833,49.2544],[32.7119,49.257],[32.7361,49.2513],[32.758,49.2405],[32.7653,49.2319],[32.776,49.2366],[32.7972,49.2386],[32.8169,49.248],[32.8333,49.2465],[32.8462,49.249],[32.8861,49.2354]]]]},"properties":{"key":"кременчуцький","name":"Кременчуцький район","source_group":"raion"}},{"id":"криворізький","type":"Feature","geometry":{"type":"MultiPolygon","coordinates":[[[[33.9778,47.4593],[33.9974,47.4593],[34.0034,47.4565],[34.0809,47.4709],[34.1109,47.4739],[34.1093,47.5526],[34.0772,47.5531],[34.0465,47.5698],[34.0541,47.5761],[34.0753,47.5764],[34.0833,47.5845],[34.0788,47.5908],[34.0888,47.5968],[34.0806,47.6037],[34.0751,47.5997],[34.0517,47.6187],[34.0691,47.6324],[34.0619,47.6358],[34.0439,47.6349],[34.0299,47.6438],[34.0272,47.6537],[34.0452,47.6599],[34.054,47.6583],[34.0414,47.6685],[34.0345,47.6652],[34.0053,47.6647],[33.9949,47.6684],[33.9831,47.6654],[33.9613,47.6756],[33.9367,47.6941],[33.9286,47.693],[33.937,47.7149],[33.9299,47.7203],[33.9568,47.7227],[33.9598,47.7429],[34.0082,47.7461],[34.0213,47.7496],[34.0336,47.7712],[34.0524,47.7824],[34.0671,47.7955],[34.065,47.8092],[34.0431,47.8069],[34.0251,47.8728],[34.003,47.872],[34.0073,47.8942],[33.9997,47.9029],[34.0163,47.9052],[34.0121,47.9286],[34.057,47.9327],[34.0605,47.9235],[34.0837,47.9443],[34.0982,47.9485],[34.1228,47.9393],[34.145,47.9431],[34.1451,47.9465],[34.1448,47.9538],[34.1517,47.9551],[34.1615,47.9672],[34.1992,47.9727],[34.1978,48.0015],[34.2099,48.0041],[34.2082,48.0144],[34.2236,48.0174],[34.2212,48.0273],[34.2373,48.029],[34.2311,48.0479],[34.223,48.0466],[34.2221,48.0574],[34.202,48.0564],[34.1874,48.0565],[34.1831,48.0759],[34.1568,48.0723],[34.1438,48.0778],[34.1102,48.1022],[34.0847,48.102],[34.0588,48.1512],[34.0163,48.1417],[34.0044,48.185],[33.9835,48.1834],[33.9776,48.1888],[33.966,48.1831],[33.9357,48.1793],[33.9453,48.1882],[33.9415,48.2017],[33.9299,48.201],[33.923,48.2235],[33.8853,48.2193],[33.8754,48.2592],[33.8621,48.2569],[33.8363,48.2584],[33.8328,48.2515],[33.8119,48.2559],[33.8079,48.263],[33.7798,48.2573],[33.771,48.2863],[33.7397,48.2822],[33.7469,48.2623],[33.7404,48.2586],[33.6927,48.2504],[33.6744,48.2508],[33.6692,48.2603],[33.6381,48.256],[33.6226,48.2498],[33.6259,48.2444],[33.6002,48.24],[33.5938,48.2625],[33.6203,48.2849],[33.6224,48.2916],[33.6139,48.3173],[33.5849,48.3165],[33.5755,48.3139],[33.5713,48.304],[33.5775,48.2523],[33.5362,48.2326],[33.537,48.2272],[33.5307,48.2246],[33.5242,48.2233],[33.5124,48.2317],[33.5021,48.2328],[33.4964,48.2028],[33.4764,48.2],[33.4773,48.1934],[33.4299,48.1883],[33.431,48.1708],[33.4102,48.1675],[33.3818,48.167],[33.3605,48.1639],[33.3563,48.1599],[33.316,48.1591],[33.3155,48.1524],[33.2917,48.1513],[33.3084,48.1291],[33.317,48.1258],[33.3155,48.119],[33.3028,48.1187],[33.2912,48.1023],[33.2771,48.1037],[33.2716,48.1387],[33.2725,48.1546],[33.2481,48.1523],[33.2438,48.1729],[33.2135,48.1708],[33.2187,48.1476],[33.2264,48.1485],[33.2309,48.1285],[33.2179,48.1221],[33.1816,48.1199],[33.185,48.1055],[33.2227,48.1076],[33.2209,48.1145],[33.235,48.1142],[33.2391,48.0983],[33.2016,48.0892],[33.153,48.084],[33.1417,48.0784],[33.1481,48.0677],[33.1534,48.0436],[33.1497,48.0434],[33.1442,48.0662],[33.1159,48.0628],[33.1153,48.0662],[33.1054,48.0668],[33.1042,48.049],[33.1095,48.0442],[33.0379,48.0349],[33.0332,48.03],[33.0362,48.0129],[33.0212,48.0086],[33.0256,48.0037],[33.0222,47.9892],[33.0249,47.9841],[33.0222,47.9832],[33.0061,47.988],[32.9968,47.9858],[32.9937,47.9767],[32.9968,47.9686],[33.0021,47.9665],[33.0062,47.937],[32.9933,47.9338],[33.005,47.9144],[33.0153,47.91],[33.0774,47.9204],[33.0865,47.8859],[33.0705,47.8834],[33.0819,47.8349],[33.0566,47.832],[33.0667,47.7838],[33.0498,47.7819],[33.0569,47.7607],[33.0669,47.7613],[33.0714,47.7393],[33.0069,47.7328],[33.0072,47.7271],[32.9731,47.723],[32.9943,47.6289],[32.9928,47.623],[33.0118,47.6255],[33.0075,47.616],[32.989,47.6147],[32.99,47.6068],[32.9705,47.6042],[32.9595,47.5915],[33.0953,47.597],[33.0929,47.5793],[33.1593,47.5701],[33.1716,47.5668],[33.1866,47.5739],[33.2052,47.5687],[33.2238,47.573],[33.2365,47.5735],[33.2372,47.5652],[33.2292,47.5533],[33.2187,47.5481],[33.2219,47.5414],[33.2154,47.5347],[33.2248,47.5305],[33.2437,47.5306],[33.2711,47.545],[33.2881,47.5415],[33.2859,47.525],[33.2791,47.5181],[33.2968,47.5037],[33.3105,47.5007],[33.3154,47.4912],[33.3069,47.486],[33.3137,47.4809],[33.35,47.4935],[33.3297,47.5117],[33.3238,47.525],[33.4757,47.5432],[33.4857,47.5455],[33.4749,47.5877],[33.5789,47.5989],[33.5821,47.5885],[33.5887,47.5885],[33.5932,47.574],[33.6059,47.5753],[33.6076,47.5609],[33.59,47.5581],[33.5929,47.5444],[33.5815,47.5323],[33.5888,47.5031],[33.6044,47.5052],[33.6039,47.5098],[33.6361,47.5129],[33.6433,47.4852],[33.8191,47.5043],[33.9398,47.5155],[33.9475,47.5011],[33.9507,47.4592],[33.9778,47.4593]]]]},"properties":{"key":"криворізький","name":"Криворізький район","source_group":"raion"}},{"id":"кропивницький","type":"Feature","geometry":{"type":"MultiPolygon","coordinates":[[[[31.9607,47.81],[32.0169,47.8162],[32.019,47.8127],[32.0568,47.8182],[32.0606,47.8046],[32.0762,47.8065],[32.0789,47.7958],[32.0858,47.7965],[32.0893,47.7824],[32.109,47.785],[32.1155,47.7555],[32.1355,47.7584],[32.1398,47.7481],[32.1557,47.7555],[32.161,47.7512],[32.2296,47.7604],[32.2208,47.7919],[32.2394,47.7943],[32.2377,47.8146],[32.2995,47.824],[32.321,47.813],[32.3302,47.8045],[32.3456,47.797],[32.3537,47.7912],[32.3647,47.7887],[32.3782,47.7962],[32.3975,47.7999],[32.404,47.7997],[32.4031,47.7978],[32.3966,47.7964],[32.4018,47.7944],[32.4124,47.7962],[32.4173,47.8006],[32.4258,47.7985],[32.4321,47.7894],[32.5182,47.8013],[32.6227,47.8133],[32.6248,47.8155],[32.6577,47.8194],[32.6576,47.8301],[32.6809,47.8526],[32.6685,47.8545],[32.6631,47.8718],[32.6844,47.8744],[32.676,47.907],[32.6556,47.9059],[32.6519,47.9211],[32.7453,47.9325],[32.7364,47.9447],[32.7419,47.9515],[32.6984,47.9474],[32.6903,47.9816],[32.788,47.992],[32.8006,47.9804],[32.802,47.9741],[32.8118,47.9789],[32.8631,47.9858],[32.8648,47.9824],[32.8938,47.9854],[32.8861,48.0206],[32.8726,48.0242],[32.8707,48.0323],[32.8824,48.0286],[32.9168,48.0319],[32.9143,48.0377],[32.9459,48.0426],[32.9507,48.0355],[32.9905,48.0489],[32.999,48.0201],[33.0018,47.9998],[33.0051,47.9893],[33.0227,47.9832],[33.0251,47.9845],[33.0222,47.9892],[33.0256,48.0037],[33.0212,48.0086],[33.0362,48.0129],[33.0332,48.03],[33.0379,48.0349],[33.1095,48.0442],[33.1042,48.049],[33.1047,48.0658],[33.1079,48.0673],[33.1153,48.0662],[33.1159,48.0628],[33.1442,48.0662],[33.1497,48.0434],[33.1534,48.0436],[33.1481,48.0677],[33.1417,48.0784],[33.153,48.084],[33.2016,48.0892],[33.2391,48.0983],[33.235,48.1142],[33.2209,48.1145],[33.2227,48.1076],[33.185,48.1055],[33.1816,48.1199],[33.2179,48.1221],[33.2309,48.1285],[33.2264,48.1485],[33.2187,48.1476],[33.2158,48.1614],[33.1853,48.1582],[33.1854,48.1449],[33.1651,48.1425],[33.1631,48.1533],[33.1463,48.1524],[33.1383,48.183],[33.1554,48.1847],[33.1465,48.2307],[33.1532,48.2316],[33.1479,48.2523],[33.1425,48.2514],[33.1372,48.2784],[33.121,48.2757],[33.1184,48.2928],[33.1123,48.2928],[33.106,48.3237],[33.0537,48.3184],[33.043,48.3706],[33.0679,48.3702],[33.0707,48.3805],[33.0781,48.3818],[33.0747,48.4025],[33.0835,48.4097],[33.0782,48.4331],[33.1052,48.4358],[33.1039,48.4475],[33.0944,48.4466],[33.0911,48.4637],[33.0512,48.4619],[33.0444,48.4952],[33.0465,48.5077],[33.0133,48.5042],[33.0174,48.4821],[32.9578,48.4761],[32.9572,48.4781],[32.9172,48.4749],[32.92,48.4646],[32.8829,48.447],[32.848,48.4408],[32.8427,48.4326],[32.7821,48.4545],[32.7936,48.4604],[32.7888,48.4747],[32.7779,48.4806],[32.7759,48.4936],[32.784,48.5001],[32.7723,48.5115],[32.7802,48.5148],[32.7763,48.5435],[32.7587,48.5444],[32.7533,48.558],[32.7641,48.5601],[32.764,48.5768],[32.7735,48.5777],[32.7808,48.5961],[32.7806,48.6056],[32.8017,48.603],[32.8099,48.6128],[32.8264,48.6122],[32.856,48.6165],[32.853,48.6364],[32.8503,48.6266],[32.8186,48.6197],[32.8175,48.6263],[32.7993,48.6221],[32.7918,48.645],[32.7818,48.6424],[32.7532,48.6597],[32.7702,48.6616],[32.7641,48.6879],[32.8094,48.6898],[32.805,48.7051],[32.7828,48.7051],[32.7787,48.7206],[32.7991,48.7232],[32.8012,48.727],[32.7925,48.771],[32.7848,48.8018],[32.8544,48.8084],[32.8534,48.8136],[32.8858,48.8164],[32.8723,48.884],[32.858,48.8822],[32.8292,48.898],[32.8146,48.887],[32.8068,48.8953],[32.7891,48.896],[32.7782,48.8911],[32.7691,48.9288],[32.7534,48.9324],[32.7473,48.9292],[32.7391,48.936],[32.75,48.9391],[32.7377,48.9445],[32.7302,48.9777],[32.6982,48.9756],[32.6954,48.9826],[32.6812,48.9816],[32.676,48.9862],[32.6701,48.9836],[32.6673,48.9768],[32.6753,48.9608],[32.6546,48.9544],[32.6381,48.9557],[32.608,48.9554],[32.6061,48.9639],[32.5932,48.9595],[32.5944,48.9542],[32.582,48.9506],[32.5772,48.9579],[32.5675,48.957],[32.5529,48.9657],[32.5385,48.9664],[32.5414,48.9618],[32.5413,48.953],[32.5508,48.94],[32.5214,48.9397],[32.5225,48.9509],[32.513,48.9576],[32.5151,48.9798],[32.5026,48.9887],[32.4982,48.9996],[32.5009,49.0146],[32.4951,49.016],[32.4748,49.0063],[32.467,49.0313],[32.4727,49.0326],[32.4599,49.0414],[32.4528,49.0387],[32.4435,49.0513],[32.4339,49.0405],[32.4283,49.0421],[32.4188,49.0278],[32.3978,49.028],[32.3715,49.0386],[32.3773,49.052],[32.3683,49.0711],[32.3537,49.0695],[32.3515,49.079],[32.3175,49.0798],[32.3159,49.0754],[32.2989,49.0736],[32.2834,49.0856],[32.2833,49.0787],[32.2682,49.0813],[32.2598,49.0766],[32.2632,49.0597],[32.2413,49.0624],[32.2353,49.0596],[32.2323,49.0368],[32.2189,48.9887],[32.1961,48.991],[32.1845,48.9975],[32.1782,48.9732],[32.1348,48.966],[32.1355,48.955],[32.1528,48.9446],[32.1521,48.9176],[32.1459,48.9121],[32.1125,48.9125],[32.1042,48.9039],[32.0871,48.9072],[32.0934,48.9195],[32.0797,48.9211],[32.0498,48.9179],[32.0292,48.932],[32.0076,48.9148],[31.9984,48.9176],[31.9612,48.9078],[31.946,48.906],[31.9209,48.8814],[31.9121,48.8876],[31.9071,48.8753],[31.9268,48.8476],[31.9167,48.8348],[31.9171,48.8242],[31.9025,48.8131],[31.9537,48.8057],[32.0163,48.7994],[32.0468,48.7453],[32.0586,48.7421],[32.0481,48.7385],[32.053,48.7286],[32.0751,48.7127],[32.0162,48.7],[32.0177,48.6924],[31.9745,48.6875],[31.9608,48.6883],[31.9524,48.6977],[31.9443,48.6949],[31.9587,48.6676],[31.9411,48.6544],[31.9548,48.646],[31.9719,48.6061],[31.9814,48.6085],[31.9856,48.5991],[31.9696,48.5899],[31.966,48.5975],[31.9505,48.5947],[31.9155,48.58],[31.9417,48.5622],[31.9448,48.5429],[31.9572,48.5336],[31.9421,48.5398],[31.9252,48.5407],[31.9194,48.5366],[31.9014,48.5422],[31.8722,48.53],[31.8713,48.4959],[31.8571,48.4962],[31.8535,48.476],[31.8681,48.4771],[31.8808,48.4699],[31.8861,48.439],[31.9185,48.4415],[31.9265,48.3688],[31.9335,48.3685],[31.9437,48.3365],[31.9349,48.3347],[31.9394,48.314],[31.93,48.3139],[31.9334,48.278],[31.9126,48.2737],[31.9241,48.2419],[31.938,48.2205],[31.9447,48.2178],[31.9565,48.1902],[31.9434,48.1874],[31.9516,48.1633],[31.969,48.1645],[31.9706,48.1529],[31.9922,48.1562],[31.9947,48.1483],[32.0077,48.1504],[32.0125,48.134],[32.0256,48.1373],[32.0271,48.1318],[32.0124,48.1315],[31.9985,48.1264],[31.9784,48.1238],[31.9772,48.139],[31.97,48.1404],[31.9135,48.1375],[31.9154,48.1293],[31.8828,48.1255],[31.8865,48.1118],[31.8276,48.1069],[31.8222,48.1141],[31.7651,48.107],[31.7829,48.0433],[31.7279,48.0359],[31.7339,48.0079],[31.7537,47.9427],[31.7655,47.9452],[31.7812,47.9605],[31.7826,47.954],[31.8031,47.9601],[31.8441,47.9615],[31.8535,47.9146],[31.8718,47.9191],[31.8757,47.9088],[31.8843,47.8943],[31.8798,47.8825],[31.8905,47.8657],[31.8574,47.8647],[31.86,47.8507],[31.8526,47.8481],[31.857,47.8375],[31.8697,47.8283],[31.8686,47.8227],[31.8277,47.8171],[31.8375,47.7848],[31.8398,47.7828],[31.8753,47.7864],[31.8749,47.7884],[31.9643,47.7986],[31.9607,47.81]]]]},"properties":{"key":"кропивницький","name":"Кропивницький район","source_group":"raion"}},{"id":"куп'янський","type":"Feature","geometry":{"type":"MultiPolygon","coordinates":[[[[37.6517,49.4691],[37.6704,49.4919],[37.6904,49.5032],[37.6997,49.5172],[37.7128,49.5172],[37.7509,49.5064],[37.7717,49.5075],[37.7718,49.4993],[37.8027,49.4917],[37.8076,49.4983],[37.841,49.4952],[37.8457,49.5029],[37.8426,49.508],[37.848,49.5204],[37.8858,49.5186],[37.9188,49.5342],[37.9278,49.5476],[37.8849,49.5491],[37.9014,49.5744],[37.9229,49.5702],[37.9526,49.5692],[37.9387,49.584],[37.9349,49.5947],[37.9417,49.5942],[37.9448,49.6113],[37.9745,49.612],[37.9817,49.6268],[37.9961,49.6279],[37.9872,49.6441],[37.9987,49.6482],[38.0468,49.6576],[38.0287,49.6631],[38.0298,49.6689],[38.0158,49.6793],[38.014,49.696],[37.999,49.7008],[38.0184,49.7043],[38.0167,49.7153],[37.9894,49.7151],[37.9736,49.7082],[37.9608,49.7177],[37.9506,49.7305],[37.9608,49.7481],[37.9759,49.7677],[37.9833,49.755],[37.9983,49.7534],[38.01,49.7573],[38.0116,49.7661],[38.0342,49.7777],[38.0362,49.7834],[38.0536,49.7837],[38.0557,49.7923],[38.0357,49.7995],[38.0092,49.8128],[38.0189,49.8373],[38.0476,49.8394],[38.0762,49.8358],[38.0936,49.8465],[38.08,49.8566],[38.0226,49.9103],[38.021,49.9256],[38.0444,49.9329],[38.0049,49.9671],[37.9994,49.9631],[37.9807,49.9767],[37.965,49.9787],[37.9265,50.0338],[37.8926,50.051],[37.8639,50.0542],[37.8248,50.0685],[37.7969,50.0841],[37.7549,50.0784],[37.7434,50.0945],[37.7263,50.1072],[37.7017,50.1344],[37.6912,50.1423],[37.6695,50.1522],[37.6523,50.1704],[37.639,50.1799],[37.6435,50.1909],[37.6268,50.2045],[37.6145,50.2201],[37.6273,50.2408],[37.6265,50.2933],[37.6381,50.3027],[37.6356,50.3113],[37.6202,50.3152],[37.5945,50.3162],[37.5771,50.3066],[37.5557,50.3297],[37.5354,50.3336],[37.5292,50.3173],[37.5143,50.3114],[37.5103,50.3155],[37.463,50.2982],[37.4608,50.3009],[37.4191,50.29],[37.4234,50.2549],[37.4117,50.249],[37.4005,50.2324],[37.3845,50.2348],[37.3682,50.2219],[37.3792,50.1933],[37.3691,50.178],[37.3488,50.1888],[37.3184,50.1807],[37.3222,50.1715],[37.3079,50.1536],[37.2903,50.1517],[37.3017,50.1447],[37.3034,50.1368],[37.2674,50.126],[37.2809,50.1168],[37.2628,50.1065],[37.2547,50.112],[37.2416,50.1072],[37.2283,50.1145],[37.2058,50.1213],[37.1828,50.1172],[37.1583,50.1034],[37.1531,50.0977],[37.1671,50.0855],[37.1882,50.0777],[37.1842,50.0672],[37.1682,50.0671],[37.1581,50.0431],[37.1656,50.0311],[37.162,50.0133],[37.1494,50.0062],[37.1605,50.0001],[37.1527,49.9896],[37.1759,49.9817],[37.1659,49.9671],[37.1424,49.9567],[37.1349,49.9476],[37.1536,49.941],[37.1772,49.9366],[37.1788,49.9175],[37.1844,49.9178],[37.1849,49.885],[37.1877,49.8849],[37.1893,49.8387],[37.1802,49.8389],[37.1482,49.8253],[37.1177,49.7927],[37.1042,49.789],[37.0781,49.7972],[37.0673,49.7711],[37.0569,49.7729],[37.0406,49.7851],[37.0431,49.7926],[37.0237,49.8038],[37.0121,49.7875],[36.9641,49.7729],[36.9745,49.7665],[36.9914,49.7272],[37.0001,49.7262],[36.9996,49.7145],[37.0247,49.7125],[36.9862,49.6719],[36.9675,49.6608],[36.9952,49.6369],[37.002,49.6331],[37.005,49.621],[37.0227,49.6239],[37.036,49.6219],[37.0482,49.6341],[37.0592,49.6273],[37.0597,49.6132],[37.0676,49.6138],[37.0767,49.5985],[37.0866,49.592],[37.0843,49.5866],[37.1053,49.5821],[37.1423,49.6006],[37.165,49.5948],[37.1733,49.576],[37.1736,49.5628],[37.1615,49.5607],[37.1732,49.5423],[37.1987,49.5445],[37.2414,49.5409],[37.2928,49.5244],[37.3365,49.5352],[37.3726,49.5502],[37.3901,49.5434],[37.3799,49.5174],[37.4018,49.515],[37.4074,49.5211],[37.4549,49.4843],[37.4857,49.4698],[37.5201,49.4675],[37.5193,49.4541],[37.5414,49.4457],[37.5679,49.4435],[37.5697,49.4344],[37.5945,49.4402],[37.6131,49.4505],[37.6336,49.4491],[37.642,49.4515],[37.6517,49.4595],[37.6517,49.4691]]]]},"properties":{"key":"куп'янський","name":"Куп'янський район","source_group":"raion"}},{"id":"лозівський","type":"Feature","geometry":{"type":"MultiPolygon","coordinates":[[[[36.2958,48.5323],[36.3257,48.5559],[36.3555,48.5397],[36.356,48.5323],[36.393,48.5652],[36.3818,48.5702],[36.4412,48.6282],[36.4217,48.6356],[36.4478,48.6333],[36.4823,48.6629],[36.5612,48.6232],[36.5626,48.6167],[36.5795,48.6159],[36.5813,48.6074],[36.5917,48.6023],[36.6565,48.6085],[36.6548,48.6161],[36.6751,48.6184],[36.6737,48.6251],[36.7045,48.6279],[36.7051,48.6226],[36.7398,48.6264],[36.7348,48.6465],[36.7218,48.6613],[36.7248,48.669],[36.7172,48.6802],[36.7202,48.6849],[36.711,48.6936],[36.731,48.695],[36.7316,48.7066],[36.7151,48.737],[36.7194,48.7448],[36.7114,48.7556],[36.7092,48.767],[36.6919,48.7684],[36.6885,48.7747],[36.7041,48.7864],[36.7194,48.8051],[36.7044,48.8064],[36.6927,48.8109],[36.6898,48.8139],[36.6829,48.8456],[36.6915,48.8547],[36.7034,48.8577],[36.7016,48.863],[36.7134,48.8646],[36.7279,48.8577],[36.7606,48.8916],[36.7739,48.8891],[36.7794,48.8958],[36.7886,48.8912],[36.8003,48.8907],[36.8092,48.9099],[36.7972,48.9115],[36.7904,48.9405],[36.779,48.939],[36.7722,48.9511],[36.7647,48.9848],[36.7533,48.9837],[36.7505,48.9944],[36.7369,48.9933],[36.7393,49.0001],[36.7581,49.0134],[36.7442,49.0197],[36.7276,49.0176],[36.7242,49.0295],[36.6991,49.0224],[36.6815,49.0323],[36.6775,49.0202],[36.6435,49.0175],[36.6284,49.0778],[36.6344,49.0881],[36.6195,49.0916],[36.6167,49.0826],[36.5912,49.0949],[36.5922,49.1032],[36.6191,49.1306],[36.6123,49.1354],[36.6279,49.1499],[36.6373,49.1505],[36.655,49.1944],[36.6302,49.197],[36.6468,49.227],[36.6184,49.2313],[36.6223,49.2345],[36.5951,49.2422],[36.585,49.2609],[36.5718,49.2681],[36.5615,49.2675],[36.5718,49.2788],[36.5888,49.2829],[36.6094,49.2752],[36.6133,49.2968],[36.5712,49.3095],[36.5624,49.3149],[36.565,49.3269],[36.5521,49.3274],[36.553,49.3554],[36.5202,49.3526],[36.5201,49.3683],[36.5088,49.3748],[36.4754,49.3849],[36.4496,49.3878],[36.4622,49.4171],[36.4823,49.4549],[36.4723,49.4594],[36.4641,49.4705],[36.4348,49.4601],[36.4136,49.4653],[36.3843,49.4678],[36.383,49.5071],[36.3685,49.5076],[36.3556,49.5212],[36.3456,49.5231],[36.3386,49.525],[36.3356,49.5269],[36.2764,49.5424],[36.2598,49.5418],[36.2426,49.5072],[36.2092,49.5137],[36.2032,49.5092],[36.1935,49.5108],[36.181,49.5224],[36.1796,49.5307],[36.1776,49.537],[36.1342,49.5388],[36.132,49.5171],[36.0824,49.5178],[36.0758,49.5034],[36.0608,49.5053],[35.9848,49.5048],[35.9865,49.4853],[35.9803,49.4856],[35.9828,49.475],[35.9787,49.4628],[35.9984,49.4576],[35.9933,49.4288],[35.9845,49.4062],[35.986,49.4014],[36.0005,49.3987],[35.9948,49.3839],[36.0042,49.3826],[36.0015,49.3698],[36.0098,49.3693],[36.0095,49.355],[36.0257,49.3553],[36.0269,49.3442],[36.0415,49.3472],[36.0425,49.3369],[36.0326,49.3324],[36.0351,49.3218],[36.0291,49.3119],[36.039,49.3014],[36.0667,49.2892],[36.0735,49.2818],[36.0659,49.2738],[36.068,49.263],[36.0614,49.2559],[36.1322,49.2516],[36.137,49.2466],[36.1415,49.2264],[36.1297,49.2266],[36.1303,49.2158],[36.1438,49.2128],[36.1381,49.1962],[36.1645,49.198],[36.1648,49.1776],[36.17,49.1336],[36.1623,49.1313],[36.1651,49.1103],[36.2178,49.1187],[36.2548,49.1271],[36.2717,49.1032],[36.2624,49.0974],[36.249,49.0994],[36.2375,49.0878],[36.2092,49.081],[36.1968,49.0728],[36.1587,49.0687],[36.1537,49.0634],[36.1277,49.05],[36.1074,49.051],[36.1074,49.0427],[36.0973,49.032],[36.0728,49.0154],[36.0654,49.0035],[36.0508,49.0019],[36.0523,48.9913],[36.0346,48.9791],[36.0176,48.9799],[36.0134,48.9861],[35.9907,48.9914],[35.9844,49.0075],[35.9598,49.001],[35.9585,48.9984],[35.9489,48.9943],[35.9893,48.9701],[35.9769,48.9603],[36.0045,48.9455],[35.9953,48.9399],[36.0436,48.9166],[36.0121,48.8873],[36.0402,48.8736],[36.0205,48.8543],[36.0406,48.8435],[36.0529,48.8433],[36.077,48.835],[36.0706,48.8248],[36.0686,48.8083],[36.1244,48.8083],[36.157,48.7848],[36.1525,48.7811],[36.1573,48.7682],[36.1404,48.7655],[36.1631,48.749],[36.1428,48.7242],[36.2664,48.6633],[36.2836,48.6592],[36.2677,48.6487],[36.2691,48.6409],[36.2596,48.6257],[36.2516,48.6218],[36.3186,48.5872],[36.2721,48.5443],[36.2958,48.5323]]]]},"properties":{"key":"лозівський","name":"Лозівський район","source_group":"raion"}},{"id":"лубенський","type":"Feature","geometry":{"type":"MultiPolygon","coordinates":[[[[32.8746,49.802],[32.8785,49.7941],[32.914,49.7947],[32.9254,49.7727],[32.9735,49.761],[32.9672,49.7518],[32.9734,49.7477],[32.99,49.757],[33.0115,49.7494],[33.0192,49.7544],[33.0512,49.7308],[33.0455,49.7275],[33.0601,49.7147],[33.1183,49.6955],[33.1301,49.7009],[33.1499,49.6918],[33.139,49.6798],[33.1549,49.6728],[33.1419,49.66],[33.1733,49.6479],[33.1874,49.6458],[33.1908,49.6653],[33.2244,49.6612],[33.2581,49.6602],[33.2578,49.6508],[33.282,49.6389],[33.2945,49.6437],[33.3091,49.6371],[33.3212,49.6487],[33.3487,49.6483],[33.3626,49.6543],[33.366,49.6488],[33.3815,49.6572],[33.4085,49.6436],[33.4454,49.6357],[33.4402,49.6247],[33.4614,49.6153],[33.4954,49.6127],[33.5031,49.6237],[33.5109,49.6335],[33.5021,49.6438],[33.5029,49.6949],[33.5477,49.7374],[33.5395,49.7685],[33.5634,49.7742],[33.5621,49.7795],[33.5816,49.784],[33.5795,49.8195],[33.5757,49.8282],[33.4983,49.8545],[33.4842,49.8575],[33.4793,49.8539],[33.4412,49.8542],[33.4337,49.8656],[33.3976,49.8871],[33.3663,49.891],[33.3647,49.9009],[33.3746,49.9033],[33.3742,49.9227],[33.3899,49.9388],[33.3594,49.9564],[33.3081,49.9787],[33.2954,49.9923],[33.2955,50.0108],[33.3232,50.012],[33.3263,50.021],[33.3501,50.0259],[33.3677,50.0266],[33.388,50.0626],[33.3837,50.0666],[33.4005,50.0823],[33.3889,50.0887],[33.3786,50.1099],[33.3656,50.1277],[33.3832,50.1271],[33.388,50.1103],[33.4101,50.1159],[33.4073,50.1437],[33.3793,50.1436],[33.3762,50.1379],[33.3635,50.1428],[33.3715,50.1543],[33.3516,50.1662],[33.3413,50.1683],[33.3385,50.1947],[33.3351,50.1992],[33.3078,50.1947],[33.2991,50.1875],[33.2852,50.1845],[33.2781,50.1714],[33.2586,50.1491],[33.2366,50.147],[33.219,50.1503],[33.2208,50.1625],[33.2116,50.1711],[33.1947,50.17],[33.1861,50.18],[33.144,50.1922],[33.1518,50.1932],[33.1595,50.2061],[33.1514,50.2096],[33.1504,50.234],[33.1415,50.2454],[33.1268,50.2444],[33.1267,50.261],[33.1347,50.2666],[33.131,50.2751],[33.1346,50.2893],[33.1255,50.2901],[33.109,50.2835],[33.1008,50.2956],[33.1048,50.3022],[33.0907,50.3245],[33.0799,50.3291],[33.0682,50.3262],[33.0694,50.3358],[33.0419,50.3388],[33.051,50.3564],[33.051,50.3637],[33.0397,50.3671],[33.0386,50.3767],[33.0249,50.384],[33.0015,50.3828],[33.0175,50.4095],[33.0012,50.4139],[33.0029,50.4249],[32.9609,50.4168],[32.9386,50.4301],[32.9201,50.4292],[32.9129,50.4239],[32.9179,50.4088],[32.8985,50.4044],[32.8416,50.3763],[32.8102,50.3746],[32.7905,50.3708],[32.7874,50.3617],[32.8011,50.3559],[32.7932,50.3466],[32.77,50.354],[32.7641,50.3492],[32.7483,50.3589],[32.73,50.3561],[32.6709,50.3585],[32.6719,50.3697],[32.6347,50.3661],[32.634,50.3564],[32.5868,50.3555],[32.5638,50.3598],[32.5573,50.3553],[32.5251,50.3452],[32.512,50.3587],[32.4924,50.365],[32.4847,50.3712],[32.4929,50.3781],[32.4929,50.3955],[32.4459,50.3984],[32.4004,50.4123],[32.3965,50.4067],[32.3707,50.4143],[32.3666,50.4265],[32.3291,50.4269],[32.3207,50.4243],[32.3163,50.4175],[32.3252,50.4032],[32.2953,50.3978],[32.2912,50.3798],[32.2782,50.3801],[32.2776,50.3734],[32.2541,50.3736],[32.2648,50.3602],[32.255,50.3531],[32.2687,50.3525],[32.2544,50.3472],[32.238,50.355],[32.2272,50.3495],[32.2185,50.3569],[32.2089,50.3571],[32.144,50.3485],[32.1525,50.335],[32.1444,50.323],[32.1304,50.316],[32.1416,50.3052],[32.0868,50.2836],[32.1007,50.276],[32.0904,50.2467],[32.0965,50.2382],[32.1256,50.2247],[32.1133,50.2136],[32.147,50.1933],[32.1635,50.1869],[32.1631,50.1793],[32.1774,50.1656],[32.2991,50.1436],[32.3046,50.1193],[32.2861,50.1204],[32.2507,50.1134],[32.2711,50.0985],[32.2587,50.0821],[32.2829,50.0594],[32.3122,50.0382],[32.3229,50.0394],[32.3253,50.0519],[32.3335,50.0587],[32.3522,50.048],[32.3458,50.036],[32.3638,50.0341],[32.3696,50.0021],[32.3782,50.0002],[32.3781,49.9799],[32.4278,49.9599],[32.4184,49.9354],[32.4317,49.9314],[32.4192,49.9272],[32.4145,49.9033],[32.4346,49.8882],[32.402,49.8751],[32.3917,49.8852],[32.3729,49.8744],[32.408,49.8495],[32.4148,49.8398],[32.438,49.8212],[32.4499,49.7961],[32.5046,49.8047],[32.5142,49.7744],[32.5563,49.7731],[32.5718,49.7524],[32.5679,49.7466],[32.5735,49.7028],[32.6625,49.6809],[32.6718,49.6765],[32.6806,49.6644],[32.683,49.6628],[32.6867,49.6645],[32.6845,49.6733],[32.7004,49.6801],[32.7081,49.6836],[32.7054,49.6905],[32.7166,49.6931],[32.7194,49.6998],[32.7275,49.7133],[32.7243,49.7372],[32.743,49.7421],[32.7523,49.7372],[32.7642,49.7382],[32.7824,49.7501],[32.8139,49.757],[32.8171,49.7623],[32.8055,49.7704],[32.8165,49.776],[32.8168,49.7833],[32.8234,49.7857],[32.8343,49.7837],[32.837,49.7944],[32.8601,49.7982],[32.8587,49.8033],[32.8638,49.8059],[32.8746,49.802]]]]},"properties":{"key":"лубенський","name":"Лубенський район","source_group":"raion"}},{"id":"луцький","type":"Feature","geometry":{"type":"MultiPolygon","coordinates":[[[[25.1133,50.286],[25.1121,50.2942],[25.103,50.295],[25.11,50.3113],[25.1307,50.3115],[25.1301,50.3189],[25.1669,50.3302],[25.1467,50.3433],[25.1511,50.3533],[25.1429,50.3704],[25.1586,50.3732],[25.1629,50.3793],[25.174,50.3716],[25.1827,50.3624],[25.1885,50.3639],[25.2047,50.3677],[25.2096,50.375],[25.2086,50.3814],[25.2059,50.3868],[25.2024,50.3922],[25.1705,50.3956],[25.1705,50.4192],[25.1528,50.4277],[25.1405,50.4285],[25.142,50.4377],[25.1521,50.4477],[25.132,50.4605],[25.0958,50.4688],[25.0851,50.4768],[25.1037,50.4712],[25.1163,50.4723],[25.1487,50.4679],[25.156,50.4763],[25.1624,50.5009],[25.1465,50.5207],[25.1253,50.5278],[25.1162,50.5386],[25.138,50.5482],[25.1536,50.5478],[25.1908,50.5517],[25.1918,50.543],[25.2307,50.5415],[25.2451,50.5339],[25.269,50.5331],[25.2916,50.541],[25.3003,50.5396],[25.312,50.5489],[25.3214,50.5728],[25.3186,50.5833],[25.2999,50.5785],[25.3052,50.6027],[25.293,50.6128],[25.2915,50.6315],[25.3112,50.631],[25.327,50.6128],[25.3491,50.6152],[25.3511,50.6106],[25.3832,50.6117],[25.3935,50.6053],[25.4039,50.6112],[25.3884,50.6209],[25.3789,50.6346],[25.3535,50.6431],[25.3545,50.6491],[25.3863,50.6565],[25.3878,50.674],[25.3764,50.683],[25.3855,50.6888],[25.3954,50.6751],[25.4054,50.6689],[25.459,50.6629],[25.4586,50.675],[25.4709,50.6797],[25.4759,50.6728],[25.5034,50.6794],[25.5125,50.6848],[25.526,50.685],[25.5792,50.7008],[25.5919,50.7004],[25.6014,50.6965],[25.5969,50.7157],[25.6058,50.7183],[25.631,50.7151],[25.6931,50.7246],[25.6979,50.7052],[25.7061,50.6943],[25.7223,50.6837],[25.7071,50.6776],[25.7082,50.6719],[25.7409,50.6705],[25.7712,50.6773],[25.7939,50.6665],[25.8181,50.6326],[25.8196,50.6283],[25.8302,50.6206],[25.8425,50.6311],[25.8241,50.6461],[25.8469,50.6666],[25.8554,50.6787],[25.8704,50.6888],[25.8782,50.7204],[25.8721,50.7374],[25.876,50.7514],[25.887,50.7672],[25.8875,50.7932],[25.8909,50.8044],[25.9076,50.8156],[25.9062,50.8307],[25.9249,50.8311],[25.9584,50.8245],[25.9679,50.8261],[25.9994,50.8197],[26.0105,50.8231],[26.0234,50.82],[26.0301,50.8399],[26.0391,50.84],[26.0387,50.8515],[26.0131,50.8655],[26.0009,50.8622],[25.9898,50.8672],[25.9963,50.9178],[26.0011,50.9351],[25.9659,50.9565],[25.9951,50.9631],[26.0189,50.9622],[26.0542,50.9716],[26.0835,50.9729],[26.0789,50.99],[26.0862,51.0029],[26.1065,51.0048],[26.092,51.0503],[26.0463,51.068],[26.0179,51.083],[25.9808,51.0781],[25.9418,51.0832],[25.9456,51.0872],[25.9497,51.104],[25.9389,51.1181],[25.9593,51.1263],[25.9832,51.1222],[25.9957,51.1234],[25.9949,51.1394],[26.0078,51.1412],[26.0124,51.1304],[26.0463,51.1413],[26.0577,51.1421],[26.0644,51.1462],[26.0699,51.1545],[26.0574,51.1705],[26.0668,51.1762],[26.0621,51.1834],[25.9983,51.2269],[25.9553,51.2312],[25.9432,51.2225],[25.9235,51.2144],[25.8679,51.2107],[25.8498,51.2019],[25.827,51.1945],[25.8018,51.1938],[25.78,51.1871],[25.7732,51.1786],[25.7733,51.1409],[25.7704,51.1345],[25.7059,51.1411],[25.6485,51.1515],[25.6399,51.1458],[25.6341,51.1505],[25.5778,51.1491],[25.5039,51.1455],[25.4763,51.1568],[25.4535,51.1564],[25.4317,51.1339],[25.4093,51.1309],[25.4044,51.1267],[25.3732,51.1202],[25.3516,51.1132],[25.3309,51.1121],[25.3205,51.1289],[25.2949,51.1282],[25.293,51.1189],[25.2675,51.1238],[25.2558,51.1195],[25.2304,51.0906],[25.2458,51.0771],[25.2277,51.069],[25.2166,51.0644],[25.2107,51.0551],[25.1968,51.047],[25.1871,51.0464],[25.1814,51.0478],[25.1398,51.0422],[25.1256,51.032],[25.1199,51.029],[25.0942,51.0282],[25.0904,51.0334],[25.0591,51.0308],[25.0375,51.0272],[25.0023,51.0175],[24.9834,51.0204],[24.9543,51.0197],[24.9183,51.0103],[24.9065,51.0016],[24.8307,51.0017],[24.843,50.9724],[24.8593,50.9676],[24.8856,50.9536],[24.8908,50.9472],[24.8923,50.9301],[24.8787,50.9326],[24.8691,50.94],[24.8302,50.941],[24.8283,50.9305],[24.8353,50.9227],[24.8255,50.9129],[24.8268,50.9035],[24.8189,50.887],[24.8285,50.8856],[24.832,50.8656],[24.8293,50.8582],[24.8652,50.8546],[24.9029,50.8359],[24.8921,50.8186],[24.8997,50.8068],[24.9187,50.8012],[24.9214,50.7782],[24.9304,50.7775],[24.9362,50.7656],[24.9389,50.7572],[24.9334,50.7495],[24.9348,50.7263],[24.9394,50.717],[24.9357,50.7048],[24.8978,50.7077],[24.8751,50.7152],[24.8658,50.7028],[24.8688,50.6829],[24.8819,50.6733],[24.8756,50.6566],[24.8615,50.6541],[24.8596,50.6359],[24.8777,50.6356],[24.8361,50.6079],[24.8274,50.5981],[24.8327,50.5795],[24.7778,50.5741],[24.7619,50.5704],[24.7412,50.5716],[24.7411,50.5861],[24.7344,50.5927],[24.6787,50.5895],[24.6487,50.595],[24.6357,50.5784],[24.6247,50.5729],[24.6154,50.5599],[24.5969,50.5584],[24.5663,50.565],[24.5837,50.556],[24.576,50.5472],[24.5722,50.5467],[24.5543,50.5345],[24.5458,50.5387],[24.5425,50.538],[24.5484,50.5217],[24.5577,50.5116],[24.5521,50.504],[24.5535,50.4933],[24.5606,50.489],[24.5836,50.4928],[24.5868,50.5004],[24.5993,50.4655],[24.5887,50.4604],[24.5981,50.4555],[24.597,50.4134],[24.6286,50.4092],[24.6538,50.4114],[24.651,50.4036],[24.6733,50.399],[24.7059,50.3857],[24.7211,50.3741],[24.7131,50.3585],[24.7131,50.3433],[24.7777,50.3376],[24.7904,50.346],[24.8424,50.3507],[24.8587,50.3501],[24.8661,50.3603],[24.8885,50.3583],[24.8858,50.3459],[24.9036,50.3441],[24.9382,50.3453],[24.9382,50.3709],[24.9292,50.3781],[24.941,50.3901],[24.9877,50.3598],[25.0083,50.3499],[25.0169,50.3421],[25.0303,50.346],[25.0603,50.3426],[25.0536,50.3369],[25.0602,50.3287],[25.0564,50.3112],[25.0554,50.3012],[25.0702,50.2955],[25.1105,50.2879],[25.1133,50.286]]]]},"properties":{"key":"луцький","name":"Луцький район","source_group":"raion"}},{"id":"львівський","type":"Feature","geometry":{"type":"MultiPolygon","coordinates":[[[[23.7238,49.5297],[23.7254,49.5338],[23.7367,49.5363],[23.748,49.5328],[23.7757,49.5337],[23.7736,49.5147],[23.7879,49.5096],[23.8001,49.5315],[23.8109,49.5226],[23.8056,49.5182],[23.8169,49.5141],[23.8129,49.5269],[23.8184,49.5318],[23.7886,49.5515],[23.781,49.5709],[23.7828,49.579],[23.7925,49.5826],[23.7987,49.5977],[23.8104,49.5956],[23.8187,49.6045],[23.8305,49.6029],[23.8386,49.5899],[23.8507,49.589],[23.847,49.5799],[23.8966,49.5782],[23.9156,49.5706],[23.9298,49.5706],[23.9363,49.5809],[23.9552,49.5875],[23.9599,49.5946],[23.9306,49.599],[23.9289,49.6068],[23.9175,49.612],[23.9122,49.6325],[23.9267,49.6314],[23.9404,49.6515],[23.9669,49.6393],[23.9593,49.6327],[23.9943,49.6322],[24.0169,49.626],[24.0292,49.6301],[24.032,49.64],[24.0467,49.644],[24.0913,49.6231],[24.0882,49.6092],[24.1024,49.5958],[24.1243,49.5878],[24.1538,49.5879],[24.166,49.5748],[24.1774,49.5784],[24.2099,49.5782],[24.2222,49.5691],[24.2213,49.5591],[24.2509,49.5511],[24.2541,49.5551],[24.2727,49.5461],[24.3021,49.5371],[24.3149,49.5218],[24.3101,49.5083],[24.3325,49.4964],[24.3514,49.4995],[24.383,49.4946],[24.3934,49.4991],[24.4045,49.4944],[24.4127,49.5043],[24.4429,49.5022],[24.4453,49.5076],[24.4407,49.5255],[24.4344,49.5359],[24.4596,49.5523],[24.4805,49.5529],[24.473,49.56],[24.5054,49.5541],[24.5064,49.5472],[24.5218,49.5417],[24.5102,49.5388],[24.5111,49.5292],[24.5205,49.5238],[24.5406,49.5222],[24.5455,49.5264],[24.5732,49.5346],[24.5786,49.5271],[24.5979,49.515],[24.6163,49.5075],[24.6208,49.5105],[24.6383,49.4981],[24.6515,49.4999],[24.6553,49.5059],[24.6704,49.499],[24.6976,49.4943],[24.7211,49.4968],[24.7195,49.5307],[24.7291,49.5468],[24.7187,49.5708],[24.7665,49.5729],[24.791,49.5723],[24.8023,49.5864],[24.8137,49.5866],[24.83,49.5929],[24.8349,49.5804],[24.8414,49.5819],[24.8333,49.5989],[24.8464,49.6009],[24.8428,49.6135],[24.8469,49.6228],[24.8398,49.6275],[24.8415,49.6454],[24.8247,49.6502],[24.8205,49.6595],[24.8437,49.6636],[24.8519,49.6594],[24.8528,49.6765],[24.8448,49.6844],[24.8291,49.687],[24.827,49.6754],[24.7868,49.6797],[24.7841,49.7094],[24.7707,49.7178],[24.7208,49.7177],[24.7013,49.7055],[24.6962,49.7083],[24.7031,49.7213],[24.6969,49.7342],[24.6646,49.7428],[24.6555,49.7509],[24.6408,49.7525],[24.6348,49.7621],[24.6173,49.7644],[24.6124,49.7766],[24.6205,49.7939],[24.599,49.8041],[24.6144,49.8087],[24.6193,49.8252],[24.5931,49.8418],[24.5637,49.8476],[24.5374,49.8577],[24.5146,49.858],[24.5024,49.8663],[24.4849,49.8534],[24.4538,49.8463],[24.4482,49.8484],[24.3968,49.858],[24.3548,49.8687],[24.3514,49.8779],[24.3631,49.8912],[24.3876,49.8881],[24.3886,49.9001],[24.4183,49.897],[24.4384,49.8979],[24.4425,49.9345],[24.4332,49.9463],[24.4514,49.9583],[24.4519,49.9758],[24.4415,49.9821],[24.4542,49.9817],[24.4734,49.9912],[24.4785,50.0005],[24.4808,50.0189],[24.4972,50.0218],[24.5351,50.0119],[24.5512,50.0104],[24.5515,50.0215],[24.5383,50.0329],[24.511,50.0326],[24.4977,50.0388],[24.4998,50.0496],[24.491,50.0595],[24.4729,50.0534],[24.4636,50.0642],[24.4671,50.078],[24.4882,50.0802],[24.4981,50.0794],[24.5059,50.0769],[24.5525,50.073],[24.5574,50.0969],[24.5252,50.1067],[24.5226,50.1186],[24.5166,50.1263],[24.4508,50.1353],[24.4423,50.1293],[24.4305,50.1348],[24.4169,50.13],[24.4463,50.1495],[24.4571,50.1594],[24.4251,50.1701],[24.3816,50.1704],[24.3635,50.1574],[24.3504,50.1614],[24.3516,50.176],[24.3395,50.1852],[24.3198,50.1936],[24.2743,50.1957],[24.2531,50.1992],[24.2429,50.197],[24.2322,50.1714],[24.2163,50.1619],[24.2023,50.1338],[24.1766,50.1443],[24.1758,50.1508],[24.1479,50.1594],[24.1317,50.1394],[24.1337,50.1157],[24.1299,50.1143],[24.0983,50.1165],[24.092,50.1316],[24.0932,50.1458],[24.0889,50.1505],[24.062,50.1574],[24.0585,50.1612],[24.0654,50.1725],[24.0862,50.1849],[24.0935,50.1938],[24.0911,50.2032],[24.0505,50.2033],[24.0267,50.1993],[23.9735,50.2022],[23.964,50.2098],[23.972,50.2208],[23.9574,50.2227],[23.9374,50.2197],[23.9256,50.2238],[23.9087,50.2235],[23.8852,50.2556],[23.8415,50.2572],[23.8144,50.2689],[23.814,50.2768],[23.8045,50.2784],[23.807,50.2886],[23.7947,50.2999],[23.7514,50.3034],[23.7508,50.2996],[23.7127,50.3015],[23.712,50.2968],[23.6978,50.2962],[23.684,50.3009],[23.6733,50.3201],[23.6752,50.3287],[23.6392,50.3207],[23.6306,50.3047],[23.6109,50.299],[23.581,50.2655],[23.559,50.257],[23.5112,50.2326],[23.4705,50.2176],[23.4402,50.1933],[23.4627,50.1863],[23.4879,50.1851],[23.4886,50.1718],[23.5026,50.1574],[23.5136,50.152],[23.5228,50.1738],[23.5324,50.1724],[23.5476,50.1765],[23.5616,50.1732],[23.5772,50.1749],[23.5906,50.1518],[23.6192,50.1532],[23.6334,50.1505],[23.6316,50.1413],[23.6195,50.1343],[23.6429,50.1322],[23.6557,50.1182],[23.6614,50.1189],[23.6711,50.1061],[23.7054,50.0945],[23.7141,50.0874],[23.7246,50.0878],[23.7462,50.0742],[23.7714,50.0698],[23.7742,50.0544],[23.7845,50.036],[23.8087,50.0263],[23.8129,50.0054],[23.8107,49.9949],[23.837,49.9922],[23.8685,49.9809],[23.893,49.9762],[23.9145,49.946],[23.924,49.9422],[23.9195,49.9307],[23.9302,49.929],[23.9324,49.9215],[23.9249,49.9117],[23.9233,49.8982],[23.902,49.8961],[23.8877,49.8988],[23.8807,49.8882],[23.8618,49.8788],[23.8712,49.8611],[23.8888,49.8617],[23.8913,49.8531],[23.873,49.8449],[23.8658,49.8542],[23.8479,49.856],[23.8394,49.8468],[23.8201,49.8447],[23.8031,49.8471],[23.797,49.8402],[23.7704,49.8416],[23.7659,49.8454],[23.7509,49.842],[23.7153,49.8427],[23.7148,49.8546],[23.695,49.8598],[23.692,49.8506],[23.6785,49.843],[23.6647,49.845],[23.6523,49.842],[23.6438,49.8318],[23.6111,49.8398],[23.6108,49.8445],[23.5828,49.8545],[23.5847,49.8765],[23.5696,49.8814],[23.5533,49.8772],[23.5327,49.8673],[23.5322,49.8557],[23.5078,49.8436],[23.5038,49.8359],[23.4737,49.818],[23.4551,49.8182],[23.4437,49.8225],[23.4448,49.809],[23.4615,49.8031],[23.4589,49.7974],[23.4436,49.7906],[23.442,49.7794],[23.4579,49.7768],[23.4551,49.762],[23.4376,49.7537],[23.4464,49.7487],[23.4394,49.728],[23.4316,49.7192],[23.4389,49.7145],[23.4193,49.6956],[23.4262,49.6839],[23.435,49.6808],[23.4596,49.7014],[23.4644,49.7056],[23.4859,49.7069],[23.4969,49.689],[23.5265,49.6743],[23.5223,49.6644],[23.5651,49.6644],[23.5727,49.6579],[23.572,49.6423],[23.588,49.6382],[23.6,49.6523],[23.6142,49.653],[23.6259,49.6596],[23.6311,49.6571],[23.6248,49.65],[23.6254,49.6427],[23.6313,49.6392],[23.6261,49.6261],[23.6245,49.6133],[23.6068,49.6027],[23.6064,49.5952],[23.6225,49.5881],[23.6322,49.5761],[23.6555,49.5678],[23.6505,49.5503],[23.6446,49.544],[23.6377,49.5314],[23.64,49.5311],[23.6387,49.5302],[23.6484,49.5217],[23.6727,49.5179],[23.6858,49.5189],[23.7142,49.516],[23.7194,49.5009],[23.7393,49.499],[23.7653,49.5041],[23.7563,49.5197],[23.7238,49.5297]]]]},"properties":{"key":"львівський","name":"Львівський район","source_group":"raion"}},{"id":"маріупольський","type":"Feature","geometry":{"type":"MultiPolygon","coordinates":[[[[37.0624,46.8826],[37.0903,46.8918],[37.1253,46.9071],[37.163,46.9131],[37.1886,46.9311],[37.2064,46.9341],[37.2341,46.9497],[37.2478,46.9485],[37.2928,46.931],[37.3126,46.9171],[37.3198,46.9033],[37.3248,46.8834],[37.3068,46.8727],[37.3081,46.8783],[37.2918,46.8681],[37.3168,46.8757],[37.3361,46.8891],[37.3575,46.9098],[37.3913,46.9471],[37.4323,46.9788],[37.4561,47.0045],[37.4708,47.024],[37.491,47.0428],[37.501,47.0484],[37.5196,47.071],[37.5378,47.0804],[37.5747,47.0857],[37.5863,47.0851],[37.5991,47.0914],[37.6195,47.0914],[37.6273,47.0947],[37.6478,47.091],[37.6872,47.0806],[37.7083,47.0798],[37.7483,47.084],[37.7684,47.0884],[37.792,47.0861],[37.8221,47.0916],[37.8434,47.1024],[37.8629,47.107],[37.8593,47.1118],[37.828,47.1099],[37.8022,47.1354],[37.797,47.1456],[37.837,47.1506],[37.838,47.1633],[37.8619,47.1642],[37.8749,47.1604],[37.8774,47.195],[37.883,47.1964],[37.8822,47.2096],[37.8241,47.2142],[37.8238,47.2363],[37.8503,47.2352],[37.8601,47.2717],[37.839,47.2735],[37.7934,47.282],[37.8078,47.3065],[37.8227,47.3096],[37.832,47.3041],[37.8376,47.3119],[37.8256,47.3197],[37.8321,47.344],[37.858,47.344],[37.8585,47.3522],[37.8403,47.3504],[37.8404,47.3601],[37.849,47.3641],[37.6994,47.3653],[37.6959,47.3453],[37.7019,47.3447],[37.7003,47.3324],[37.6345,47.3389],[37.6358,47.3481],[37.6223,47.355],[37.5966,47.3572],[37.5953,47.3628],[37.5838,47.3634],[37.5912,47.3697],[37.408,47.3573],[37.4054,47.3626],[37.4161,47.3719],[37.4226,47.3846],[37.408,47.3933],[37.4092,47.4009],[37.3585,47.4166],[37.3354,47.3968],[37.3336,47.4033],[37.3212,47.4081],[37.3104,47.4204],[37.2923,47.4208],[37.2811,47.424],[37.2842,47.4356],[37.2584,47.4424],[37.2534,47.4485],[37.2649,47.4658],[37.2449,47.469],[37.2392,47.4582],[37.2437,47.455],[37.236,47.4364],[37.2321,47.4374],[37.1949,47.373],[37.2031,47.356],[37.1618,47.3417],[37.1513,47.3687],[37.1421,47.3798],[37.107,47.3756],[37.1235,47.3408],[37.0927,47.33],[37.0949,47.3259],[37.0806,47.3231],[37.0821,47.3136],[37.0368,47.2992],[37.0274,47.3142],[36.9473,47.3113],[36.9456,47.3205],[36.9271,47.3195],[36.9361,47.2922],[36.9446,47.2428],[36.949,47.2284],[36.9558,47.2287],[36.9634,47.2016],[36.9317,47.201],[36.9322,47.2067],[36.8827,47.2062],[36.8901,47.2005],[36.8541,47.1999],[36.8597,47.1924],[36.8587,47.1906],[36.8756,47.1827],[36.8887,47.1721],[36.8998,47.1746],[36.9063,47.1676],[36.9146,47.1662],[36.9208,47.1726],[36.9243,47.1621],[36.9365,47.1657],[36.9389,47.1583],[36.9481,47.1597],[36.9577,47.1497],[36.9725,47.141],[36.9698,47.1359],[36.9824,47.1252],[36.9989,47.1292],[37.0009,47.1151],[37.0106,47.1137],[37.0037,47.1019],[37.0113,47.0982],[37.007,47.0848],[36.9843,47.0797],[36.9986,47.0761],[37.0811,47.0472],[37.0985,47.0589],[37.1249,47.039],[37.0895,47.0075],[37.14,46.9822],[37.1026,46.9603],[37.0916,46.9676],[37.021,46.9278],[37.0289,46.9222],[37.0541,46.8943],[37.0624,46.8826]]]]},"properties":{"key":"маріупольський","name":"Маріупольський район","source_group":"raion"}},{"id":"мелітопольський","type":"Feature","geometry":{"type":"MultiPolygon","coordinates":[[[[35.1038,46.302],[35.1122,46.3092],[35.1248,46.336],[35.1421,46.3485],[35.1748,46.3609],[35.2028,46.3839],[35.2128,46.405],[35.2131,46.4186],[35.2087,46.4356],[35.1837,46.4513],[35.1788,46.4681],[35.1622,46.4944],[35.188,46.5048],[35.1792,46.4885],[35.1903,46.4861],[35.1994,46.4732],[35.212,46.4657],[35.2115,46.4604],[35.2253,46.4546],[35.2557,46.4497],[35.2691,46.442],[35.2724,46.4343],[35.2673,46.418],[35.2513,46.3956],[35.2623,46.3577],[35.2683,46.3533],[35.3007,46.3526],[35.3174,46.3317],[35.3269,46.3524],[35.3529,46.3605],[35.3325,46.3289],[35.3133,46.3139],[35.2951,46.3108],[35.2891,46.3036],[35.2944,46.2954],[35.2637,46.2518],[35.2686,46.2503],[35.3026,46.2925],[35.328,46.3177],[35.3437,46.3374],[35.4005,46.3961],[35.4529,46.4386],[35.471,46.446],[35.5049,46.4538],[35.5203,46.4673],[35.5179,46.4595],[35.5712,46.4763],[35.5999,46.4891],[35.6545,46.5262],[35.6795,46.5484],[35.7255,46.5853],[35.7583,46.6007],[35.7805,46.6063],[35.8173,46.6187],[35.8464,46.6331],[35.8467,46.6421],[35.837,46.6483],[35.8326,46.669],[35.8418,46.6592],[35.8537,46.6545],[35.8515,46.6371],[35.8625,46.6444],[35.9186,46.658],[35.9014,46.7218],[35.967,46.725],[35.9613,46.7462],[36.0293,46.7552],[36.0297,46.7802],[36.0223,46.7809],[36.0257,46.8089],[36.0919,46.8214],[36.0914,46.838],[36.0844,46.8504],[36.1437,46.8726],[36.1108,46.8846],[36.1019,46.8783],[36.0614,46.8935],[36.0587,46.8863],[35.9835,46.869],[35.9877,46.9047],[36.042,46.9055],[36.0577,46.9185],[36.0648,46.9579],[36.0679,46.9854],[35.9819,46.9759],[35.9838,47.0225],[35.9944,47.036],[35.9872,47.0414],[35.9649,47.043],[35.9627,47.061],[35.9504,47.0604],[35.9499,47.069],[35.9195,47.0675],[35.922,47.0413],[35.9134,47.0335],[35.9235,47.0269],[35.922,47.0107],[35.8836,47.007],[35.8858,46.9928],[35.8616,46.9901],[35.8567,47.005],[35.7647,46.9964],[35.7629,46.999],[35.722,46.9959],[35.7224,46.9905],[35.6913,46.9876],[35.6797,47.0446],[35.6714,47.0433],[35.667,47.0647],[35.6233,47.1016],[35.601,47.1032],[35.5895,47.097],[35.5554,47.0979],[35.5254,47.1017],[35.5061,47.1009],[35.5062,47.1111],[35.5001,47.114],[35.5093,47.1273],[35.5091,47.1442],[35.4511,47.1597],[35.4572,47.1701],[35.4435,47.1739],[35.4477,47.1849],[35.3933,47.2014],[35.3832,47.179],[35.3235,47.202],[35.3216,47.1753],[35.2842,47.1753],[35.2666,47.1386],[35.2252,47.133],[35.2218,47.1466],[35.2103,47.1454],[35.2073,47.1545],[35.1751,47.1508],[35.1811,47.1282],[35.1767,47.1186],[35.1499,47.1157],[35.1404,47.0899],[35.1057,47.088],[35.104,47.0957],[35.0637,47.0915],[35.066,47.0834],[35.0256,47.0787],[35.0251,47.0825],[34.9637,47.078],[34.9555,47.1414],[34.8748,47.1334],[34.8726,47.1452],[34.8508,47.1428],[34.8571,47.154],[34.8301,47.1717],[34.8127,47.1606],[34.7197,47.1525],[34.719,47.1453],[34.6009,47.1347],[34.5943,47.1635],[34.5431,47.1587],[34.5488,47.1223],[34.5165,47.1194],[34.5201,47.105],[34.5524,47.1059],[34.5678,47.0242],[34.5909,47.0269],[34.5994,46.9919],[34.6195,46.9934],[34.6234,46.9727],[34.6833,46.9789],[34.6879,46.9563],[34.7364,46.9611],[34.7523,46.8797],[34.8051,46.8821],[34.8141,46.8338],[34.8183,46.8287],[34.7578,46.8229],[34.7657,46.7808],[34.7503,46.7805],[34.7498,46.7578],[34.7354,46.7578],[34.7351,46.7479],[34.6577,46.7405],[34.6596,46.7283],[34.6261,46.7252],[34.634,46.688],[34.681,46.6921],[34.6838,46.6779],[34.7461,46.6834],[34.757,46.6268],[34.7127,46.6196],[34.7226,46.5813],[34.7488,46.5836],[34.7571,46.5513],[34.891,46.5656],[34.8969,46.5385],[34.8844,46.5366],[34.8896,46.5059],[34.9477,46.5119],[34.9488,46.5045],[35.022,46.4794],[35.0536,46.4819],[35.0706,46.3834],[35.0586,46.3757],[35.0634,46.3547],[35.0716,46.2988],[35.1038,46.302]]]]},"properties":{"key":"мелітопольський","name":"Мелітопольський район","source_group":"raion"}},{"id":"миколаївський","type":"Feature","geometry":{"type":"MultiPolygon","coordinates":[[[[31.7479,46.4059],[31.729,46.4206],[31.7506,46.3872],[31.771,46.3689],[31.7764,46.3735],[31.7574,46.3865],[31.7705,46.3839],[31.7479,46.4059]]],[[[31.1761,46.6272],[31.2072,46.6218],[31.2308,46.6119],[31.2516,46.6088],[31.2679,46.6116],[31.2912,46.6112],[31.3513,46.6012],[31.3536,46.6143],[31.3705,46.6228],[31.3925,46.623],[31.4067,46.6193],[31.4183,46.6273],[31.4287,46.6247],[31.4817,46.6251],[31.5165,46.6193],[31.5504,46.5999],[31.5651,46.6199],[31.5935,46.6412],[31.6263,46.6484],[31.6556,46.6487],[31.7028,46.6386],[31.7282,46.6284],[31.772,46.6245],[31.785,46.619],[31.7958,46.6087],[31.8272,46.622],[31.8697,46.631],[31.8871,46.6367],[31.8975,46.6451],[31.9044,46.6571],[31.8998,46.678],[31.9063,46.69],[31.9079,46.713],[31.9241,46.7295],[31.9038,46.73],[31.8876,46.7441],[31.8712,46.7694],[31.8724,46.7923],[31.882,46.8106],[31.9097,46.8343],[31.9122,46.8403],[31.9421,46.8506],[31.9645,46.8662],[31.9829,46.8578],[31.9854,46.85],[31.9726,46.8411],[31.9463,46.8304],[31.954,46.8158],[31.9512,46.8069],[31.9404,46.7946],[31.9225,46.7896],[31.9341,46.7834],[31.9346,46.7759],[31.9446,46.7751],[31.9446,46.7653],[31.9346,46.7472],[31.9452,46.7456],[31.9517,46.7363],[31.9648,46.7278],[31.9733,46.7136],[31.9733,46.694],[31.9699,46.6807],[31.9822,46.6565],[31.9863,46.6645],[32.0298,46.6668],[32.018,46.6773],[32.0716,46.6844],[32.0864,46.6845],[32.0758,46.7294],[32.0626,46.7289],[32.0569,46.7454],[32.1072,46.7524],[32.1137,46.7461],[32.1712,46.7518],[32.1681,46.7645],[32.2198,46.7705],[32.2102,46.805],[32.2377,46.8106],[32.2506,46.8193],[32.226,46.8457],[32.2945,46.8147],[32.2972,46.8156],[32.3471,46.7946],[32.3737,46.7976],[32.3653,46.83],[32.4644,46.8424],[32.471,46.8167],[32.53,46.8226],[32.5235,46.8488],[32.5406,46.8506],[32.5338,46.8813],[32.544,46.8824],[32.5513,46.8879],[32.5668,46.8899],[32.575,46.9048],[32.5754,46.9144],[32.5671,46.9237],[32.5675,46.9346],[32.5265,46.9287],[32.5171,46.9569],[32.5441,46.9598],[32.5281,47.0183],[32.5388,47.0197],[32.5435,47.0017],[32.6086,47.01],[32.6045,47.0284],[32.6164,47.0295],[32.6007,47.0899],[32.5797,47.0877],[32.57,47.1115],[32.5634,47.1106],[32.5514,47.1551],[32.379,47.1336],[32.3769,47.1417],[32.3196,47.136],[32.3371,47.1577],[32.2385,47.1444],[32.2184,47.1478],[32.2275,47.1542],[32.2247,47.1609],[32.2413,47.1728],[32.228,47.1831],[32.1799,47.1764],[32.1776,47.1778],[32.1139,47.1684],[32.1121,47.1665],[32.0972,47.2093],[32.1037,47.2113],[32.0873,47.272],[32.124,47.2774],[32.1061,47.3423],[32.133,47.3454],[32.1183,47.4161],[32.1084,47.4161],[32.0833,47.4273],[32.073,47.4293],[32.0704,47.4436],[32.0585,47.4426],[32.049,47.4886],[32.0775,47.49],[32.0944,47.4884],[32.1107,47.4922],[32.1129,47.5014],[32.1185,47.4971],[32.1232,47.4981],[32.1268,47.5009],[32.1302,47.5073],[32.1271,47.5111],[32.1202,47.5139],[32.1466,47.5153],[32.1486,47.5234],[32.1616,47.5435],[32.1583,47.5639],[32.1234,47.561],[32.1223,47.5664],[32.1097,47.5638],[32.1093,47.556],[32.1,47.5521],[31.9984,47.533],[31.991,47.5437],[31.9531,47.5407],[31.9483,47.5596],[31.8877,47.5552],[31.884,47.5679],[31.8036,47.5619],[31.8077,47.5692],[31.7928,47.5805],[31.7822,47.5795],[31.7865,47.564],[31.777,47.5611],[31.7929,47.5509],[31.801,47.5365],[31.7852,47.5279],[31.7809,47.5185],[31.7687,47.5122],[31.7551,47.5104],[31.7448,47.4942],[31.7446,47.4831],[31.73,47.4759],[31.7277,47.4614],[31.7184,47.4557],[31.7271,47.4513],[31.7207,47.4438],[31.6536,47.435],[31.65,47.4458],[31.6028,47.4398],[31.5922,47.4262],[31.6163,47.4053],[31.6175,47.397],[31.5926,47.3904],[31.5925,47.3787],[31.6091,47.3714],[31.6355,47.3484],[31.6631,47.3381],[31.6569,47.3334],[31.5776,47.3028],[31.5842,47.2934],[31.5513,47.2801],[31.5021,47.2959],[31.4456,47.3032],[31.4061,47.3006],[31.4215,47.2528],[31.4136,47.257],[31.3691,47.2522],[31.3694,47.2453],[31.3228,47.2402],[31.3238,47.2369],[31.3548,47.2327],[31.3824,47.1459],[31.361,47.1423],[31.3074,47.1429],[31.2943,47.1454],[31.2882,47.1602],[31.2727,47.158],[31.2931,47.0916],[31.3017,47.0822],[31.293,47.0815],[31.3043,47.0481],[31.2939,47.0467],[31.2962,47.0316],[31.2899,47.0243],[31.2678,47.0212],[31.2663,47.0282],[31.2302,47.0228],[31.2432,46.9915],[31.1395,46.9783],[31.1357,46.9894],[31.0866,46.9821],[31.0885,46.9747],[31.0407,46.9682],[31.0192,46.9627],[31.0135,46.9535],[31.0154,46.9447],[31.0398,46.9228],[31.0391,46.8985],[31.0404,46.8973],[31.0579,46.899],[31.0797,46.8912],[31.1015,46.8719],[31.1111,46.8445],[31.139,46.8435],[31.1572,46.8345],[31.1507,46.8051],[31.1561,46.7853],[31.1773,46.7681],[31.1738,46.7612],[31.1511,46.746],[31.1499,46.7372],[31.1636,46.7154],[31.1794,46.7089],[31.1785,46.6809],[31.1838,46.6626],[31.196,46.6576],[31.1765,46.6512],[31.1785,46.6484],[31.1879,46.6426],[31.1771,46.6341],[31.1761,46.6272]]],[[[31.8577,46.5167],[31.8399,46.5211],[31.8275,46.5203],[31.8151,46.5271],[31.8037,46.5262],[31.7763,46.5368],[31.7718,46.5417],[31.7533,46.547],[31.7135,46.5439],[31.7097,46.5452],[31.6595,46.5361],[31.6307,46.5392],[31.5768,46.5371],[31.5489,46.5463],[31.5245,46.5594],[31.5495,46.5382],[31.6152,46.5012],[31.6573,46.4711],[31.6865,46.4471],[31.7091,46.4356],[31.6951,46.4488],[31.6985,46.4661],[31.7142,46.4798],[31.7403,46.4873],[31.766,46.4867],[31.806,46.4787],[31.8095,46.4893],[31.8216,46.4988],[31.8457,46.4976],[31.8577,46.5167]]]]},"properties":{"key":"миколаївський","name":"Миколаївський район","source_group":"raion"}},{"id":"миргородський","type":"Feature","geometry":{"type":"MultiPolygon","coordinates":[[[[33.6846,49.588],[33.6939,49.5866],[33.6997,49.5903],[33.7227,49.5884],[33.7437,49.5908],[33.7564,49.5858],[33.7677,49.5923],[33.7633,49.5803],[33.7923,49.5824],[33.8102,49.6033],[33.84,49.6042],[33.8397,49.6129],[33.8685,49.6159],[33.8718,49.628],[33.8693,49.6453],[33.8956,49.6454],[33.9095,49.648],[33.9303,49.6629],[33.941,49.6613],[33.9538,49.6697],[33.9449,49.6742],[33.9383,49.6891],[33.9116,49.6839],[33.9078,49.6908],[33.9273,49.6988],[33.9275,49.7085],[33.9411,49.7099],[33.9444,49.7018],[33.9935,49.7001],[34.0152,49.6945],[34.0177,49.7011],[34.034,49.7],[34.0391,49.7152],[34.055,49.7141],[34.0622,49.7268],[34.0583,49.7402],[34.0484,49.7421],[34.0454,49.7545],[34.067,49.7581],[34.0944,49.7563],[34.0951,49.7658],[34.1241,49.7652],[34.1331,49.7773],[34.1416,49.7772],[34.1411,49.7935],[34.172,49.793],[34.1816,49.7889],[34.1811,49.7966],[34.2263,49.8027],[34.2208,49.8123],[34.2337,49.8219],[34.2333,49.858],[34.2672,49.8768],[34.2505,49.8983],[34.2906,49.9044],[34.2897,49.9124],[34.27,49.9314],[34.2638,49.9427],[34.2904,49.9467],[34.2876,49.9646],[34.2559,49.9625],[34.2537,49.9861],[34.2412,49.9858],[34.2398,50],[34.228,50.0145],[34.2103,50.0206],[34.2132,50.0403],[34.1926,50.041],[34.1645,50.0543],[34.1581,50.049],[34.1476,50.0532],[34.1382,50.0661],[34.1191,50.0579],[34.1086,50.0585],[34.1025,50.0679],[34.0902,50.0622],[34.0569,50.0796],[34.0365,50.0783],[34.0303,50.0818],[34.016,50.0758],[34.0126,50.0662],[33.9956,50.0737],[34.0096,50.0891],[34.0216,50.0929],[34.0271,50.1006],[34.0376,50.0996],[34.0504,50.1125],[34.043,50.1229],[34.0573,50.1376],[34.0885,50.1474],[34.1009,50.1475],[34.1291,50.157],[34.1403,50.157],[34.1321,50.1688],[34.1438,50.2163],[34.1652,50.244],[34.174,50.2507],[34.1836,50.2703],[34.176,50.2722],[34.1937,50.281],[34.2025,50.304],[34.2146,50.3114],[34.2317,50.313],[34.2246,50.3203],[34.2385,50.33],[34.2253,50.3373],[34.2382,50.3444],[34.2521,50.342],[34.2485,50.3362],[34.2625,50.336],[34.2648,50.3441],[34.274,50.3445],[34.2742,50.3525],[34.3093,50.3517],[34.3168,50.3444],[34.3303,50.3501],[34.3642,50.3542],[34.3667,50.3632],[34.3784,50.3592],[34.3893,50.3675],[34.3762,50.3706],[34.3428,50.3901],[34.2913,50.411],[34.2724,50.4315],[34.2586,50.4333],[34.2509,50.453],[34.2555,50.4904],[34.2492,50.5172],[34.245,50.5232],[34.2316,50.5278],[34.2195,50.5334],[34.2061,50.5241],[34.1968,50.523],[34.1776,50.5247],[34.1587,50.5222],[34.136,50.512],[34.1215,50.5102],[34.1196,50.4916],[34.1112,50.4821],[34.1,50.481],[34.0851,50.489],[34.1052,50.5043],[34.0732,50.5147],[34.0346,50.504],[34.0276,50.498],[34.0293,50.5111],[34.0192,50.512],[34.0064,50.5228],[33.9859,50.5313],[33.9535,50.5484],[33.9149,50.5149],[33.8964,50.5242],[33.8906,50.5333],[33.8759,50.5341],[33.8406,50.524],[33.8418,50.5191],[33.8225,50.5148],[33.8203,50.5182],[33.8105,50.5148],[33.8146,50.508],[33.839,50.5057],[33.852,50.5008],[33.8443,50.49],[33.8244,50.4878],[33.8281,50.4827],[33.7877,50.4771],[33.7863,50.4607],[33.734,50.4582],[33.7154,50.4677],[33.6182,50.4813],[33.6125,50.4879],[33.5717,50.4957],[33.5618,50.4902],[33.5371,50.4893],[33.5318,50.4798],[33.5156,50.4835],[33.5028,50.4945],[33.4877,50.481],[33.478,50.4826],[33.4758,50.4899],[33.4626,50.492],[33.4346,50.485],[33.4347,50.475],[33.4196,50.4831],[33.4123,50.4993],[33.375,50.497],[33.3741,50.5206],[33.3183,50.5206],[33.3164,50.5324],[33.2994,50.5349],[33.2839,50.551],[33.2696,50.5537],[33.2466,50.5383],[33.234,50.5141],[33.2207,50.5037],[33.1912,50.5086],[33.1732,50.5231],[33.1527,50.5213],[33.1463,50.5115],[33.1302,50.512],[33.117,50.5056],[33.1035,50.5175],[33.0705,50.5193],[33.067,50.5209],[33.0661,50.5192],[33.0594,50.518],[33.0432,50.502],[33.0237,50.5013],[33.0261,50.4927],[33.0136,50.4809],[33.0144,50.4711],[32.9917,50.4776],[32.988,50.4727],[32.9704,50.4751],[32.9787,50.4632],[32.9692,50.4599],[32.9694,50.4501],[32.9579,50.4424],[32.9488,50.4456],[32.9354,50.4356],[32.9386,50.4301],[32.9609,50.4168],[33.0029,50.4249],[33.0012,50.4139],[33.0175,50.4095],[33.0015,50.3828],[33.0249,50.384],[33.0386,50.3767],[33.0397,50.3671],[33.051,50.3637],[33.051,50.3564],[33.0419,50.3388],[33.0694,50.3358],[33.0682,50.3262],[33.0799,50.3291],[33.0907,50.3245],[33.1048,50.3022],[33.1008,50.2956],[33.109,50.2835],[33.1255,50.2901],[33.1346,50.2893],[33.131,50.2751],[33.1347,50.2666],[33.1267,50.261],[33.1268,50.2444],[33.1415,50.2454],[33.1504,50.234],[33.1514,50.2096],[33.1595,50.2061],[33.1518,50.1932],[33.144,50.1922],[33.1861,50.18],[33.1947,50.17],[33.2116,50.1711],[33.2208,50.1625],[33.219,50.1503],[33.2366,50.147],[33.2586,50.1491],[33.2781,50.1714],[33.2852,50.1845],[33.2991,50.1875],[33.3078,50.1947],[33.3351,50.1992],[33.3385,50.1947],[33.3413,50.1683],[33.3516,50.1662],[33.3715,50.1543],[33.3635,50.1428],[33.3762,50.1379],[33.3793,50.1436],[33.4073,50.1437],[33.4101,50.1159],[33.388,50.1103],[33.3832,50.1271],[33.3656,50.1277],[33.3786,50.1099],[33.3889,50.0887],[33.4005,50.0823],[33.3837,50.0666],[33.388,50.0626],[33.3677,50.0266],[33.3501,50.0259],[33.3263,50.021],[33.3232,50.012],[33.2955,50.0108],[33.2954,49.9923],[33.3081,49.9787],[33.3594,49.9564],[33.3899,49.9388],[33.3742,49.9227],[33.3746,49.9033],[33.3647,49.9009],[33.3663,49.891],[33.3976,49.8871],[33.4337,49.8656],[33.4412,49.8542],[33.4793,49.8539],[33.4842,49.8575],[33.4983,49.8545],[33.5757,49.8282],[33.5795,49.8195],[33.5816,49.784],[33.5621,49.7795],[33.5634,49.7742],[33.5395,49.7685],[33.5477,49.7374],[33.5029,49.6949],[33.5021,49.6438],[33.5109,49.6335],[33.5031,49.6237],[33.4982,49.6159],[33.4896,49.608],[33.5212,49.5979],[33.5373,49.5965],[33.5383,49.5916],[33.5792,49.5856],[33.6178,49.5761],[33.6364,49.5365],[33.6489,49.5219],[33.6916,49.5155],[33.6979,49.51],[33.7017,49.5111],[33.6971,49.5324],[33.6772,49.5638],[33.668,49.5727],[33.6806,49.5712],[33.6846,49.588]]]]},"properties":{"key":"миргородський","name":"Миргородський район","source_group":"raion"}},{"id":"могилів-подільський","type":"Feature","geometry":{"type":"MultiPolygon","coordinates":[[[[27.5346,48.4702],[27.5806,48.4907],[27.6,48.4902],[27.6044,48.4862],[27.5889,48.4664],[27.5918,48.4602],[27.644,48.4412],[27.6844,48.4411],[27.7128,48.4514],[27.746,48.4576],[27.7617,48.4564],[27.7886,48.445],[27.8142,48.4277],[27.8207,48.4187],[27.848,48.414],[27.8733,48.4042],[27.8805,48.3934],[27.8784,48.3824],[27.889,48.3663],[27.9055,48.3539],[27.9398,48.3371],[27.9531,48.3287],[27.975,48.3244],[28.0077,48.3263],[28.0453,48.3254],[28.0723,48.3183],[28.0868,48.306],[28.0934,48.2936],[28.0882,48.2704],[28.0803,48.2523],[28.0812,48.24],[28.0888,48.2343],[28.1087,48.2317],[28.1303,48.2415],[28.1462,48.2627],[28.1774,48.2571],[28.1871,48.2506],[28.1817,48.2366],[28.1853,48.2156],[28.2082,48.2044],[28.2282,48.2089],[28.2696,48.2268],[28.2886,48.2329],[28.301,48.2409],[28.3094,48.2408],[28.3213,48.2329],[28.3474,48.2472],[28.3599,48.2411],[28.3687,48.2267],[28.3687,48.2111],[28.3614,48.1923],[28.348,48.1789],[28.3081,48.1616],[28.3054,48.1406],[28.3237,48.1324],[28.3491,48.1357],[28.3598,48.1424],[28.3717,48.1657],[28.3847,48.1756],[28.4098,48.1773],[28.4274,48.1727],[28.4345,48.167],[28.4392,48.1427],[28.4246,48.1326],[28.4219,48.1219],[28.4348,48.1081],[28.4382,48.0957],[28.4529,48.0797],[28.4631,48.0742],[28.4923,48.0655],[28.501,48.0679],[28.4918,48.0746],[28.4967,48.0862],[28.4952,48.1056],[28.4989,48.1273],[28.5206,48.138],[28.5028,48.1511],[28.5291,48.1537],[28.5447,48.1693],[28.5672,48.1763],[28.562,48.1896],[28.5703,48.1908],[28.5786,48.2012],[28.5876,48.1994],[28.5995,48.2083],[28.5608,48.2232],[28.5724,48.2356],[28.5586,48.2443],[28.5398,48.2617],[28.5074,48.2667],[28.5007,48.27],[28.5115,48.2819],[28.5089,48.3014],[28.5126,48.3179],[28.5048,48.3297],[28.4874,48.339],[28.4658,48.3449],[28.468,48.3526],[28.4811,48.3627],[28.4495,48.3758],[28.4571,48.3839],[28.4513,48.3938],[28.4583,48.4004],[28.4643,48.4224],[28.4598,48.4283],[28.4265,48.4215],[28.3943,48.4101],[28.3811,48.4224],[28.3859,48.4248],[28.3717,48.4397],[28.3853,48.4456],[28.3755,48.4537],[28.3693,48.4521],[28.3527,48.4682],[28.3374,48.4726],[28.3478,48.4861],[28.3278,48.4898],[28.3165,48.4883],[28.3199,48.5069],[28.3519,48.5146],[28.3516,48.5204],[28.3206,48.5352],[28.3163,48.5478],[28.2974,48.5567],[28.2993,48.5727],[28.2698,48.587],[28.2444,48.6041],[28.2281,48.599],[28.213,48.604],[28.1966,48.6139],[28.1748,48.6095],[28.173,48.6191],[28.1485,48.6154],[28.1336,48.6181],[28.1133,48.6168],[28.106,48.6264],[28.0992,48.6249],[28.0826,48.6438],[28.0841,48.6496],[28.0491,48.6494],[28.0365,48.6408],[28.0105,48.6408],[27.9952,48.6436],[27.9759,48.6399],[27.9662,48.6696],[27.9503,48.68],[27.9019,48.6838],[27.9125,48.6908],[27.9144,48.7135],[27.9051,48.7244],[27.8893,48.72],[27.8862,48.7311],[27.8791,48.7347],[27.8813,48.7723],[27.8909,48.7707],[27.8993,48.7809],[27.8778,48.7903],[27.8649,48.792],[27.8428,48.8102],[27.8142,48.8115],[27.8103,48.8198],[27.8104,48.8374],[27.7876,48.8357],[27.7736,48.8121],[27.7625,48.8052],[27.7457,48.8014],[27.7331,48.8065],[27.723,48.8036],[27.703,48.8085],[27.7022,48.8019],[27.6749,48.8137],[27.657,48.8272],[27.6121,48.8426],[27.6146,48.8473],[27.5824,48.8835],[27.5715,48.8838],[27.5538,48.8921],[27.5435,48.9058],[27.5302,48.9102],[27.5219,48.9036],[27.4886,48.9227],[27.4655,48.9128],[27.4547,48.8994],[27.4303,48.8965],[27.4064,48.8892],[27.4156,48.8825],[27.4163,48.8578],[27.413,48.8496],[27.4185,48.8399],[27.4179,48.8253],[27.411,48.8119],[27.4283,48.7946],[27.4182,48.7899],[27.4143,48.7793],[27.4044,48.7738],[27.4076,48.7666],[27.3902,48.764],[27.3928,48.7529],[27.4129,48.7403],[27.401,48.7269],[27.4136,48.7055],[27.4156,48.6958],[27.4061,48.6946],[27.4072,48.6874],[27.3916,48.6816],[27.3881,48.6611],[27.3796,48.6498],[27.3728,48.6294],[27.4032,48.6211],[27.4441,48.6035],[27.4557,48.5912],[27.463,48.5805],[27.4781,48.5506],[27.4828,48.528],[27.4793,48.5056],[27.4961,48.4844],[27.5201,48.4702],[27.5346,48.4702]]]]},"properties":{"key":"могилів-подільський","name":"Могилів-Подільський район","source_group":"raion"}},{"id":"мукачівський","type":"Feature","geometry":{"type":"MultiPolygon","coordinates":[[[[22.6261,48.3495],[22.6347,48.3453],[22.6413,48.3399],[22.6687,48.307],[22.7085,48.2928],[22.7556,48.2885],[22.7669,48.2941],[22.7914,48.2922],[22.7874,48.3001],[22.7926,48.31],[22.8033,48.3106],[22.8228,48.3214],[22.825,48.3296],[22.8381,48.3355],[22.8283,48.3389],[22.835,48.346],[22.8413,48.338],[22.8561,48.3334],[22.8564,48.3048],[22.8624,48.3019],[22.8806,48.3014],[22.8982,48.2867],[22.9083,48.3036],[22.8989,48.3198],[22.9147,48.3257],[22.9282,48.342],[22.9598,48.3534],[22.9593,48.3632],[22.9503,48.3669],[22.9404,48.3798],[22.9303,48.3844],[22.9145,48.4053],[22.88,48.4108],[22.8785,48.42],[22.8686,48.4201],[22.8719,48.4286],[22.8564,48.4315],[22.8531,48.4415],[22.8622,48.4435],[22.8769,48.4365],[22.8816,48.4439],[22.8844,48.4319],[22.8967,48.4258],[22.9097,48.4251],[22.919,48.4302],[22.9253,48.4457],[22.9153,48.4521],[22.9394,48.4634],[22.9527,48.4739],[22.9572,48.4856],[22.964,48.4881],[22.9985,48.4884],[23.0169,48.4814],[23.0393,48.4811],[23.0651,48.4735],[23.09,48.458],[23.1238,48.454],[23.1376,48.4492],[23.152,48.4665],[23.1516,48.4752],[23.1606,48.4826],[23.1467,48.508],[23.1457,48.5347],[23.154,48.5541],[23.177,48.5747],[23.187,48.5795],[23.1841,48.5936],[23.1757,48.5942],[23.17,48.6069],[23.155,48.6054],[23.1395,48.6197],[23.1388,48.6258],[23.1583,48.6198],[23.1625,48.6141],[23.1783,48.6264],[23.1656,48.6293],[23.1653,48.6359],[23.1912,48.6326],[23.1876,48.6418],[23.2097,48.6369],[23.2204,48.6436],[23.2473,48.6525],[23.2449,48.6593],[23.2674,48.6777],[23.284,48.6837],[23.2926,48.6943],[23.289,48.7043],[23.2943,48.7205],[23.3128,48.7271],[23.3168,48.7563],[23.312,48.7611],[23.288,48.7744],[23.2797,48.7674],[23.2615,48.7602],[23.2446,48.7591],[23.2294,48.7623],[23.2,48.7616],[23.1905,48.7814],[23.1806,48.7926],[23.1803,48.8021],[23.1715,48.81],[23.1529,48.8323],[23.1355,48.8343],[23.1357,48.8447],[23.1313,48.8523],[23.0998,48.8624],[23.0904,48.8614],[23.0865,48.8562],[23.082,48.8537],[23.0693,48.8544],[23.0596,48.8463],[23.0465,48.851],[23.0207,48.8461],[23.001,48.8295],[22.9873,48.8365],[22.9735,48.8491],[22.9706,48.8734],[22.9515,48.8801],[22.9031,48.902],[22.8928,48.9091],[22.8872,48.9237],[22.8813,48.9303],[22.8601,48.9219],[22.8659,48.9088],[22.8615,48.9008],[22.8359,48.8781],[22.8351,48.8696],[22.8525,48.8614],[22.8732,48.8415],[22.8809,48.8275],[22.8806,48.8155],[22.8715,48.8109],[22.8824,48.7933],[22.8855,48.7781],[22.8937,48.7709],[22.8979,48.7591],[22.8712,48.7494],[22.8718,48.7392],[22.8627,48.7227],[22.8682,48.7067],[22.8486,48.6875],[22.8569,48.6662],[22.8495,48.6599],[22.8613,48.6404],[22.859,48.6241],[22.8496,48.6146],[22.8205,48.612],[22.7896,48.6336],[22.7696,48.6362],[22.7493,48.6315],[22.7323,48.6313],[22.7167,48.6383],[22.7018,48.6401],[22.6979,48.647],[22.6692,48.6506],[22.6662,48.6273],[22.6532,48.6199],[22.6539,48.6009],[22.6379,48.5922],[22.628,48.5779],[22.6199,48.5794],[22.5726,48.5635],[22.5558,48.5542],[22.5562,48.531],[22.5836,48.5122],[22.5778,48.4992],[22.5589,48.495],[22.558,48.4827],[22.5507,48.4878],[22.5293,48.4909],[22.5145,48.4892],[22.5126,48.4958],[22.4821,48.4896],[22.48,48.4836],[22.4441,48.4769],[22.4014,48.4875],[22.3831,48.4864],[22.3595,48.475],[22.3734,48.4711],[22.4235,48.4416],[22.4372,48.4407],[22.4317,48.4312],[22.4482,48.4328],[22.4659,48.4209],[22.4644,48.4163],[22.506,48.4008],[22.4978,48.3901],[22.4985,48.3778],[22.506,48.3781],[22.543,48.3513],[22.5297,48.3419],[22.5325,48.332],[22.5035,48.3122],[22.4812,48.3163],[22.479,48.3063],[22.5048,48.2958],[22.5233,48.2775],[22.5339,48.2797],[22.5302,48.2877],[22.5473,48.2914],[22.5567,48.3032],[22.5655,48.3058],[22.5689,48.3158],[22.57,48.3247],[22.5565,48.3201],[22.5458,48.3258],[22.5628,48.3297],[22.5696,48.3384],[22.5849,48.3301],[22.5993,48.3333],[22.616,48.326],[22.6262,48.3314],[22.6151,48.342],[22.6261,48.3495]]]]},"properties":{"key":"мукачівський","name":"Мукачівський район","source_group":"raion"}},{"id":"надвірнянський","type":"Feature","geometry":{"type":"MultiPolygon","coordinates":[[[[24.5547,48.1187],[24.578,48.1404],[24.5892,48.1452],[24.6082,48.1637],[24.6124,48.1558],[24.6335,48.1594],[24.6461,48.1676],[24.6372,48.1827],[24.645,48.1963],[24.6647,48.2145],[24.6673,48.2241],[24.6822,48.2359],[24.6712,48.2443],[24.6653,48.2555],[24.6757,48.2703],[24.6853,48.2692],[24.7392,48.2804],[24.7332,48.3018],[24.7473,48.3195],[24.7564,48.3253],[24.7464,48.3372],[24.7478,48.3516],[24.7421,48.3578],[24.7476,48.3749],[24.7318,48.3787],[24.7154,48.3978],[24.7217,48.415],[24.7027,48.4209],[24.715,48.4285],[24.7436,48.438],[24.7711,48.4426],[24.7856,48.4594],[24.7807,48.4633],[24.7717,48.4647],[24.7564,48.4786],[24.7705,48.4811],[24.7636,48.4953],[24.763,48.5129],[24.8001,48.5474],[24.7919,48.5598],[24.7741,48.5614],[24.7746,48.5697],[24.7672,48.6027],[24.7694,48.6178],[24.8229,48.6285],[24.8239,48.6391],[24.8124,48.6393],[24.8163,48.6786],[24.7949,48.6801],[24.7792,48.685],[24.7805,48.6926],[24.75,48.7149],[24.7323,48.722],[24.7238,48.7399],[24.6931,48.7509],[24.664,48.7545],[24.6419,48.7603],[24.6391,48.7411],[24.6269,48.7319],[24.6157,48.7226],[24.5979,48.714],[24.5568,48.7257],[24.5486,48.7064],[24.5175,48.685],[24.5174,48.6798],[24.5104,48.6716],[24.4782,48.6672],[24.4767,48.6607],[24.494,48.651],[24.4472,48.6425],[24.3931,48.6378],[24.3691,48.6309],[24.3739,48.6173],[24.3561,48.6148],[24.3378,48.6064],[24.3098,48.604],[24.3,48.5911],[24.2908,48.5981],[24.2789,48.5911],[24.2629,48.5875],[24.2493,48.5659],[24.2514,48.5621],[24.2405,48.5492],[24.2091,48.5275],[24.192,48.5202],[24.1799,48.5199],[24.1372,48.5314],[24.1315,48.5286],[24.1208,48.504],[24.1156,48.4985],[24.1162,48.4962],[24.1421,48.4809],[24.1263,48.4678],[24.1254,48.4538],[24.1347,48.4385],[24.1459,48.4344],[24.1409,48.4091],[24.1533,48.4012],[24.1508,48.3877],[24.164,48.384],[24.1695,48.3768],[24.1817,48.3748],[24.1809,48.3671],[24.2006,48.3638],[24.2089,48.3664],[24.2225,48.357],[24.2442,48.3581],[24.2605,48.3516],[24.274,48.3712],[24.2905,48.3817],[24.2823,48.3908],[24.2854,48.4005],[24.3146,48.3931],[24.3214,48.3882],[24.3529,48.3829],[24.3589,48.3742],[24.3522,48.3583],[24.3593,48.3495],[24.3786,48.3479],[24.3931,48.3355],[24.4154,48.3325],[24.4165,48.3264],[24.4448,48.3036],[24.4854,48.2833],[24.4954,48.275],[24.484,48.2439],[24.5037,48.2394],[24.5365,48.2275],[24.5475,48.2161],[24.5355,48.2143],[24.5204,48.2003],[24.5257,48.1949],[24.5121,48.1867],[24.5213,48.1773],[24.5016,48.1604],[24.5057,48.153],[24.5257,48.1429],[24.5317,48.1336],[24.5321,48.1251],[24.5342,48.1233],[24.5547,48.1187]]]]},"properties":{"key":"надвірнянський","name":"Надвірнянський район","source_group":"raion"}},{"id":"ніжинський","type":"Feature","geometry":{"type":"MultiPolygon","coordinates":[[[[31.4921,50.52],[31.4919,50.5225],[31.5211,50.523],[31.521,50.5281],[31.535,50.5283],[31.5542,50.5189],[31.5641,50.5185],[31.571,50.5282],[31.6309,50.5219],[31.6475,50.5361],[31.6469,50.5533],[31.6621,50.5539],[31.6681,50.5495],[31.6874,50.5624],[31.7815,50.5591],[31.7779,50.5763],[31.7894,50.5789],[31.7841,50.6055],[31.8113,50.6062],[31.8101,50.6222],[31.8519,50.6283],[31.8844,50.6396],[31.8889,50.6448],[31.8798,50.655],[31.8987,50.6613],[31.9035,50.6691],[31.8949,50.6757],[31.9224,50.7074],[31.9374,50.7048],[31.9491,50.7184],[31.9953,50.7089],[31.9983,50.7027],[32.0189,50.6983],[32.0187,50.7082],[32.0454,50.7161],[32.0548,50.7258],[32.0472,50.7318],[32.0685,50.7666],[32.1026,50.761],[32.1014,50.7519],[32.1222,50.7527],[32.1095,50.7737],[32.1017,50.7718],[32.1004,50.7884],[32.1043,50.7991],[32.1139,50.8016],[32.0858,50.822],[32.0813,50.8391],[32.067,50.8412],[32.073,50.8642],[32.0546,50.8675],[32.047,50.8762],[32.0591,50.883],[32.0611,50.8965],[32.0694,50.8992],[32.0557,50.9072],[32.0567,50.9315],[32.0751,50.9357],[32.0855,50.951],[32.1053,50.9557],[32.1037,50.9669],[32.0928,50.9749],[32.1149,50.9907],[32.1492,50.9888],[32.1671,51],[32.1868,51.0179],[32.1788,51.025],[32.1907,51.0341],[32.2109,51.0234],[32.2292,51.0224],[32.252,51.0289],[32.2627,51.0267],[32.2329,51.0194],[32.2641,51.0197],[32.2718,51.0009],[32.2846,51.0019],[32.2979,51.0159],[32.3108,51.011],[32.3312,51.0305],[32.3557,51.0158],[32.3645,50.9978],[32.3722,51.0024],[32.365,51.0068],[32.3711,51.0152],[32.4032,51.013],[32.4087,51.0162],[32.3987,51.0291],[32.3974,51.0407],[32.4137,51.0496],[32.4277,51.066],[32.4366,51.0682],[32.4339,51.0779],[32.4995,51.0814],[32.5262,51.0656],[32.5265,51.0359],[32.5339,51.0249],[32.5646,51.015],[32.577,51.0172],[32.592,51.0122],[32.6058,51.0263],[32.6165,51.0262],[32.6416,51.0172],[32.6397,51.0146],[32.6849,51.0036],[32.6983,50.9906],[32.6943,50.9789],[32.6987,50.9727],[32.6917,50.9493],[32.7045,50.9421],[32.7216,50.9422],[32.758,50.9314],[32.7638,50.9108],[32.7749,50.8892],[32.7922,50.8895],[32.8111,50.8761],[32.8224,50.8721],[32.8276,50.8601],[32.8364,50.8588],[32.8939,50.8793],[32.9031,50.8849],[32.9347,50.8903],[32.9763,50.9173],[32.9669,50.9263],[32.9956,50.929],[32.9984,50.9353],[32.9874,50.9376],[32.9784,50.9479],[32.9791,50.9672],[33.0073,50.9824],[33.0149,50.9927],[33.0409,50.9966],[33.0455,51.0018],[33.0507,51.0118],[33.0846,51.0395],[33.0597,51.0481],[33.0718,51.0634],[33.0697,51.0701],[33.0383,51.0724],[33.0412,51.0818],[32.9983,51.085],[32.9612,51.0899],[32.9566,51.0856],[32.9446,51.0915],[32.9926,51.1434],[32.9612,51.1627],[32.9858,51.1832],[32.9783,51.1888],[32.9983,51.1996],[33.0298,51.2],[33.0422,51.206],[33.0391,51.2198],[33.0291,51.227],[33.07,51.2553],[33.0599,51.2575],[33.0585,51.2665],[33.0675,51.269],[33.0736,51.2842],[33.0766,51.2875],[33.0639,51.2864],[33.06,51.2881],[33.0428,51.29],[33.0538,51.2951],[33.0545,51.3032],[33.0757,51.3126],[33.0783,51.3224],[33.0709,51.3315],[33.0665,51.3314],[33.0653,51.3257],[33.0533,51.3254],[33.0496,51.3287],[33.0388,51.3317],[33.0374,51.3307],[33.0323,51.3312],[33.0271,51.3273],[33.0185,51.3304],[33.0147,51.3283],[33.0216,51.3242],[33.0205,51.3221],[33.0139,51.3194],[33.0118,51.3204],[33.0091,51.326],[32.9869,51.3366],[32.9782,51.3308],[32.9711,51.3308],[32.961,51.3362],[32.9675,51.3483],[32.9971,51.3625],[32.9658,51.3706],[32.9541,51.3773],[32.9473,51.3883],[32.9315,51.3919],[32.9452,51.4022],[32.9239,51.4021],[32.9117,51.4114],[32.9064,51.3986],[32.8993,51.4084],[32.9056,51.4146],[32.8935,51.42],[32.8797,51.4148],[32.8776,51.4071],[32.8587,51.4159],[32.8595,51.4239],[32.8478,51.4203],[32.8207,51.4351],[32.7977,51.4348],[32.7884,51.4367],[32.7737,51.4314],[32.7661,51.4349],[32.7451,51.4333],[32.7409,51.4373],[32.7291,51.448],[32.7138,51.4428],[32.7102,51.4413],[32.6873,51.4442],[32.6832,51.4476],[32.6444,51.4529],[32.6343,51.4628],[32.6209,51.4625],[32.6023,51.4517],[32.5905,51.4594],[32.5788,51.4562],[32.5717,51.4612],[32.5659,51.461],[32.5709,51.4551],[32.5622,51.4589],[32.5557,51.4579],[32.5604,51.455],[32.5646,51.4477],[32.5893,51.4505],[32.6029,51.4463],[32.6101,51.4389],[32.6116,51.4264],[32.5843,51.4213],[32.5657,51.4109],[32.5305,51.4134],[32.5128,51.3993],[32.5104,51.4044],[32.4983,51.3953],[32.4868,51.4002],[32.4783,51.3908],[32.4395,51.3874],[32.4129,51.3922],[32.3866,51.4101],[32.3967,51.4241],[32.3815,51.4258],[32.3688,51.4136],[32.3472,51.4108],[32.3118,51.4103],[32.3075,51.4138],[32.286,51.4143],[32.2891,51.4041],[32.2589,51.3968],[32.2462,51.3988],[32.2255,51.3876],[32.2307,51.3755],[32.225,51.3723],[32.2148,51.3785],[32.1948,51.3768],[32.1776,51.3826],[32.1614,51.3948],[32.1338,51.4022],[32.1192,51.4001],[32.0901,51.3878],[32.0797,51.3893],[32.0747,51.3825],[32.0322,51.3801],[32.0333,51.37],[32.0232,51.361],[32.0113,51.3683],[31.9982,51.3705],[31.9953,51.3692],[31.9928,51.3536],[32.0035,51.3483],[32.0249,51.3272],[31.9844,51.3111],[31.9877,51.2977],[31.974,51.293],[31.956,51.2983],[31.9476,51.2906],[31.9277,51.2924],[31.9066,51.2641],[31.9005,51.2649],[31.8812,51.2401],[31.8737,51.2349],[31.87,51.2431],[31.8472,51.2436],[31.8343,51.2356],[31.8143,51.2313],[31.7891,51.2373],[31.7789,51.2449],[31.7711,51.2421],[31.7409,51.2467],[31.7332,51.2395],[31.6967,51.2399],[31.6911,51.2325],[31.656,51.2242],[31.6525,51.2284],[31.6366,51.2399],[31.6022,51.2398],[31.5821,51.2404],[31.5707,51.2365],[31.5455,51.2339],[31.5262,51.2195],[31.5001,51.2151],[31.4909,51.2033],[31.5247,51.1993],[31.5257,51.1907],[31.516,51.1883],[31.4715,51.1876],[31.4408,51.1785],[31.4323,51.1652],[31.435,51.1562],[31.4279,51.1412],[31.4109,51.1351],[31.4214,51.1283],[31.4152,51.1216],[31.3892,51.1215],[31.3927,51.1063],[31.3824,51.0953],[31.3717,51.0952],[31.3208,51.1021],[31.3148,51.0894],[31.2947,51.0923],[31.2933,51.073],[31.2819,51.0723],[31.3133,51.0535],[31.3164,51.0445],[31.2926,51.0343],[31.2679,51.029],[31.3003,51.015],[31.3011,51.0101],[31.3237,51.0075],[31.3353,50.9925],[31.3455,50.9894],[31.3582,50.9933],[31.3675,50.9906],[31.3706,50.9814],[31.3486,50.9699],[31.3384,50.9569],[31.327,50.9568],[31.3166,50.9488],[31.3402,50.9452],[31.3543,50.9364],[31.3565,50.9302],[31.3351,50.9305],[31.3191,50.9276],[31.3125,50.9136],[31.3006,50.908],[31.3129,50.9075],[31.3103,50.8992],[31.3003,50.8996],[31.2993,50.869],[31.3199,50.8684],[31.3132,50.8631],[31.2905,50.8572],[31.2708,50.8331],[31.2489,50.8124],[31.2175,50.8103],[31.2119,50.8044],[31.1859,50.7927],[31.2405,50.7517],[31.2166,50.7436],[31.2103,50.7492],[31.2022,50.7349],[31.1936,50.7379],[31.1853,50.7324],[31.1658,50.7321],[31.1643,50.7254],[31.1887,50.7238],[31.1888,50.703],[31.2051,50.7072],[31.2051,50.697],[31.2182,50.697],[31.2242,50.6679],[31.205,50.6565],[31.2023,50.639],[31.2262,50.627],[31.2192,50.62],[31.2279,50.6139],[31.219,50.6065],[31.1686,50.6092],[31.1673,50.595],[31.187,50.5946],[31.1882,50.5752],[31.2159,50.575],[31.2168,50.5711],[31.2413,50.5707],[31.2498,50.5571],[31.26,50.5582],[31.2537,50.5437],[31.2705,50.5372],[31.2897,50.5346],[31.3189,50.5265],[31.3285,50.5005],[31.341,50.5101],[31.3569,50.5297],[31.3705,50.5347],[31.3788,50.5287],[31.4135,50.5161],[31.4173,50.5022],[31.4445,50.5006],[31.456,50.5105],[31.4921,50.52]]]]},"properties":{"key":"ніжинський","name":"Ніжинський район","source_group":"raion"}},{"id":"нікопольський","type":"Feature","geometry":{"type":"MultiPolygon","coordinates":[[[[34.1394,47.4768],[34.2353,47.4945],[34.2756,47.5123],[34.2994,47.5187],[34.4038,47.5288],[34.4698,47.5314],[34.4988,47.5437],[34.5344,47.5565],[34.5678,47.5613],[34.6007,47.5624],[34.6541,47.5594],[34.6911,47.5514],[34.7332,47.5395],[34.8018,47.5367],[34.8572,47.5169],[34.8777,47.5148],[34.9399,47.5266],[34.9625,47.543],[34.9654,47.5501],[34.9596,47.5656],[34.9482,47.5712],[34.9256,47.5949],[34.936,47.5921],[34.9406,47.6007],[34.932,47.6362],[34.916,47.6347],[34.9067,47.674],[34.9382,47.6775],[34.9308,47.7118],[34.9561,47.7127],[34.9527,47.7267],[34.958,47.7266],[34.9544,47.7402],[34.9645,47.7413],[34.9576,47.7698],[34.8939,47.7601],[34.8793,47.8207],[34.9031,47.831],[34.8974,47.8531],[34.8705,47.8517],[34.8635,47.8799],[34.8498,47.8765],[34.8387,47.8691],[34.8175,47.8647],[34.8027,47.9161],[34.8536,47.9217],[34.8496,47.9372],[34.8771,47.942],[34.88,47.9289],[34.9163,47.9342],[34.9135,47.9415],[34.9055,47.9852],[34.8705,47.9831],[34.8665,48.0002],[34.859,48.0152],[34.8199,48.0104],[34.8207,47.9968],[34.77,47.9924],[34.769,47.9955],[34.7438,47.9858],[34.7309,48.0262],[34.6674,48.019],[34.6668,48.0213],[34.6029,48.0136],[34.6097,47.9821],[34.5871,47.9797],[34.5906,47.9625],[34.5537,47.9586],[34.5548,47.9531],[34.5313,47.9512],[34.5324,47.94],[34.4934,47.9355],[34.4945,47.9288],[34.4529,47.9243],[34.4477,47.9276],[34.4404,47.9537],[34.4176,47.9518],[34.4194,47.9441],[34.3737,47.9393],[34.3755,47.9293],[34.4077,47.9339],[34.4082,47.928],[34.3767,47.9257],[34.3773,47.923],[34.3417,47.9194],[34.3374,47.9334],[34.3193,47.9305],[34.3066,47.9491],[34.3014,47.9793],[34.2351,47.9755],[34.2377,47.9637],[34.1863,47.9621],[34.1844,47.9705],[34.1615,47.9672],[34.1517,47.9551],[34.1448,47.9538],[34.1451,47.9465],[34.145,47.9431],[34.1228,47.9393],[34.0982,47.9485],[34.0837,47.9443],[34.0605,47.9235],[34.057,47.9327],[34.0121,47.9286],[34.0163,47.9052],[33.9997,47.9029],[34.0073,47.8942],[34.003,47.872],[34.0251,47.8728],[34.0431,47.8069],[34.065,47.8092],[34.0671,47.7955],[34.0524,47.7824],[34.0336,47.7712],[34.0213,47.7496],[34.0082,47.7461],[33.9598,47.7429],[33.9568,47.7227],[33.9299,47.7203],[33.937,47.7149],[33.9286,47.693],[33.9367,47.6941],[33.9613,47.6756],[33.9831,47.6654],[33.9949,47.6684],[34.0053,47.6647],[34.0345,47.6652],[34.0414,47.6685],[34.054,47.6583],[34.0452,47.6599],[34.0272,47.6537],[34.0299,47.6438],[34.0439,47.6349],[34.0619,47.6358],[34.0691,47.6324],[34.0517,47.6187],[34.0751,47.5997],[34.0806,47.6037],[34.0888,47.5968],[34.0788,47.5908],[34.0833,47.5845],[34.0753,47.5764],[34.0541,47.5761],[34.0465,47.5698],[34.0772,47.5531],[34.1093,47.5526],[34.1109,47.4739],[34.1394,47.4768]]]]},"properties":{"key":"нікопольський","name":"Нікопольський район","source_group":"raion"}},{"id":"новгород-сіверський","type":"Feature","geometry":{"type":"MultiPolygon","coordinates":[[[[32.7884,51.4367],[32.7977,51.4348],[32.8207,51.4351],[32.8478,51.4203],[32.8595,51.4239],[32.8587,51.4159],[32.8776,51.4071],[32.8797,51.4148],[32.8935,51.42],[32.9056,51.4146],[32.8993,51.4084],[32.9064,51.3986],[32.9117,51.4114],[32.9239,51.4021],[32.9452,51.4022],[32.9315,51.3919],[32.9473,51.3883],[32.9541,51.3773],[32.9658,51.3706],[32.9971,51.3625],[32.9675,51.3483],[32.961,51.3362],[32.9711,51.3308],[32.9782,51.3308],[32.9869,51.3366],[33.0091,51.326],[33.0127,51.3196],[33.0213,51.3232],[33.0211,51.325],[33.015,51.3272],[33.0169,51.3301],[33.0271,51.3273],[33.0323,51.3312],[33.0374,51.3307],[33.0388,51.3317],[33.0496,51.3287],[33.0533,51.3254],[33.0653,51.3257],[33.0665,51.3314],[33.0709,51.3315],[33.0686,51.3335],[33.0744,51.3402],[33.0645,51.3483],[33.0444,51.3421],[33.038,51.3454],[33.0357,51.3578],[33.0431,51.3683],[33.0302,51.3768],[33.0167,51.3959],[33.0451,51.4036],[33.0458,51.4114],[33.0571,51.4055],[33.052,51.3967],[33.0394,51.3961],[33.0435,51.3866],[33.0601,51.3838],[33.0601,51.3709],[33.0886,51.3676],[33.0929,51.3701],[33.1008,51.3662],[33.1124,51.3703],[33.1089,51.382],[33.0917,51.3896],[33.1104,51.3892],[33.1221,51.3807],[33.1334,51.382],[33.1358,51.3987],[33.1198,51.4013],[33.1349,51.417],[33.1126,51.4292],[33.1232,51.4607],[33.135,51.4673],[33.1305,51.4842],[33.1395,51.497],[33.1558,51.4935],[33.174,51.4996],[33.178,51.5069],[33.1921,51.5068],[33.1928,51.5248],[33.1883,51.5372],[33.1688,51.5433],[33.168,51.552],[33.1576,51.5556],[33.1573,51.5631],[33.1675,51.5704],[33.192,51.573],[33.2067,51.5715],[33.2223,51.581],[33.1917,51.5841],[33.1773,51.5976],[33.1549,51.6084],[33.1543,51.6417],[33.1298,51.6432],[33.1284,51.6493],[33.1347,51.6576],[33.1406,51.6605],[33.1477,51.6717],[33.1418,51.6781],[33.1652,51.6786],[33.1628,51.6818],[33.15,51.6822],[33.1452,51.6885],[33.1688,51.6925],[33.1714,51.6995],[33.1544,51.705],[33.1481,51.7136],[33.1324,51.7219],[33.138,51.7257],[33.1047,51.7451],[33.0962,51.7567],[33.0919,51.7744],[33.0852,51.7693],[33.078,51.7752],[33.092,51.7838],[33.1022,51.7815],[33.1012,51.79],[33.1332,51.8161],[33.1477,51.8179],[33.1362,51.834],[33.1274,51.8358],[33.1257,51.8538],[33.1321,51.8557],[33.1339,51.871],[33.1447,51.8777],[33.1802,51.8854],[33.1788,51.8958],[33.173,51.8988],[33.1722,51.901],[33.1767,51.9048],[33.1854,51.9025],[33.1871,51.9104],[33.1887,51.9115],[33.1986,51.9093],[33.2137,51.9122],[33.2169,51.9093],[33.2166,51.9066],[33.2217,51.9055],[33.2245,51.9076],[33.257,51.9251],[33.2644,51.9184],[33.2722,51.9229],[33.292,51.9242],[33.2971,51.9344],[33.3155,51.9368],[33.3312,51.9298],[33.3565,51.9304],[33.3622,51.9467],[33.3715,51.9535],[33.3907,51.9536],[33.3955,51.9615],[33.3825,51.9728],[33.3486,51.985],[33.3473,51.9986],[33.3357,52.0076],[33.3045,52.0132],[33.3169,52.0176],[33.3167,52.0314],[33.3458,52.0295],[33.3682,52.0418],[33.389,52.0496],[33.4019,52.0509],[33.4125,52.0309],[33.4277,52.0243],[33.4384,52.0326],[33.4647,52.0386],[33.5004,52.0389],[33.5002,52.0888],[33.4911,52.0833],[33.4464,52.0897],[33.434,52.1088],[33.4099,52.1161],[33.4167,52.123],[33.3434,52.145],[33.3284,52.1401],[33.343,52.1352],[33.322,52.1365],[33.3278,52.155],[33.3373,52.1554],[33.3328,52.167],[33.3102,52.1825],[33.3302,52.1984],[33.3256,52.2123],[33.3161,52.213],[33.3243,52.2214],[33.3332,52.2155],[33.3536,52.2221],[33.3662,52.2338],[33.366,52.2447],[33.3571,52.2578],[33.3729,52.2581],[33.3866,52.2724],[33.382,52.2839],[33.3985,52.2989],[33.4038,52.322],[33.4142,52.3258],[33.4289,52.3457],[33.4111,52.3494],[33.4167,52.3603],[33.4024,52.3603],[33.4077,52.3672],[33.3955,52.3706],[33.3737,52.3705],[33.3701,52.3621],[33.3609,52.3641],[33.3514,52.3535],[33.3371,52.3518],[33.3146,52.3552],[33.3066,52.3502],[33.2892,52.3578],[33.2081,52.376],[33.1703,52.3732],[33.1731,52.3668],[33.1696,52.3414],[33.1563,52.3388],[33.1349,52.3454],[33.1113,52.3258],[33.1077,52.3271],[33.0807,52.3078],[33.0672,52.3027],[33.0634,52.3157],[33.0716,52.3169],[33.0723,52.3267],[33.0602,52.3299],[33.0589,52.3185],[33.0449,52.3138],[33.045,52.3074],[33.024,52.3001],[33.0185,52.2935],[32.9947,52.288],[33.0002,52.2813],[32.9961,52.2719],[32.9619,52.2736],[32.9106,52.2503],[32.907,52.2463],[32.8879,52.2454],[32.8792,52.2594],[32.8844,52.2737],[32.856,52.2745],[32.8334,52.2786],[32.8178,52.2591],[32.7991,52.2657],[32.7631,52.2561],[32.7566,52.267],[32.7261,52.2565],[32.7169,52.2587],[32.7007,52.2483],[32.7006,52.2549],[32.6897,52.2559],[32.6857,52.2661],[32.6682,52.2767],[32.6374,52.2871],[32.6074,52.3051],[32.5844,52.3006],[32.5511,52.326],[32.5013,52.3274],[32.4903,52.3139],[32.461,52.3264],[32.4329,52.3221],[32.4014,52.338],[32.3947,52.3336],[32.378,52.3375],[32.3559,52.3275],[32.3525,52.3162],[32.3634,52.3015],[32.3703,52.2758],[32.3952,52.2788],[32.3832,52.2696],[32.3903,52.2538],[32.4016,52.2472],[32.3839,52.2409],[32.361,52.2387],[32.3465,52.2445],[32.3247,52.2239],[32.3306,52.203],[32.3446,52.1953],[32.3471,52.1828],[32.3335,52.1716],[32.3323,52.1564],[32.3655,52.1558],[32.3685,52.1473],[32.3602,52.1404],[32.335,52.1408],[32.3299,52.133],[32.3203,52.1366],[32.3171,52.1217],[32.297,52.1192],[32.2985,52.1111],[32.2909,52.1031],[32.2711,52.0977],[32.261,52.091],[32.2248,52.087],[32.2225,52.0852],[32.2236,52.0835],[32.2224,52.0807],[32.2493,52.0813],[32.27,52.0755],[32.2804,52.0583],[32.2897,52.0551],[32.3066,52.0569],[32.3431,52.0529],[32.3495,52.0573],[32.3656,52.057],[32.3839,52.0592],[32.381,52.05],[32.3628,52.0499],[32.3696,52.0384],[32.3889,52.0315],[32.3908,52.0258],[32.4081,52.0214],[32.4194,52.0021],[32.4295,52.0099],[32.4334,51.9999],[32.4153,51.9877],[32.4255,51.9842],[32.4305,51.9932],[32.4414,51.9977],[32.4438,51.9789],[32.4692,51.9706],[32.4824,51.9815],[32.5076,51.9633],[32.5212,51.9607],[32.5568,51.96],[32.5628,51.9543],[32.5746,51.9608],[32.5933,51.9614],[32.6232,51.9696],[32.6301,51.9694],[32.6387,51.9554],[32.6315,51.9528],[32.6287,51.9167],[32.6445,51.9118],[32.6663,51.9108],[32.6823,51.9161],[32.694,51.915],[32.7352,51.9237],[32.7337,51.9345],[32.7526,51.9332],[32.7505,51.9206],[32.7701,51.917],[32.7579,51.9037],[32.7956,51.8901],[32.8131,51.8884],[32.8096,51.8672],[32.8169,51.852],[32.7979,51.8515],[32.7768,51.8453],[32.7676,51.8384],[32.7331,51.8366],[32.7103,51.8414],[32.7118,51.8306],[32.73,51.8266],[32.7242,51.8185],[32.7011,51.814],[32.6887,51.8202],[32.6837,51.8144],[32.7026,51.8068],[32.7092,51.7942],[32.7034,51.7947],[32.7137,51.7763],[32.7506,51.7614],[32.7689,51.735],[32.7429,51.7246],[32.7147,51.7219],[32.6987,51.7254],[32.6887,51.7155],[32.6812,51.6997],[32.6925,51.6904],[32.6866,51.6784],[32.7165,51.6662],[32.7196,51.6343],[32.7413,51.6334],[32.7684,51.6439],[32.7672,51.6369],[32.7463,51.6271],[32.7733,51.6279],[32.7859,51.6195],[32.802,51.6225],[32.8113,51.6181],[32.8265,51.6237],[32.8317,51.6165],[32.8171,51.6142],[32.8193,51.6075],[32.833,51.6102],[32.8361,51.601],[32.8291,51.5944],[32.8298,51.5805],[32.8454,51.572],[32.8433,51.5687],[32.813,51.5689],[32.8066,51.5766],[32.787,51.5769],[32.778,51.5683],[32.7702,51.5698],[32.7401,51.5517],[32.6891,51.5551],[32.676,51.5428],[32.6776,51.551],[32.6671,51.5566],[32.6544,51.5563],[32.6533,51.5429],[32.6441,51.5451],[32.6283,51.5382],[32.6329,51.5232],[32.6097,51.5226],[32.607,51.5114],[32.6093,51.5031],[32.6171,51.4984],[32.624,51.4839],[32.6605,51.4874],[32.6767,51.4701],[32.6737,51.48],[32.6859,51.4863],[32.7015,51.4776],[32.7249,51.4764],[32.7372,51.4662],[32.7228,51.4568],[32.7227,51.4465],[32.7291,51.448],[32.7409,51.4373],[32.7441,51.4337],[32.7661,51.4349],[32.7737,51.4314],[32.7884,51.4367]]]]},"properties":{"key":"новгород-сіверський","name":"Новгород-Сіверський район","source_group":"raion"}},{"id":"новоград-волинський","type":"Feature","geometry":{"type":"MultiPolygon","coordinates":[[[[27.2717,50.4898],[27.3015,50.4932],[27.2907,50.4759],[27.2924,50.4581],[27.257,50.419],[27.2488,50.3932],[27.3194,50.3687],[27.3245,50.3585],[27.3139,50.3402],[27.3167,50.3325],[27.3633,50.3322],[27.4154,50.3062],[27.4169,50.2953],[27.4019,50.2949],[27.4008,50.2854],[27.4132,50.2744],[27.4427,50.2756],[27.4433,50.2626],[27.4592,50.2573],[27.4807,50.2569],[27.4916,50.2384],[27.5252,50.2246],[27.5424,50.2463],[27.563,50.2461],[27.5782,50.259],[27.5959,50.2591],[27.6021,50.2432],[27.6002,50.2301],[27.5946,50.2299],[27.5935,50.2151],[27.6083,50.2152],[27.6133,50.195],[27.6208,50.198],[27.6227,50.1706],[27.6421,50.1731],[27.6349,50.1885],[27.6573,50.1927],[27.6527,50.1994],[27.6591,50.2065],[27.6521,50.2084],[27.667,50.2195],[27.6819,50.2172],[27.6691,50.2258],[27.6706,50.2334],[27.6943,50.2382],[27.6983,50.227],[27.7494,50.2316],[27.7553,50.2253],[27.7722,50.2279],[27.771,50.2422],[27.7523,50.2418],[27.748,50.2496],[27.8011,50.2546],[27.8031,50.2483],[27.8436,50.2418],[27.8611,50.2416],[27.8574,50.23],[27.866,50.2267],[27.8678,50.2681],[27.8785,50.2693],[27.8873,50.2783],[27.8978,50.2764],[27.9106,50.2924],[27.9223,50.2879],[27.9713,50.2836],[27.9814,50.3306],[28.0152,50.3217],[28.0245,50.3324],[28.0472,50.3281],[28.0676,50.3402],[28.037,50.3575],[28.0432,50.3799],[28.0355,50.3865],[27.9984,50.3911],[27.9807,50.3972],[27.9436,50.3938],[27.9223,50.4026],[27.9225,50.4082],[27.9477,50.4026],[27.9594,50.4085],[27.9464,50.4261],[27.9312,50.4281],[27.931,50.4327],[27.9456,50.437],[27.936,50.4578],[27.9394,50.4744],[27.9274,50.4775],[27.9452,50.5101],[27.9407,50.5115],[27.9931,50.5202],[27.9869,50.5292],[27.9942,50.5377],[28.0159,50.5335],[28.0189,50.5421],[28.03,50.5499],[28.0457,50.5492],[28.0557,50.5609],[28.0455,50.5943],[28.0962,50.588],[28.1312,50.6029],[28.1538,50.6045],[28.1589,50.6094],[28.1779,50.6097],[28.2216,50.6304],[28.2421,50.6315],[28.2411,50.6383],[28.2549,50.6517],[28.2784,50.6693],[28.282,50.6808],[28.26,50.6929],[28.2553,50.6989],[28.2422,50.7095],[28.2615,50.7118],[28.2619,50.7218],[28.2395,50.7288],[28.2419,50.7379],[28.2295,50.7436],[28.243,50.7539],[28.1674,50.7851],[28.1741,50.7972],[28.1502,50.8028],[28.1533,50.8171],[28.1302,50.8569],[28.1162,50.8643],[28.117,50.8714],[28.1297,50.8779],[28.1397,50.8966],[28.1636,50.9129],[28.1707,50.9229],[28.1677,50.9372],[28.1447,50.9566],[28.1406,50.9651],[28.1556,50.9668],[28.1063,50.9879],[28.1302,51.013],[28.1243,51.0254],[28.0975,51.0244],[28.0558,51.0287],[28.0439,51.0335],[28.0337,51.0492],[28.0093,51.0594],[27.9511,51.0599],[27.9499,51.0698],[27.9288,51.0493],[27.9126,51.0516],[27.9023,51.0476],[27.8753,51.0479],[27.8027,51.0538],[27.7728,51.0471],[27.7548,51.0482],[27.7638,51.0352],[27.7499,51.0293],[27.7578,51.0198],[27.7725,51.0131],[27.7483,50.9971],[27.7058,50.9971],[27.7035,51.0077],[27.6823,51.0139],[27.6609,51.0133],[27.6653,51.0382],[27.6501,51.0574],[27.6359,51.0647],[27.6247,51.0774],[27.6069,51.0802],[27.5997,51.0739],[27.5845,51.0809],[27.5859,51.056],[27.5702,51.0588],[27.5768,51.0677],[27.5631,51.0754],[27.549,51.0774],[27.4732,51.052],[27.4803,51.0454],[27.4529,51.0109],[27.445,51.0059],[27.3943,50.9971],[27.3894,50.9863],[27.3623,51.0003],[27.3538,51.011],[27.3702,51.0101],[27.3708,51.0011],[27.3843,51.002],[27.3896,51.0082],[27.423,51.0207],[27.4201,51.029],[27.446,51.0449],[27.4357,51.0549],[27.4325,51.0688],[27.4026,51.059],[27.3591,51.0592],[27.3607,51.0758],[27.3322,51.0831],[27.3253,51.0816],[27.3252,51.0712],[27.3172,51.0577],[27.3256,51.0428],[27.2797,51.0416],[27.2745,51.034],[27.2207,51.0312],[27.2279,51.0236],[27.2263,51.0089],[27.2156,51.0093],[27.201,51.001],[27.2027,50.9917],[27.2246,50.9674],[27.2243,50.9552],[27.2382,50.9477],[27.2373,50.9359],[27.2141,50.9261],[27.2244,50.9114],[27.2569,50.8956],[27.2444,50.8843],[27.2533,50.8828],[27.2441,50.8695],[27.2507,50.8589],[27.2331,50.84],[27.2422,50.8276],[27.2356,50.8119],[27.2344,50.7961],[27.2443,50.7926],[27.2384,50.7776],[27.2436,50.7702],[27.2695,50.7624],[27.2637,50.7457],[27.2749,50.721],[27.2723,50.7134],[27.2517,50.6933],[27.2449,50.6742],[27.2223,50.6734],[27.2036,50.6649],[27.2131,50.6559],[27.2106,50.6384],[27.2035,50.6276],[27.1896,50.6253],[27.2131,50.6095],[27.226,50.6062],[27.2158,50.5889],[27.2326,50.5664],[27.1952,50.5623],[27.1965,50.5524],[27.2067,50.5321],[27.2585,50.5144],[27.2612,50.511],[27.2616,50.4979],[27.2688,50.4911],[27.2717,50.4898]]]]},"properties":{"key":"новоград-волинський","name":"Новоград-Волинський район","source_group":"raion"}},{"id":"новомосковський","type":"Feature","geometry":{"type":"MultiPolygon","coordinates":[[[[35.3759,48.5264],[35.3966,48.5341],[35.403,48.5267],[35.4353,48.5377],[35.5157,48.5272],[35.518,48.5357],[35.5204,48.5323],[35.5532,48.5388],[35.5434,48.5636],[35.5395,48.5632],[35.5258,48.5997],[35.5553,48.5952],[35.55,48.6187],[35.5443,48.6177],[35.5469,48.6314],[35.5632,48.6298],[35.5673,48.6376],[35.5552,48.6425],[35.5928,48.6633],[35.5824,48.6691],[35.6033,48.6843],[35.5994,48.6875],[35.6185,48.7015],[35.6259,48.6999],[35.6358,48.7069],[35.6425,48.705],[35.6745,48.7331],[35.6765,48.7385],[35.6768,48.7605],[35.6608,48.7693],[35.666,48.7812],[35.6824,48.7949],[35.6705,48.8021],[35.6794,48.8111],[35.647,48.8308],[35.6691,48.8482],[35.6797,48.8426],[35.6853,48.847],[35.6504,48.8694],[35.6363,48.8716],[35.6368,48.8823],[35.6439,48.888],[35.7029,48.8825],[35.7572,48.8859],[35.7548,48.8763],[35.8079,48.876],[35.8156,48.8929],[35.8112,48.9142],[35.8186,48.9245],[35.8108,48.9335],[35.8114,48.9303],[35.7996,48.9279],[35.7922,48.9362],[35.7993,48.9422],[35.7895,48.9455],[35.7901,48.9519],[35.7768,48.9486],[35.7608,48.9558],[35.7579,48.9489],[35.7391,48.9493],[35.7392,48.9622],[35.7334,48.9663],[35.7273,48.9642],[35.7202,48.9655],[35.7132,48.9578],[35.7161,48.9527],[35.7039,48.9446],[35.6971,48.9475],[35.6922,48.9445],[35.6918,48.9576],[35.6912,48.9666],[35.671,48.9719],[35.6489,48.9738],[35.6423,48.9638],[35.6306,48.9636],[35.6241,48.9715],[35.6251,48.9824],[35.6011,48.981],[35.585,48.9858],[35.576,48.9748],[35.5617,48.9738],[35.5291,48.9815],[35.53,48.9755],[35.5105,48.9832],[35.4853,48.9723],[35.4875,48.9802],[35.4778,48.9787],[35.4702,48.9856],[35.457,48.9888],[35.4603,48.9959],[35.4368,49.006],[35.4371,49.0118],[35.413,49.0134],[35.4015,49.031],[35.3843,49.0272],[35.3702,49.038],[35.3527,49.0398],[35.3398,49.0472],[35.3435,49.0534],[35.3322,49.0604],[35.3021,49.0698],[35.3118,49.0789],[35.3059,49.0904],[35.2928,49.0936],[35.2752,49.089],[35.268,49.1043],[35.2571,49.1127],[35.2387,49.1127],[35.2284,49.0994],[35.2216,49.1053],[35.1949,49.1078],[35.1986,49.119],[35.2102,49.1179],[35.2131,49.125],[35.2294,49.1258],[35.1995,49.1381],[35.1897,49.1374],[35.1952,49.1491],[35.2073,49.1494],[35.2092,49.1512],[35.1981,49.1562],[35.188,49.1618],[35.1788,49.1586],[35.1687,49.1613],[35.162,49.1605],[35.1527,49.1521],[35.1461,49.1502],[35.1324,49.153],[35.137,49.1566],[35.1239,49.164],[35.1118,49.1568],[35.0915,49.154],[35.0849,49.1412],[35.077,49.1496],[35.0812,49.16],[35.0718,49.159],[35.0734,49.1699],[35.06,49.1752],[35.0491,49.1733],[35.0441,49.1563],[35.0141,49.149],[35.0141,49.1537],[35.0083,49.1595],[34.9864,49.1683],[34.9732,49.1819],[34.9609,49.1862],[34.9476,49.1934],[34.9362,49.1814],[34.9295,49.1853],[34.9232,49.1771],[34.9201,49.156],[34.9024,49.1509],[34.8649,49.1611],[34.8706,49.1693],[34.8954,49.1682],[34.9007,49.1747],[34.8844,49.1806],[34.8582,49.1841],[34.8558,49.1903],[34.8195,49.1865],[34.8244,49.1752],[34.8112,49.1657],[34.8093,49.1755],[34.7849,49.18],[34.7714,49.171],[34.7592,49.1683],[34.7656,49.1552],[34.7659,49.1431],[34.74,49.1443],[34.7293,49.1364],[34.7059,49.1301],[34.6929,49.1351],[34.6805,49.1281],[34.6825,49.1212],[34.6625,49.1189],[34.6526,49.1242],[34.6509,49.1296],[34.6472,49.1309],[34.6347,49.1253],[34.6244,49.1246],[34.624,49.1234],[34.6405,49.104],[34.6485,49.0985],[34.6718,49.0977],[34.6716,49.0923],[34.6873,49.0727],[34.6762,49.0666],[34.6801,49.062],[34.6566,49.0525],[34.6691,49.0388],[34.6926,49.0475],[34.7394,48.9955],[34.7297,48.9903],[34.7534,48.9674],[34.7444,48.9631],[34.7582,48.9471],[34.7405,48.9403],[34.7522,48.9306],[34.7591,48.9336],[34.7891,48.9088],[34.7799,48.9036],[34.7858,48.8986],[34.7365,48.8715],[34.7378,48.8526],[34.7655,48.8449],[34.7689,48.8242],[34.7782,48.8196],[34.7731,48.7909],[34.7924,48.778],[34.7869,48.7565],[34.7963,48.7595],[34.81,48.7552],[34.8384,48.7767],[34.826,48.7833],[34.8266,48.7902],[34.8425,48.8041],[34.8491,48.8058],[34.8416,48.8226],[34.8539,48.828],[34.868,48.8282],[34.8761,48.8227],[34.8911,48.8335],[34.9075,48.8224],[34.9081,48.8157],[34.8967,48.8097],[34.9293,48.7833],[34.9476,48.7942],[34.955,48.7932],[34.9478,48.7811],[34.9538,48.7754],[34.9517,48.7659],[34.928,48.7529],[34.9382,48.7498],[34.9534,48.7334],[34.9644,48.7269],[34.9521,48.7201],[34.9447,48.7244],[34.9303,48.7208],[34.9281,48.7098],[34.9392,48.7019],[34.9719,48.722],[34.9873,48.713],[34.9809,48.7088],[35.0079,48.6924],[35.022,48.7013],[35.0679,48.7558],[35.107,48.7434],[35.1608,48.7323],[35.1551,48.707],[35.1369,48.6997],[35.1609,48.6736],[35.1318,48.6616],[35.1387,48.6489],[35.1594,48.6602],[35.1689,48.6573],[35.2005,48.6657],[35.2124,48.6521],[35.1951,48.657],[35.1848,48.6507],[35.1627,48.6116],[35.1728,48.598],[35.1442,48.5858],[35.1527,48.5794],[35.1609,48.5832],[35.1867,48.5661],[35.2345,48.5445],[35.2416,48.521],[35.2543,48.5172],[35.2806,48.4861],[35.2985,48.492],[35.3132,48.4737],[35.2877,48.4625],[35.315,48.4242],[35.3516,48.4391],[35.3478,48.4469],[35.3721,48.4552],[35.3304,48.5089],[35.3558,48.5174],[35.3668,48.505],[35.3847,48.5118],[35.3759,48.5264]]]]},"properties":{"key":"новомосковський","name":"Новомосковський район","source_group":"raion"}},{"id":"новоукраїнський","type":"Feature","geometry":{"type":"MultiPolygon","coordinates":[[[[31.4194,48.1133],[31.4178,48.1209],[31.4567,48.1272],[31.4853,48.1296],[31.4979,48.0874],[31.4736,48.0806],[31.4681,48.064],[31.4882,48.0655],[31.4923,48.0516],[31.5028,48.055],[31.5108,48.0681],[31.5525,48.0707],[31.5403,48.1081],[31.5588,48.1101],[31.5681,48.103],[31.5827,48.1057],[31.5824,48.1279],[31.6317,48.1353],[31.643,48.1152],[31.6848,48.1201],[31.6955,48.0933],[31.766,48.103],[31.7651,48.107],[31.8222,48.1141],[31.8276,48.1069],[31.8865,48.1118],[31.8828,48.1255],[31.9154,48.1293],[31.9135,48.1375],[31.97,48.1404],[31.9772,48.139],[31.9784,48.1238],[31.9985,48.1264],[32.0124,48.1315],[32.0271,48.1318],[32.0256,48.1373],[32.0125,48.134],[32.0077,48.1504],[31.9947,48.1483],[31.9922,48.1562],[31.9706,48.1529],[31.969,48.1645],[31.9516,48.1633],[31.9434,48.1874],[31.9565,48.1902],[31.9447,48.2178],[31.938,48.2205],[31.9241,48.2419],[31.9126,48.2737],[31.9334,48.278],[31.93,48.3139],[31.9394,48.314],[31.9349,48.3347],[31.9437,48.3365],[31.9335,48.3685],[31.9265,48.3688],[31.9185,48.4415],[31.8861,48.439],[31.8808,48.4699],[31.8681,48.4771],[31.8535,48.476],[31.8571,48.4962],[31.8713,48.4959],[31.8722,48.53],[31.9014,48.5422],[31.9194,48.5366],[31.9252,48.5407],[31.9421,48.5398],[31.9572,48.5336],[31.9448,48.5429],[31.9417,48.5622],[31.9155,48.58],[31.9505,48.5947],[31.966,48.5975],[31.9696,48.5899],[31.9856,48.5991],[31.9814,48.6085],[31.9719,48.6061],[31.9548,48.646],[31.9411,48.6544],[31.9587,48.6676],[31.9443,48.6949],[31.9524,48.6977],[31.9608,48.6883],[31.9745,48.6875],[32.0177,48.6924],[32.0162,48.7],[32.0751,48.7127],[32.053,48.7286],[32.0481,48.7385],[32.0586,48.7421],[32.0468,48.7453],[32.0163,48.7994],[31.9537,48.8057],[31.9025,48.8131],[31.9171,48.8242],[31.9167,48.8348],[31.9268,48.8476],[31.9071,48.8753],[31.9121,48.8876],[31.9187,48.8968],[31.9175,48.9071],[31.8759,48.919],[31.837,48.9355],[31.8264,48.9354],[31.8071,48.9443],[31.7971,48.9405],[31.7683,48.9342],[31.7535,48.9264],[31.7263,48.9346],[31.6996,48.9318],[31.6983,48.9184],[31.6884,48.8963],[31.6799,48.9012],[31.6442,48.9005],[31.639,48.9076],[31.6208,48.9055],[31.6007,48.8941],[31.5821,48.8872],[31.5786,48.8923],[31.593,48.9056],[31.5814,48.9112],[31.5694,48.9013],[31.5783,48.8955],[31.5693,48.8905],[31.5786,48.885],[31.5834,48.8738],[31.5593,48.8628],[31.5695,48.8573],[31.5576,48.8381],[31.5595,48.8292],[31.5287,48.8169],[31.5288,48.8043],[31.4692,48.7878],[31.4253,48.7631],[31.438,48.7542],[31.4242,48.7435],[31.4199,48.7564],[31.4108,48.7549],[31.4134,48.7478],[31.3938,48.7354],[31.3944,48.748],[31.388,48.7431],[31.3847,48.7291],[31.371,48.7306],[31.3696,48.7318],[31.37,48.7342],[31.3646,48.7414],[31.3566,48.7432],[31.3547,48.7279],[31.3305,48.7259],[31.3197,48.7319],[31.3253,48.7356],[31.3133,48.7484],[31.3135,48.7564],[31.2929,48.7572],[31.2714,48.7543],[31.2528,48.7427],[31.2584,48.7319],[31.2516,48.7297],[31.2657,48.6961],[31.2455,48.6918],[31.2332,48.7141],[31.1788,48.6973],[31.1897,48.6923],[31.1853,48.6868],[31.1464,48.6727],[31.1999,48.6011],[31.1621,48.5961],[31.1636,48.5925],[31.1378,48.5916],[31.1341,48.5966],[31.11,48.5921],[31.0984,48.6117],[31.0635,48.6043],[30.9835,48.6034],[30.9841,48.554],[30.9225,48.5529],[30.9316,48.523],[30.8837,48.5212],[30.8823,48.4941],[30.8477,48.4642],[30.8324,48.4627],[30.8256,48.4662],[30.8084,48.4536],[30.8229,48.4424],[30.8384,48.4401],[30.8403,48.432],[30.8254,48.4161],[30.8462,48.3934],[30.8436,48.3831],[30.8517,48.3776],[30.9024,48.3834],[30.8995,48.3897],[30.9336,48.3961],[30.9389,48.3832],[30.9691,48.3873],[30.9729,48.3775],[31.0003,48.3799],[31.0071,48.3475],[31.0205,48.3486],[31.027,48.3209],[31.0348,48.3164],[31.0165,48.3135],[31.0213,48.2951],[31.0622,48.2997],[31.0688,48.2959],[31.1248,48.3023],[31.1322,48.284],[31.1228,48.2825],[31.117,48.2713],[31.0911,48.2671],[31.0995,48.2573],[31.1037,48.2394],[31.0872,48.237],[31.0909,48.2244],[31.138,48.2297],[31.1404,48.2221],[31.1631,48.2226],[31.1915,48.1935],[31.1764,48.1829],[31.1984,48.1697],[31.2198,48.1719],[31.2361,48.1166],[31.2546,48.1235],[31.308,48.1353],[31.3187,48.1363],[31.3232,48.1139],[31.3471,48.1191],[31.3669,48.1202],[31.382,48.1323],[31.3883,48.1313],[31.3955,48.1089],[31.4194,48.1133]]]]},"properties":{"key":"новоукраїнський","name":"Новоукраїнський район","source_group":"raion"}},{"id":"обухівський","type":"Feature","geometry":{"type":"MultiPolygon","coordinates":[[[[31.0063,49.4333],[31.0062,49.4507],[31.0298,49.4719],[31.0326,49.4712],[31.0375,49.4593],[31.0457,49.4567],[31.039,49.4707],[31.0481,49.4783],[31.0843,49.4896],[31.0946,49.4978],[31.0944,49.5173],[31.104,49.5317],[31.0992,49.5409],[31.1106,49.5569],[31.1211,49.5601],[31.1389,49.5516],[31.1436,49.5575],[31.1534,49.556],[31.149,49.5685],[31.1386,49.5711],[31.1498,49.5817],[31.1276,49.5829],[31.1434,49.613],[31.1571,49.6325],[31.202,49.6748],[31.1982,49.6843],[31.2058,49.692],[31.2135,49.6856],[31.2202,49.6938],[31.1992,49.7014],[31.2134,49.7313],[31.2209,49.7335],[31.2091,49.7556],[31.2154,49.7772],[31.1895,49.7896],[31.2062,49.8092],[31.221,49.833],[31.2071,49.8498],[31.2449,49.8659],[31.2623,49.8587],[31.2924,49.8836],[31.3151,49.8883],[31.3163,49.892],[31.374,49.8987],[31.3808,49.9072],[31.3509,49.9364],[31.3375,49.9384],[31.3371,49.9448],[31.3507,49.9507],[31.3122,49.9651],[31.2957,49.9574],[31.2924,49.9614],[31.3163,49.9758],[31.3097,49.9801],[31.2993,49.9754],[31.2887,49.974],[31.2807,49.9482],[31.2565,49.9359],[31.2259,49.9404],[31.1813,49.9509],[31.1575,49.9591],[31.1392,49.9739],[31.1357,49.9831],[31.1263,49.9864],[31.085,49.9805],[31.069,49.9751],[31.047,50.0001],[31.0113,50.0202],[30.9984,50.0304],[30.9722,50.0456],[30.9636,50.0544],[30.9637,50.0669],[30.9482,50.0816],[30.9278,50.0875],[30.9224,50.1038],[30.8964,50.1296],[30.8816,50.1412],[30.8574,50.1495],[30.8242,50.1486],[30.8164,50.157],[30.8005,50.1637],[30.7848,50.1588],[30.7741,50.1603],[30.7648,50.1751],[30.7498,50.1838],[30.7423,50.1926],[30.7501,50.2041],[30.7446,50.2113],[30.7145,50.2152],[30.7079,50.2191],[30.7205,50.2376],[30.7114,50.251],[30.7044,50.2559],[30.6916,50.2613],[30.678,50.2594],[30.6574,50.2668],[30.6445,50.2674],[30.6428,50.2802],[30.6104,50.2807],[30.6173,50.2658],[30.6337,50.2469],[30.6463,50.2395],[30.6369,50.2353],[30.6438,50.2259],[30.5925,50.213],[30.5867,50.2439],[30.5744,50.2595],[30.5531,50.2589],[30.5536,50.27],[30.5429,50.2763],[30.5464,50.291],[30.5276,50.2907],[30.534,50.2976],[30.5336,50.3171],[30.5092,50.3262],[30.4962,50.3219],[30.4884,50.3268],[30.4974,50.3325],[30.486,50.3361],[30.4752,50.3334],[30.4745,50.3417],[30.458,50.3424],[30.4481,50.335],[30.4382,50.3345],[30.4285,50.3251],[30.4333,50.3199],[30.417,50.3195],[30.422,50.3086],[30.438,50.307],[30.4258,50.3031],[30.4266,50.2954],[30.4079,50.2963],[30.3918,50.2934],[30.3979,50.2839],[30.3884,50.2832],[30.3849,50.2728],[30.3954,50.2666],[30.3863,50.2567],[30.4018,50.2521],[30.3978,50.2444],[30.386,50.2405],[30.392,50.2306],[30.4049,50.2295],[30.4,50.2242],[30.4254,50.2142],[30.4141,50.2035],[30.4165,50.1974],[30.3904,50.197],[30.3909,50.168],[30.3706,50.1687],[30.3617,50.1753],[30.3523,50.1713],[30.3392,50.1745],[30.3341,50.1829],[30.3406,50.1955],[30.3253,50.2006],[30.3323,50.2086],[30.3262,50.226],[30.2954,50.2268],[30.3091,50.2172],[30.3078,50.1973],[30.2984,50.199],[30.2835,50.1883],[30.2461,50.2111],[30.2518,50.2158],[30.2416,50.2214],[30.2347,50.2166],[30.2319,50.2152],[30.2346,50.2015],[30.2211,50.1897],[30.2083,50.1887],[30.2081,50.1796],[30.2404,50.1803],[30.2396,50.165],[30.2533,50.1557],[30.2395,50.1458],[30.2143,50.1501],[30.2057,50.14],[30.2188,50.1347],[30.2193,50.128],[30.1987,50.1182],[30.2085,50.1051],[30.2237,50.107],[30.2351,50.0902],[30.276,50.0547],[30.2859,50.0483],[30.2738,50.0436],[30.2916,50.0217],[30.3015,50.0148],[30.3134,50.0183],[30.3451,49.9983],[30.3392,49.9947],[30.3692,49.9858],[30.3929,49.9909],[30.4045,49.987],[30.4166,49.9901],[30.4424,49.9911],[30.4538,49.9835],[30.4665,49.9827],[30.4877,49.9668],[30.4941,49.9357],[30.5145,49.9369],[30.5242,49.9417],[30.5284,49.9346],[30.5385,49.9366],[30.5306,49.9162],[30.564,49.9051],[30.5871,49.8895],[30.572,49.8702],[30.5721,49.8625],[30.5399,49.8608],[30.5418,49.8257],[30.6561,49.8371],[30.6735,49.8314],[30.7163,49.8246],[30.7176,49.7896],[30.7157,49.769],[30.7167,49.738],[30.7071,49.7383],[30.7251,49.7066],[30.7362,49.7066],[30.7449,49.6937],[30.7365,49.6863],[30.7291,49.6564],[30.7003,49.657],[30.6989,49.6388],[30.7362,49.6256],[30.722,49.6043],[30.713,49.6011],[30.707,49.6098],[30.6987,49.5997],[30.6694,49.5965],[30.6652,49.6017],[30.6482,49.6014],[30.6438,49.5971],[30.6206,49.6062],[30.6202,49.6167],[30.6191,49.6046],[30.626,49.5925],[30.6607,49.5806],[30.6522,49.5714],[30.666,49.5542],[30.689,49.5372],[30.7011,49.5118],[30.7161,49.501],[30.722,49.4902],[30.7358,49.4887],[30.7479,49.468],[30.7608,49.4674],[30.7618,49.455],[30.7685,49.464],[30.7926,49.4559],[30.7831,49.4442],[30.7969,49.4448],[30.7964,49.4362],[30.9004,49.4402],[30.9238,49.433],[30.9187,49.4268],[30.9266,49.4174],[30.9634,49.4242],[30.9934,49.4228],[31.0063,49.4333]]]]},"properties":{"key":"обухівський","name":"Обухівський район","source_group":"raion"}},{"id":"одеський","type":"Feature","geometry":{"type":"MultiPolygon","coordinates":[[[[30.0795,46.3732],[30.0962,46.3757],[30.091,46.3832],[30.071,46.3968],[30.058,46.3986],[30.0218,46.3829],[29.9969,46.3894],[29.9991,46.3695],[30.0083,46.36],[30.0802,46.371],[30.0795,46.3732]]],[[[30.1862,46.4335],[30.1943,46.4457],[30.219,46.4438],[30.2463,46.4287],[30.2607,46.4139],[30.2554,46.3995],[30.2712,46.3743],[30.2841,46.3719],[30.2992,46.3478],[30.2842,46.3399],[30.2918,46.3272],[30.2731,46.3031],[30.2669,46.266],[30.3591,46.2311],[30.3809,46.2098],[30.4336,46.1485],[30.4547,46.1202],[30.4888,46.1572],[30.5013,46.1529],[30.5481,46.1858],[30.5681,46.1739],[30.5811,46.1948],[30.6124,46.2257],[30.6286,46.2462],[30.6525,46.2836],[30.662,46.2903],[30.6655,46.3014],[30.6826,46.3262],[30.7148,46.3595],[30.7422,46.3751],[30.7511,46.3763],[30.7495,46.385],[30.7553,46.4014],[30.7703,46.4331],[30.7716,46.4479],[30.7625,46.4635],[30.7653,46.4766],[30.7597,46.4835],[30.73,46.4993],[30.7292,46.5087],[30.7363,46.5277],[30.7522,46.5454],[30.7723,46.5544],[30.8093,46.5583],[30.8207,46.5513],[30.8376,46.5519],[30.8634,46.5589],[30.8762,46.5649],[30.9253,46.5784],[31.0046,46.5938],[31.0194,46.5999],[31.0965,46.6139],[31.1285,46.6163],[31.1462,46.6235],[31.1761,46.6272],[31.1771,46.6341],[31.1879,46.6426],[31.1785,46.6484],[31.1764,46.6506],[31.1801,46.6531],[31.196,46.6576],[31.1838,46.6626],[31.1785,46.6809],[31.1794,46.7089],[31.1636,46.7154],[31.1499,46.7372],[31.1511,46.746],[31.1738,46.7612],[31.1773,46.7681],[31.1561,46.7853],[31.1507,46.8051],[31.1572,46.8345],[31.139,46.8435],[31.1111,46.8445],[31.1015,46.8719],[31.0797,46.8912],[31.0628,46.8981],[31.0485,46.899],[31.0404,46.8973],[31.0391,46.8985],[31.0387,46.9104],[31.0038,46.9095],[31.0031,46.9004],[30.9774,46.8962],[30.9783,46.8886],[30.9423,46.8838],[30.9418,46.8769],[30.913,46.8735],[30.9087,46.884],[30.8988,46.8827],[30.8924,46.9016],[30.9035,46.9038],[30.8952,46.9256],[30.8643,46.9222],[30.862,46.9453],[30.8403,46.9548],[30.7957,46.9468],[30.8037,46.9178],[30.7563,46.9115],[30.7578,46.907],[30.7253,46.9016],[30.7289,46.8945],[30.7171,46.8882],[30.7091,46.8938],[30.7045,46.8814],[30.6927,46.8769],[30.6873,46.8831],[30.6949,46.9066],[30.6479,46.9142],[30.6399,46.909],[30.6379,46.8881],[30.6443,46.8685],[30.6536,46.8693],[30.6661,46.8537],[30.6729,46.8542],[30.6767,46.8391],[30.6507,46.8305],[30.6611,46.7992],[30.6529,46.7979],[30.6575,46.7814],[30.6035,46.7759],[30.5968,46.7904],[30.5946,46.7812],[30.573,46.7727],[30.5698,46.7848],[30.5594,46.7827],[30.5471,46.8104],[30.5088,46.7951],[30.4984,46.8106],[30.4877,46.8205],[30.4815,46.8397],[30.4621,46.8274],[30.4743,46.8055],[30.486,46.7917],[30.4936,46.774],[30.4936,46.7556],[30.4765,46.7509],[30.4079,46.7397],[30.3724,46.7377],[30.3671,46.7405],[30.3564,46.7323],[30.324,46.7298],[30.3317,46.707],[30.347,46.7042],[30.3688,46.7071],[30.3764,46.7021],[30.3918,46.7021],[30.401,46.6585],[30.3505,46.6542],[30.3652,46.6304],[30.3761,46.6178],[30.3443,46.6154],[30.3386,46.6393],[30.2822,46.6326],[30.2762,46.6468],[30.3269,46.652],[30.3175,46.6903],[30.2502,46.6831],[30.2487,46.6875],[30.2013,46.6814],[30.1284,46.6751],[30.1524,46.6285],[29.9551,46.6333],[29.954,46.62],[29.9678,46.5975],[29.9632,46.5845],[29.9359,46.5889],[29.9389,46.5683],[29.9483,46.5684],[29.9452,46.5551],[29.8759,46.5466],[29.8879,46.547],[29.9023,46.5328],[29.8953,46.5276],[29.913,46.5216],[29.9048,46.5165],[29.9122,46.5126],[29.9274,46.5129],[29.923,46.5047],[29.9443,46.4944],[29.9643,46.5044],[29.9525,46.4908],[29.9662,46.4938],[29.9712,46.5016],[29.9826,46.4989],[29.9864,46.5101],[29.9923,46.5014],[29.9872,46.4941],[30.0007,46.4957],[29.9895,46.4856],[29.9948,46.4735],[30.0192,46.4716],[30.0207,46.4648],[29.9984,46.4646],[29.994,46.4617],[30.0083,46.4534],[30.0258,46.4531],[30.0228,46.4418],[30.0624,46.443],[30.0546,46.4353],[30.0594,46.4263],[30.0779,46.4238],[30.0858,46.4352],[30.0903,46.4271],[30.098,46.4277],[30.0888,46.439],[30.097,46.4399],[30.1045,46.4278],[30.116,46.431],[30.134,46.4178],[30.1301,46.4115],[30.1457,46.4152],[30.1487,46.4281],[30.1597,46.4284],[30.1596,46.4179],[30.1709,46.4158],[30.174,46.4206],[30.168,46.4347],[30.1737,46.4358],[30.1862,46.4335]]]]},"properties":{"key":"одеський","name":"Одеський район","source_group":"raion"}},{"id":"олександрійський","type":"Feature","geometry":{"type":"MultiPolygon","coordinates":[[[[33.2135,48.1708],[33.2438,48.1729],[33.2481,48.1523],[33.2725,48.1546],[33.2716,48.1387],[33.2771,48.1037],[33.2912,48.1023],[33.3028,48.1187],[33.3155,48.119],[33.317,48.1258],[33.3084,48.1291],[33.2917,48.1513],[33.3155,48.1524],[33.316,48.1591],[33.3563,48.1599],[33.3605,48.1639],[33.3818,48.167],[33.4102,48.1675],[33.431,48.1708],[33.4299,48.1883],[33.4773,48.1934],[33.4764,48.2],[33.4964,48.2028],[33.5021,48.2328],[33.5124,48.2317],[33.5242,48.2233],[33.5366,48.2269],[33.5362,48.2326],[33.5464,48.2375],[33.5402,48.2529],[33.5344,48.2559],[33.5314,48.2765],[33.5136,48.2788],[33.5185,48.2846],[33.5093,48.2932],[33.5165,48.3285],[33.5039,48.3322],[33.4973,48.329],[33.4707,48.3257],[33.4761,48.3485],[33.4622,48.3496],[33.4593,48.3594],[33.4745,48.3695],[33.4682,48.3705],[33.4686,48.384],[33.4825,48.388],[33.4827,48.3934],[33.4977,48.3938],[33.4969,48.4043],[33.4872,48.4042],[33.4876,48.4288],[33.4829,48.4727],[33.4692,48.5336],[33.4802,48.536],[33.4721,48.5457],[33.4834,48.5486],[33.4821,48.5569],[33.5012,48.56],[33.5101,48.5576],[33.5095,48.5684],[33.5838,48.5754],[33.589,48.5602],[33.6217,48.5671],[33.6097,48.5988],[33.6259,48.6015],[33.6289,48.5973],[33.6492,48.5992],[33.6586,48.5863],[33.7235,48.6145],[33.7428,48.6154],[33.7615,48.625],[33.7552,48.6563],[33.8004,48.6619],[33.8043,48.6879],[33.7504,48.6814],[33.7466,48.694],[33.7297,48.6924],[33.6831,48.7228],[33.6503,48.7212],[33.6485,48.7256],[33.6197,48.7268],[33.6078,48.7523],[33.5928,48.748],[33.5858,48.7541],[33.5782,48.7811],[33.5883,48.7809],[33.5823,48.7967],[33.6025,48.7991],[33.6053,48.7921],[33.6186,48.7889],[33.6571,48.7929],[33.6731,48.8151],[33.6908,48.8091],[33.7043,48.8139],[33.7199,48.8087],[33.7236,48.7872],[33.743,48.7894],[33.7495,48.7953],[33.7711,48.7983],[33.7727,48.7919],[33.795,48.7941],[33.7922,48.8001],[33.8096,48.8029],[33.8191,48.7765],[33.8293,48.7707],[33.8483,48.7715],[33.8524,48.7789],[33.8486,48.8017],[33.8625,48.8366],[33.8752,48.8433],[33.8897,48.8886],[33.8919,48.903],[33.862,48.9136],[33.835,48.931],[33.8085,48.9383],[33.7775,48.9406],[33.7581,48.946],[33.739,48.9413],[33.7171,48.94],[33.6946,48.9477],[33.6688,48.9691],[33.664,48.9791],[33.6366,48.9739],[33.6336,48.9616],[33.6128,48.9478],[33.5991,48.9426],[33.611,48.9382],[33.5894,48.917],[33.5667,48.9188],[33.5725,48.9117],[33.5468,48.9134],[33.5373,48.9308],[33.4977,48.9262],[33.4839,48.9159],[33.4749,48.915],[33.4787,48.9341],[33.473,48.9396],[33.4771,48.9521],[33.4242,48.9566],[33.4076,48.9612],[33.3993,48.952],[33.4011,48.9274],[33.3531,48.9491],[33.3477,48.9533],[33.3332,48.9482],[33.3197,48.9491],[33.3144,48.957],[33.3265,48.9608],[33.3036,48.9925],[33.2997,49.0103],[33.3324,49.0268],[33.3138,49.054],[33.2987,49.0665],[33.3078,49.0786],[33.2892,49.0835],[33.2786,49.0825],[33.2648,49.0919],[33.2745,49.0981],[33.2888,49.0969],[33.302,49.1192],[33.288,49.1237],[33.2754,49.1346],[33.2666,49.1323],[33.2617,49.149],[33.2418,49.1653],[33.2363,49.1644],[33.2443,49.1458],[33.244,49.0846],[33.2424,49.0789],[33.2268,49.0848],[33.2232,49.0774],[33.2038,49.0737],[33.1904,49.0821],[33.1972,49.0885],[33.1842,49.0976],[33.1631,49.0955],[33.1532,49.1018],[33.1559,49.113],[33.15,49.123],[33.1572,49.1281],[33.1294,49.1599],[33.1199,49.1654],[33.1079,49.1819],[33.0897,49.1831],[33.0791,49.1879],[33.0566,49.1848],[33.0323,49.186],[33.0209,49.1975],[32.9916,49.2042],[32.9833,49.2155],[32.9878,49.2283],[32.9847,49.2379],[32.9724,49.2447],[32.9287,49.2331],[32.8861,49.2354],[32.8558,49.2454],[32.8471,49.2304],[32.8162,49.215],[32.7801,49.1886],[32.7691,49.1714],[32.7582,49.1664],[32.7588,49.1567],[32.7661,49.1494],[32.7846,49.1425],[32.8894,49.1203],[32.8904,49.0963],[32.8643,49.0923],[32.8134,49.0742],[32.8299,49.0656],[32.8362,49.0332],[32.8423,49.0273],[32.8372,49.0157],[32.8259,49.0151],[32.8381,49.0086],[32.8454,49.012],[32.8598,48.9993],[32.8711,49.0006],[32.8721,48.993],[32.8434,48.9908],[32.8446,48.9812],[32.7955,48.9768],[32.7952,48.9707],[32.7329,48.9655],[32.7377,48.9445],[32.75,48.9391],[32.7391,48.936],[32.7473,48.9292],[32.7534,48.9324],[32.7691,48.9288],[32.7782,48.8911],[32.7891,48.896],[32.8068,48.8953],[32.8146,48.887],[32.8292,48.898],[32.858,48.8822],[32.8723,48.884],[32.8858,48.8164],[32.8534,48.8136],[32.8544,48.8084],[32.7848,48.8018],[32.7925,48.771],[32.8012,48.727],[32.7991,48.7232],[32.7787,48.7206],[32.7828,48.7051],[32.805,48.7051],[32.8094,48.6898],[32.7641,48.6879],[32.7702,48.6616],[32.7532,48.6597],[32.7818,48.6424],[32.7918,48.645],[32.7993,48.6221],[32.8175,48.6263],[32.8186,48.6197],[32.8503,48.6266],[32.853,48.6364],[32.856,48.6165],[32.8264,48.6122],[32.8099,48.6128],[32.8017,48.603],[32.7806,48.6056],[32.7808,48.5961],[32.7735,48.5777],[32.764,48.5768],[32.7641,48.5601],[32.7533,48.558],[32.7587,48.5444],[32.7763,48.5435],[32.7802,48.5148],[32.7723,48.5115],[32.784,48.5001],[32.7759,48.4936],[32.7779,48.4806],[32.7888,48.4747],[32.7936,48.4604],[32.7821,48.4545],[32.8427,48.4326],[32.848,48.4408],[32.8829,48.447],[32.92,48.4646],[32.9172,48.4749],[32.9572,48.4781],[32.9578,48.4761],[33.0174,48.4821],[33.0133,48.5042],[33.0465,48.5077],[33.0444,48.4952],[33.0512,48.4619],[33.0911,48.4637],[33.0944,48.4466],[33.1039,48.4475],[33.1052,48.4358],[33.0782,48.4331],[33.0835,48.4097],[33.0747,48.4025],[33.0781,48.3818],[33.0707,48.3805],[33.0679,48.3702],[33.043,48.3706],[33.0537,48.3184],[33.106,48.3237],[33.1123,48.2928],[33.1184,48.2928],[33.121,48.2757],[33.1372,48.2784],[33.1425,48.2514],[33.1479,48.2523],[33.1532,48.2316],[33.1465,48.2307],[33.1566,48.1885],[33.1554,48.1847],[33.1383,48.183],[33.1463,48.1524],[33.1631,48.1533],[33.1651,48.1425],[33.1854,48.1449],[33.1853,48.1582],[33.2158,48.1614],[33.2135,48.1708]]]]},"properties":{"key":"олександрійський","name":"Олександрійський район","source_group":"raion"}},{"id":"охтирський","type":"Feature","geometry":{"type":"MultiPolygon","coordinates":[[[[34.7069,50.1526],[34.7191,50.1509],[34.7214,50.1572],[34.7325,50.1609],[34.7497,50.158],[34.7509,50.1528],[34.7395,50.1445],[34.766,50.1466],[34.7827,50.1535],[34.8008,50.1546],[34.7992,50.1594],[34.8208,50.1605],[34.834,50.1569],[34.8477,50.1659],[34.858,50.1622],[34.8924,50.1606],[34.9395,50.1517],[34.9744,50.1589],[34.9615,50.1854],[34.9768,50.1825],[34.9978,50.1832],[35.0067,50.1777],[35.0084,50.1853],[35.0316,50.1804],[35.031,50.1674],[35.0427,50.1654],[35.077,50.2012],[35.0702,50.2067],[35.1056,50.2146],[35.1278,50.2259],[35.1492,50.2417],[35.1901,50.2286],[35.1998,50.2351],[35.2356,50.2282],[35.2397,50.2359],[35.2604,50.235],[35.2611,50.2575],[35.2685,50.2655],[35.2995,50.2626],[35.3317,50.2759],[35.297,50.2892],[35.33,50.3186],[35.3822,50.2956],[35.3855,50.3058],[35.3792,50.3203],[35.4095,50.3215],[35.4224,50.334],[35.4394,50.3168],[35.4611,50.3146],[35.4594,50.3092],[35.4963,50.2931],[35.5046,50.3006],[35.5251,50.2903],[35.5356,50.3004],[35.5167,50.3174],[35.5583,50.3215],[35.5716,50.3194],[35.5925,50.3306],[35.6301,50.3244],[35.6236,50.3205],[35.6509,50.3096],[35.6611,50.3259],[35.6737,50.3256],[35.6777,50.3336],[35.689,50.3347],[35.6931,50.3454],[35.6803,50.3426],[35.6538,50.3468],[35.6586,50.351],[35.6287,50.3541],[35.6267,50.3518],[35.6011,50.3669],[35.612,50.3745],[35.5978,50.3829],[35.5939,50.3924],[35.5841,50.3922],[35.584,50.43],[35.5878,50.4309],[35.5868,50.4488],[35.5748,50.4569],[35.5645,50.4513],[35.5532,50.4577],[35.5378,50.4594],[35.5329,50.4653],[35.5029,50.4802],[35.477,50.4882],[35.4578,50.513],[35.4363,50.5302],[35.439,50.5426],[35.4057,50.5536],[35.3915,50.5377],[35.3348,50.546],[35.3168,50.5383],[35.3238,50.5238],[35.3175,50.5248],[35.3037,50.5439],[35.2941,50.5504],[35.2992,50.5395],[35.2944,50.5275],[35.281,50.5273],[35.2757,50.5193],[35.2643,50.5177],[35.2618,50.5232],[35.2726,50.5284],[35.268,50.5366],[35.2494,50.5416],[35.2711,50.5405],[35.2729,50.5622],[35.2667,50.5671],[35.2723,50.5814],[35.2472,50.5878],[35.2316,50.5719],[35.1983,50.5764],[35.1878,50.5709],[35.1579,50.5809],[35.1632,50.588],[35.1506,50.5914],[35.1648,50.5934],[35.1698,50.609],[35.1785,50.6147],[35.1726,50.6195],[35.1779,50.6313],[35.1942,50.6477],[35.2027,50.6484],[35.1812,50.6731],[35.1699,50.6733],[35.1648,50.6846],[35.1536,50.6871],[35.1497,50.6791],[35.1305,50.6767],[35.1131,50.668],[35.0922,50.6747],[35.0924,50.6801],[35.0602,50.687],[35.0633,50.6799],[35.0432,50.6877],[35.0311,50.6767],[35.0231,50.6789],[35.0211,50.6958],[35.033,50.7013],[35.0567,50.7035],[35.0717,50.6916],[35.0756,50.6997],[35.0687,50.7034],[35.0768,50.7114],[35.0861,50.7092],[35.0937,50.7155],[35.0623,50.7284],[35.0176,50.738],[35.0086,50.7427],[34.9795,50.7396],[34.9748,50.7433],[34.9624,50.7371],[34.9476,50.7365],[34.9436,50.7425],[34.9262,50.7504],[34.9155,50.7486],[34.9258,50.741],[34.9229,50.7307],[34.9366,50.7277],[34.9282,50.7235],[34.938,50.7222],[34.9333,50.717],[34.9436,50.721],[34.9382,50.7156],[34.9366,50.6979],[34.928,50.6957],[34.9036,50.6757],[34.8876,50.6734],[34.8844,50.6663],[34.8706,50.6407],[34.8652,50.6237],[34.8467,50.6213],[34.8288,50.6068],[34.8114,50.6068],[34.7908,50.5988],[34.7976,50.5942],[34.7811,50.5855],[34.7735,50.5654],[34.7649,50.5631],[34.7516,50.5706],[34.7289,50.5692],[34.734,50.5547],[34.7277,50.5356],[34.7203,50.5253],[34.7119,50.5281],[34.7141,50.5189],[34.6646,50.5063],[34.6286,50.4933],[34.6333,50.491],[34.6042,50.4765],[34.5878,50.4721],[34.5775,50.4505],[34.5634,50.4519],[34.5461,50.4483],[34.514,50.45],[34.5086,50.4329],[34.5026,50.4328],[34.4927,50.4135],[34.4791,50.3998],[34.4912,50.3949],[34.4854,50.3887],[34.4724,50.3945],[34.4559,50.3863],[34.4254,50.3818],[34.4063,50.3766],[34.396,50.3676],[34.3893,50.3675],[34.3784,50.3592],[34.3838,50.3583],[34.3929,50.3455],[34.4114,50.337],[34.4,50.3191],[34.4574,50.2855],[34.464,50.2884],[34.5095,50.2853],[34.5189,50.2812],[34.5119,50.2756],[34.5214,50.2619],[34.5141,50.2509],[34.5289,50.241],[34.5349,50.2488],[34.5517,50.2452],[34.5553,50.2336],[34.5635,50.2356],[34.5712,50.2265],[34.559,50.2068],[34.553,50.2062],[34.5243,50.1787],[34.537,50.1711],[34.5284,50.1554],[34.5369,50.1554],[34.5385,50.1415],[34.5459,50.1326],[34.5725,50.121],[34.5803,50.1287],[34.5937,50.1277],[34.598,50.1223],[34.623,50.1178],[34.6325,50.1117],[34.6536,50.1148],[34.6628,50.1106],[34.6768,50.1338],[34.6767,50.111],[34.6999,50.1113],[34.6965,50.1327],[34.7028,50.1356],[34.6994,50.1492],[34.7069,50.1526]]]]},"properties":{"key":"охтирський","name":"Охтирський район","source_group":"raion"}},{"id":"павлоградський","type":"Feature","geometry":{"type":"MultiPolygon","coordinates":[[[[35.7188,48.3371],[35.7281,48.3408],[35.7495,48.3385],[35.756,48.321],[35.7485,48.3134],[35.7618,48.3104],[35.7539,48.3023],[35.7586,48.293],[35.7879,48.286],[35.7851,48.3095],[35.8149,48.3128],[35.8058,48.3548],[35.8275,48.357],[35.8239,48.3769],[35.8389,48.3801],[35.8406,48.3854],[35.8836,48.3909],[35.8664,48.4027],[35.8905,48.4094],[36.103,48.3504],[36.0462,48.4582],[36.0585,48.4513],[36.0797,48.4463],[36.0889,48.4476],[36.1063,48.4397],[36.0999,48.4264],[36.1108,48.4195],[36.1237,48.4252],[36.1249,48.4313],[36.1595,48.4396],[36.1856,48.4388],[36.2022,48.4486],[36.2091,48.4461],[36.2479,48.4794],[36.2416,48.4829],[36.2873,48.5223],[36.2958,48.5323],[36.2721,48.5443],[36.3186,48.5872],[36.2516,48.6218],[36.2596,48.6257],[36.2691,48.6409],[36.2677,48.6487],[36.2836,48.6592],[36.2664,48.6633],[36.1428,48.7242],[36.1631,48.749],[36.1404,48.7655],[36.1573,48.7682],[36.1525,48.7811],[36.157,48.7848],[36.1244,48.8083],[36.0686,48.8083],[36.0706,48.8248],[36.077,48.835],[36.0529,48.8433],[36.0406,48.8435],[36.0205,48.8543],[36.0402,48.8736],[36.0121,48.8873],[36.0436,48.9166],[35.9953,48.9399],[36.0045,48.9455],[35.9769,48.9603],[35.9893,48.9701],[35.94,48.9998],[35.9369,48.9988],[35.9351,48.9863],[35.9297,48.9802],[35.9355,48.973],[35.922,48.9741],[35.9122,48.969],[35.8835,48.9753],[35.8788,48.963],[35.8542,48.9571],[35.8561,48.9466],[35.83,48.9508],[35.8178,48.9418],[35.8108,48.9419],[35.8075,48.94],[35.8074,48.9373],[35.8186,48.9245],[35.8112,48.9142],[35.8156,48.8929],[35.8079,48.876],[35.7548,48.8763],[35.7572,48.8859],[35.7029,48.8825],[35.6439,48.888],[35.6368,48.8823],[35.6363,48.8716],[35.6504,48.8694],[35.6853,48.847],[35.6797,48.8426],[35.6691,48.8482],[35.647,48.8308],[35.6794,48.8111],[35.6705,48.8021],[35.6824,48.7949],[35.666,48.7812],[35.6608,48.7693],[35.6768,48.7605],[35.6765,48.7385],[35.675,48.7337],[35.6425,48.705],[35.6358,48.7069],[35.6259,48.6999],[35.6185,48.7015],[35.5994,48.6875],[35.6033,48.6843],[35.5824,48.6691],[35.5928,48.6633],[35.5552,48.6425],[35.5673,48.6376],[35.5632,48.6298],[35.5469,48.6314],[35.5443,48.6177],[35.55,48.6187],[35.5553,48.5952],[35.5258,48.5997],[35.5395,48.5632],[35.5434,48.5636],[35.5532,48.5388],[35.5204,48.5323],[35.5336,48.4988],[35.5657,48.5043],[35.5597,48.5202],[35.6103,48.5294],[35.6063,48.5434],[35.6193,48.5463],[35.6384,48.5234],[35.6154,48.5109],[35.6207,48.5021],[35.6479,48.4784],[35.6706,48.4912],[35.7069,48.4615],[35.7257,48.4719],[35.7328,48.4654],[35.748,48.4722],[35.7628,48.4652],[35.7927,48.4361],[35.7767,48.427],[35.7836,48.4048],[35.7333,48.4006],[35.7483,48.3862],[35.7155,48.3684],[35.7019,48.3832],[35.6915,48.3798],[35.6999,48.3692],[35.6792,48.3606],[35.7018,48.3347],[35.7085,48.3332],[35.7081,48.3359],[35.7188,48.3371]]]]},"properties":{"key":"павлоградський","name":"Павлоградський район","source_group":"raion"}},{"id":"первомайський","type":"Feature","geometry":{"type":"MultiPolygon","coordinates":[[[[30.7771,47.6473],[30.7525,47.6898],[30.7401,47.7004],[30.7549,47.7025],[30.7462,47.7131],[30.7685,47.7213],[30.7675,47.7324],[30.7915,47.7393],[30.7839,47.7669],[30.759,47.7635],[30.7513,47.7892],[30.7801,47.7929],[30.7722,47.8209],[30.8473,47.832],[30.8486,47.8405],[30.8687,47.8463],[30.8658,47.8514],[30.8827,47.8565],[30.8859,47.8507],[30.9354,47.8651],[30.937,47.8606],[30.9735,47.8653],[30.972,47.8716],[30.9952,47.8747],[30.9982,47.868],[31.048,47.8751],[31.0477,47.8847],[31.0882,47.8911],[31.0966,47.8777],[31.1132,47.8812],[31.0999,47.8922],[31.0952,47.9019],[31.1886,47.9152],[31.1914,47.9104],[31.2417,47.9184],[31.2536,47.8904],[31.231,47.8838],[31.2134,47.8821],[31.2194,47.865],[31.2321,47.8539],[31.225,47.8479],[31.2327,47.8319],[31.2245,47.8315],[31.2365,47.8242],[31.2326,47.8167],[31.2463,47.8104],[31.2575,47.8105],[31.2614,47.8377],[31.2673,47.8374],[31.2728,47.8506],[31.3024,47.8549],[31.2992,47.8455],[31.3136,47.8353],[31.3048,47.833],[31.2943,47.8429],[31.2932,47.8513],[31.2756,47.8488],[31.2663,47.8337],[31.2569,47.7977],[31.2592,47.7866],[31.2766,47.7649],[31.2924,47.7497],[31.3841,47.7632],[31.3747,47.7868],[31.4089,47.7924],[31.4175,47.7711],[31.4519,47.7769],[31.4418,47.807],[31.455,47.8094],[31.4462,47.8457],[31.4781,47.8502],[31.4428,47.972],[31.4407,47.9718],[31.4346,48.0014],[31.4226,47.9987],[31.4191,48.0164],[31.406,48.0149],[31.401,48.0377],[31.413,48.0394],[31.3992,48.0965],[31.4082,48.0981],[31.4031,48.11],[31.3955,48.1089],[31.3883,48.1313],[31.382,48.1323],[31.3669,48.1202],[31.3471,48.1191],[31.3232,48.1139],[31.3187,48.1363],[31.308,48.1353],[31.2546,48.1235],[31.2361,48.1166],[31.2198,48.1719],[31.1984,48.1697],[31.1764,48.1829],[31.1915,48.1935],[31.1631,48.2226],[31.1404,48.2221],[31.138,48.2297],[31.0564,48.2205],[31.0533,48.2317],[31.0427,48.2313],[30.9795,48.2226],[30.9895,48.1859],[30.9574,48.183],[30.9441,48.1851],[30.9306,48.1812],[30.9295,48.1675],[30.9053,48.1646],[30.8918,48.1664],[30.8756,48.1619],[30.8547,48.1632],[30.848,48.1843],[30.8274,48.1824],[30.8228,48.1916],[30.8156,48.1787],[30.8159,48.1698],[30.7934,48.1683],[30.7865,48.1921],[30.7223,48.1878],[30.7173,48.1956],[30.69,48.1893],[30.6476,48.1848],[30.6557,48.173],[30.6213,48.1664],[30.6213,48.1577],[30.5542,48.1564],[30.5489,48.1644],[30.5247,48.1776],[30.5043,48.1592],[30.4998,48.1698],[30.4696,48.1633],[30.4366,48.1716],[30.4147,48.1627],[30.3926,48.1656],[30.3845,48.1744],[30.3669,48.1743],[30.3588,48.1688],[30.3483,48.1664],[30.3289,48.1602],[30.3291,48.1483],[30.3238,48.1426],[30.3073,48.1419],[30.3133,48.1163],[30.3568,48.1117],[30.3567,48.1026],[30.3273,48.0976],[30.3257,48.1034],[30.3141,48.1058],[30.322,48.095],[30.2989,48.0976],[30.2826,48.0925],[30.2817,48.0849],[30.2496,48.0892],[30.2451,48.0781],[30.2345,48.0706],[30.208,48.0669],[30.2245,48.0562],[30.2337,48.0596],[30.2564,48.0281],[30.258,48.0219],[30.2257,48.0127],[30.2498,47.9819],[30.2456,47.968],[30.28,47.951],[30.3087,47.9297],[30.2988,47.9241],[30.3212,47.8362],[30.3333,47.8089],[30.4223,47.8204],[30.428,47.801],[30.4376,47.8018],[30.4402,47.7888],[30.4166,47.7871],[30.4244,47.7612],[30.3965,47.7581],[30.3894,47.753],[30.3936,47.7336],[30.4146,47.6714],[30.4101,47.6708],[30.4199,47.6347],[30.4627,47.6409],[30.4711,47.617],[30.557,47.6309],[30.5597,47.6261],[30.573,47.6263],[30.612,47.6354],[30.6166,47.6244],[30.6629,47.6345],[30.6653,47.6184],[30.6596,47.6174],[30.6594,47.6008],[30.6971,47.6017],[30.7188,47.6082],[30.7084,47.6384],[30.7771,47.6473]]]]},"properties":{"key":"первомайський","name":"Первомайський район","source_group":"raion"}},{"id":"подільський","type":"Feature","geometry":{"type":"MultiPolygon","coordinates":[[[[28.856,48.0799],[28.8409,48.0789],[28.8495,48.0705],[28.8434,48.0656],[28.8519,48.0607],[28.8395,48.0346],[28.8557,48.0269],[28.8873,48.006],[28.8776,48.0007],[28.9259,47.9599],[28.9613,47.9792],[28.9934,47.9618],[29.0129,47.9558],[29.0327,47.9426],[29.0392,47.9467],[29.0516,47.9427],[29.0865,47.9466],[29.0777,47.9703],[29.091,47.9683],[29.0979,47.96],[29.096,47.9734],[29.0837,47.9773],[29.0922,47.9828],[29.1308,47.9823],[29.1248,47.9936],[29.175,47.9937],[29.1795,47.9666],[29.1851,47.9644],[29.1925,47.9196],[29.2005,47.8842],[29.2131,47.8857],[29.2161,47.8959],[29.2235,47.8909],[29.2157,47.8858],[29.2729,47.8903],[29.2813,47.888],[29.2668,47.8753],[29.2398,47.8656],[29.2358,47.8589],[29.2239,47.8548],[29.2153,47.8406],[29.2068,47.8353],[29.1989,47.8181],[29.2192,47.7983],[29.2326,47.7973],[29.247,47.811],[29.2764,47.8019],[29.2483,47.7512],[29.2152,47.7386],[29.2044,47.7191],[29.2225,47.6975],[29.231,47.6838],[29.2194,47.6825],[29.2196,47.6581],[29.2095,47.658],[29.2091,47.6422],[29.234,47.6425],[29.2191,47.627],[29.2093,47.6286],[29.2175,47.6121],[29.2006,47.6024],[29.2034,47.5978],[29.186,47.5861],[29.1844,47.5719],[29.1709,47.5676],[29.1665,47.5713],[29.1171,47.5543],[29.1516,47.5066],[29.185,47.5188],[29.1827,47.4931],[29.1908,47.4895],[29.184,47.4799],[29.1877,47.4752],[29.1574,47.4592],[29.1621,47.4527],[29.1855,47.4653],[29.1933,47.4599],[29.1819,47.449],[29.1879,47.439],[29.1832,47.436],[29.1919,47.4255],[29.2422,47.4619],[29.2439,47.4152],[29.2725,47.4347],[29.2891,47.4365],[29.3174,47.4492],[29.3372,47.3702],[29.3908,47.3798],[29.3979,47.3536],[29.3834,47.3448],[29.3983,47.3003],[29.4234,47.3049],[29.4269,47.2921],[29.446,47.2945],[29.4448,47.2997],[29.4857,47.3057],[29.4832,47.3324],[29.4917,47.3492],[29.4873,47.3559],[29.517,47.3646],[29.5735,47.3704],[29.5699,47.3888],[29.5826,47.3903],[29.5773,47.4175],[29.6094,47.4206],[29.6028,47.4367],[29.6193,47.4455],[29.6156,47.4528],[29.6078,47.4539],[29.598,47.4564],[29.5913,47.4516],[29.576,47.4589],[29.5721,47.4747],[29.5855,47.4775],[29.5836,47.4929],[29.6017,47.4956],[29.6003,47.5091],[29.7126,47.5232],[29.7184,47.5194],[29.7682,47.5262],[29.8259,47.5317],[29.8451,47.4696],[29.8892,47.4748],[29.8924,47.4603],[29.9398,47.4663],[29.9492,47.4382],[29.9767,47.4382],[29.9775,47.4348],[29.9982,47.4396],[30.0424,47.4424],[30.0544,47.441],[30.0556,47.4356],[30.1058,47.4412],[30.1206,47.4519],[30.1251,47.4621],[30.1381,47.4667],[30.1276,47.4807],[30.1178,47.4797],[30.1132,47.4956],[30.1643,47.5026],[30.1563,47.5327],[30.1689,47.5321],[30.2249,47.5406],[30.2186,47.545],[30.2219,47.5536],[30.2761,47.5662],[30.2947,47.5657],[30.2971,47.5577],[30.4834,47.5818],[30.4627,47.6409],[30.4199,47.6347],[30.4101,47.6708],[30.4146,47.6714],[30.3936,47.7336],[30.3894,47.753],[30.3965,47.7581],[30.4244,47.7612],[30.4166,47.7871],[30.4402,47.7888],[30.4376,47.8018],[30.428,47.801],[30.4223,47.8204],[30.3333,47.8089],[30.3212,47.8362],[30.2988,47.9241],[30.3087,47.9297],[30.28,47.951],[30.2456,47.968],[30.2498,47.9819],[30.2257,48.0127],[30.258,48.0219],[30.2564,48.0281],[30.2337,48.0596],[30.2245,48.0562],[30.208,48.0669],[30.2345,48.0706],[30.2451,48.0781],[30.2496,48.0892],[30.2817,48.0849],[30.2826,48.0925],[30.2989,48.0976],[30.322,48.095],[30.3141,48.1058],[30.3257,48.1034],[30.3273,48.0976],[30.3567,48.1026],[30.3568,48.1117],[30.3133,48.1163],[30.3073,48.1419],[30.3028,48.1428],[30.2862,48.1404],[30.2622,48.1477],[30.242,48.141],[30.2129,48.1476],[30.1959,48.1489],[30.1873,48.1539],[30.1655,48.1455],[30.1524,48.1438],[30.1287,48.1472],[30.1062,48.1402],[30.0811,48.1466],[30.0662,48.1458],[30.0629,48.1514],[30.0458,48.1538],[30.0333,48.1722],[30.0329,48.179],[30.0206,48.1862],[30.0084,48.1821],[30.0008,48.1957],[30.0092,48.2086],[29.992,48.221],[29.9899,48.2304],[29.9756,48.2183],[29.9304,48.2338],[29.9044,48.2041],[29.8925,48.1835],[29.8767,48.1884],[29.8728,48.1946],[29.8597,48.2059],[29.8392,48.2139],[29.8065,48.2071],[29.794,48.2012],[29.7862,48.2079],[29.7745,48.203],[29.7642,48.2006],[29.7218,48.203],[29.6925,48.1933],[29.683,48.1872],[29.6654,48.1956],[29.6556,48.1938],[29.6751,48.1668],[29.6715,48.1255],[29.6564,48.1206],[29.6684,48.1165],[29.6642,48.1079],[29.6527,48.112],[29.6367,48.1119],[29.6391,48.1241],[29.6014,48.1325],[29.5981,48.1192],[29.5887,48.1161],[29.588,48.1019],[29.5739,48.1035],[29.5699,48.0985],[29.5427,48.101],[29.5258,48.0993],[29.5117,48.0999],[29.4931,48.1058],[29.4782,48.1081],[29.4713,48.1232],[29.4487,48.1229],[29.3913,48.114],[29.3837,48.1039],[29.3871,48.0956],[29.3741,48.0902],[29.3672,48.0946],[29.3519,48.0893],[29.3506,48.0962],[29.3343,48.0953],[29.3124,48.0864],[29.3044,48.0912],[29.2771,48.0905],[29.2642,48.0942],[29.2654,48.107],[29.2579,48.1125],[29.2364,48.1084],[29.2309,48.1035],[29.2189,48.1086],[29.2052,48.1177],[29.2038,48.12],[29.219,48.125],[29.2372,48.1216],[29.2399,48.1296],[29.2608,48.1316],[29.253,48.1379],[29.2519,48.1487],[29.2408,48.1413],[29.2129,48.1425],[29.2085,48.1339],[29.1937,48.1342],[29.1846,48.1407],[29.1655,48.1395],[29.1416,48.1408],[29.1552,48.1495],[29.1449,48.1557],[29.1308,48.1539],[29.0766,48.1937],[29.0647,48.194],[29.0626,48.1915],[29.0614,48.1839],[29.0457,48.1724],[29.0449,48.156],[29.0506,48.1499],[29.0339,48.133],[29.0322,48.1263],[29.0196,48.1297],[29.0093,48.1481],[28.9944,48.1519],[28.984,48.1451],[28.9762,48.1518],[28.944,48.1571],[28.9329,48.1261],[28.9285,48.0952],[28.8734,48.0825],[28.8741,48.0736],[28.8666,48.07],[28.856,48.0799]]]]},"properties":{"key":"подільський","name":"Подільський район","source_group":"raion"}},{"id":"покровський","type":"Feature","geometry":{"type":"MultiPolygon","coordinates":[[[[37.5221,47.8121],[37.5219,47.821],[37.5262,47.8187],[37.5405,47.8233],[37.5406,47.8393],[37.5467,47.8384],[37.5468,47.8573],[37.5426,47.8678],[37.5472,47.8678],[37.547,47.9079],[37.5403,47.9176],[37.5539,47.9318],[37.5289,47.9399],[37.5426,47.9683],[37.5601,47.9771],[37.5538,47.9794],[37.552,48.0083],[37.5619,48.0083],[37.5625,48.0361],[37.5577,48.0381],[37.5573,48.0521],[37.6144,48.0562],[37.6243,48.0061],[37.6525,47.9985],[37.6787,48.0032],[37.6696,48.0098],[37.674,48.0151],[37.6594,48.0202],[37.6562,48.0334],[37.6872,48.0542],[37.6948,48.0506],[37.7059,48.058],[37.6999,48.0621],[37.6898,48.1156],[37.7172,48.1188],[37.7161,48.1232],[37.7495,48.1249],[37.7528,48.1138],[37.7756,48.1063],[37.8013,48.1125],[37.8084,48.1198],[37.7999,48.1417],[37.7766,48.1422],[37.7751,48.1476],[37.7903,48.1627],[37.8177,48.1836],[37.8222,48.1802],[37.8479,48.1804],[37.8411,48.1631],[37.8325,48.1563],[37.8425,48.1464],[37.8727,48.1485],[37.8761,48.1399],[37.895,48.1436],[37.8955,48.1638],[37.9336,48.1725],[37.9337,48.1839],[37.948,48.1962],[37.956,48.2093],[37.9324,48.2086],[37.9214,48.212],[37.9354,48.2162],[37.9337,48.2304],[37.8941,48.2315],[37.8895,48.2496],[37.9273,48.2541],[37.9213,48.2667],[37.9089,48.2631],[37.9051,48.2888],[37.8937,48.2881],[37.887,48.2958],[37.8863,48.3073],[37.904,48.3067],[37.9064,48.3184],[37.9404,48.3237],[37.9395,48.3309],[37.9268,48.3331],[37.9224,48.342],[37.9127,48.3409],[37.9071,48.3517],[37.9033,48.3516],[37.8935,48.3563],[37.8832,48.3535],[37.8675,48.3593],[37.8514,48.3699],[37.8218,48.3677],[37.8233,48.387],[37.8066,48.3931],[37.8098,48.3861],[37.8027,48.3799],[37.8179,48.3683],[37.8489,48.3478],[37.8254,48.3478],[37.8158,48.3634],[37.8131,48.3667],[37.8027,48.3652],[37.7912,48.3763],[37.7725,48.3643],[37.7484,48.361],[37.7435,48.3564],[37.7375,48.3559],[37.7355,48.3386],[37.7487,48.3229],[37.739,48.3229],[37.7096,48.3087],[37.72,48.2637],[37.6886,48.2614],[37.6848,48.2687],[37.6409,48.2738],[37.6363,48.2817],[37.617,48.2763],[37.5996,48.2789],[37.6077,48.3079],[37.5937,48.3038],[37.5629,48.3333],[37.539,48.3398],[37.4926,48.3179],[37.4727,48.3346],[37.4846,48.3422],[37.4698,48.3532],[37.4524,48.3476],[37.4432,48.3837],[37.4531,48.3843],[37.4469,48.4113],[37.4318,48.4107],[37.4321,48.4252],[37.4448,48.4262],[37.4421,48.4436],[37.4329,48.443],[37.4288,48.458],[37.4338,48.4752],[37.3766,48.4805],[37.3611,48.4834],[37.3733,48.5006],[37.3887,48.5122],[37.3894,48.5278],[37.3978,48.5375],[37.3681,48.5365],[37.3671,48.559],[37.3463,48.5555],[37.328,48.5786],[37.3343,48.5798],[37.2975,48.5977],[37.3003,48.5693],[37.2591,48.5681],[37.2526,48.601],[37.2234,48.5983],[37.2201,48.6035],[37.2024,48.601],[37.1985,48.6085],[37.1624,48.6084],[37.164,48.5899],[37.1407,48.5975],[37.1297,48.5933],[37.1057,48.5907],[37.0995,48.6085],[37.0635,48.6014],[37.0677,48.5829],[37.0485,48.5819],[37.0566,48.5724],[37.0529,48.5596],[37.0216,48.5663],[37.0156,48.5653],[37.0166,48.551],[37.004,48.5502],[37.0045,48.5387],[36.9947,48.5372],[36.9927,48.5453],[36.9433,48.541],[36.9417,48.5345],[36.9045,48.531],[36.9069,48.5225],[36.8502,48.5174],[36.8562,48.4871],[36.83,48.4847],[36.8365,48.443],[36.8466,48.4436],[36.8511,48.4182],[36.8362,48.4207],[36.8259,48.4129],[36.8346,48.4086],[36.8212,48.4063],[36.8269,48.3691],[36.8129,48.3662],[36.8155,48.3486],[36.8088,48.3476],[36.8171,48.3122],[36.871,48.3168],[36.874,48.3054],[36.9119,48.309],[36.9365,48.1941],[36.9054,48.1929],[36.8929,48.1797],[36.873,48.1833],[36.8955,48.0771],[36.8811,48.0641],[36.8812,48.0626],[36.9923,48.0726],[36.9915,48.0775],[37.1128,48.0896],[37.1115,48.0961],[37.154,48.0998],[37.1587,48.0688],[37.1543,48.0682],[37.1577,48.0428],[37.1624,48.0268],[37.177,48.0211],[37.175,48.0069],[37.1605,48.0088],[37.1406,48.0066],[37.1318,47.9958],[37.1689,47.9939],[37.1674,47.9815],[37.1577,47.982],[37.1531,47.9597],[37.1268,47.9655],[37.1188,47.9641],[37.0957,47.9687],[37.0929,47.9782],[37.0784,47.9778],[37.0758,47.973],[37.0691,47.9337],[37.1459,47.9276],[37.145,47.9167],[37.2216,47.9117],[37.2126,47.9062],[37.2065,47.8954],[37.1835,47.895],[37.1834,47.8849],[37.2074,47.8845],[37.2137,47.8766],[37.26,47.8675],[37.251,47.8347],[37.2706,47.8187],[37.2679,47.805],[37.2898,47.8038],[37.2937,47.8247],[37.3058,47.8227],[37.3084,47.8278],[37.3529,47.8199],[37.3584,47.8233],[37.41,47.8056],[37.4278,47.8055],[37.4289,47.8003],[37.4717,47.8022],[37.4721,47.8096],[37.5221,47.8121]]]]},"properties":{"key":"покровський","name":"Покровський район","source_group":"raion"}},{"id":"пологівський","type":"Feature","geometry":{"type":"MultiPolygon","coordinates":[[[[35.9195,47.0675],[35.917,47.0878],[35.8608,47.0843],[35.8574,47.1302],[35.8677,47.1327],[35.8663,47.1433],[35.8544,47.1422],[35.8527,47.1542],[35.8368,47.1645],[35.8331,47.1947],[35.983,47.1974],[35.9854,47.2238],[35.9959,47.2468],[35.9942,47.2526],[35.9728,47.2852],[35.9684,47.3015],[35.9789,47.312],[35.9746,47.3175],[36.0025,47.3417],[36.018,47.3376],[36.1045,47.3412],[36.1624,47.3258],[36.1698,47.3277],[36.1921,47.2984],[36.1811,47.2936],[36.1883,47.2826],[36.2216,47.2778],[36.2609,47.2843],[36.2714,47.2768],[36.2717,47.2838],[36.3148,47.2751],[36.3136,47.2662],[36.3445,47.2583],[36.3635,47.2957],[36.3702,47.2959],[36.4336,47.2633],[36.4477,47.2212],[36.4018,47.1752],[36.4819,47.1781],[36.491,47.116],[36.6683,47.1445],[36.6627,47.1889],[36.6857,47.1903],[36.679,47.1983],[36.7904,47.202],[36.7826,47.1938],[36.8254,47.1942],[36.8291,47.196],[36.8569,47.1956],[36.8541,47.1999],[36.8901,47.2005],[36.8827,47.2062],[36.9322,47.2067],[36.9317,47.201],[36.9634,47.2016],[36.9558,47.2287],[36.949,47.2284],[36.9446,47.2428],[36.9361,47.2922],[36.9271,47.3195],[36.9456,47.3205],[36.9473,47.3113],[37.0274,47.3142],[37.0368,47.2992],[37.0821,47.3136],[37.0806,47.3231],[37.0949,47.3259],[37.0927,47.33],[37.1235,47.3408],[37.107,47.3756],[37.1421,47.3798],[37.1513,47.3687],[37.1618,47.3417],[37.2031,47.356],[37.1949,47.373],[37.2321,47.4374],[37.236,47.4364],[37.2437,47.455],[37.2392,47.4582],[37.2449,47.469],[37.1876,47.4682],[37.1955,47.4801],[37.1794,47.4843],[37.1572,47.4555],[37.1295,47.4691],[37.0847,47.4971],[37.0772,47.4924],[37.0234,47.5511],[37.0022,47.5387],[36.9801,47.561],[36.9677,47.5545],[36.9443,47.5752],[36.8954,47.545],[36.8306,47.6235],[36.7644,47.6002],[36.7608,47.6073],[36.7466,47.6064],[36.7446,47.6221],[36.7648,47.6229],[36.765,47.6339],[36.7252,47.6309],[36.718,47.6589],[36.7545,47.6625],[36.7516,47.6665],[36.7685,47.668],[36.7743,47.6647],[36.7846,47.6734],[36.7799,47.6756],[36.7915,47.6852],[36.7132,47.6782],[36.7004,47.732],[36.6856,47.7299],[36.6721,47.7934],[36.5943,47.7838],[36.5872,47.7854],[36.5887,47.8164],[36.5993,47.8176],[36.6076,47.8378],[36.6052,47.851],[36.5213,47.8363],[36.5224,47.8282],[36.4563,47.824],[36.4135,47.8277],[36.4012,47.8306],[36.3766,47.8303],[36.3748,47.8384],[36.3247,47.8395],[36.3324,47.8206],[36.2975,47.8153],[36.2765,47.8154],[36.2669,47.8323],[36.1975,47.832],[36.1973,47.8276],[36.2044,47.8253],[36.2009,47.8115],[36.1951,47.8068],[36.1891,47.8007],[36.1761,47.7848],[36.1844,47.775],[36.1504,47.7782],[36.1257,47.7775],[36.0076,47.766],[36.0126,47.7252],[35.9735,47.721],[35.9687,47.7436],[35.958,47.7473],[35.9569,47.7541],[35.9436,47.7586],[35.9081,47.7559],[35.9109,47.7627],[35.8907,47.7654],[35.8915,47.7689],[35.8737,47.7716],[35.8415,47.7688],[35.8505,47.8113],[35.8462,47.8334],[35.8001,47.8301],[35.7875,47.8274],[35.7915,47.8039],[35.7713,47.8006],[35.7826,47.7567],[35.7795,47.7549],[35.7967,47.6735],[35.7561,47.5985],[35.7441,47.6057],[35.7358,47.603],[35.708,47.6278],[35.692,47.6208],[35.677,47.6093],[35.6268,47.5932],[35.6167,47.5878],[35.5674,47.5794],[35.5542,47.584],[35.5867,47.4431],[35.6262,47.4385],[35.6734,47.4378],[35.6816,47.4335],[35.6588,47.4158],[35.609,47.3688],[35.5763,47.333],[35.6036,47.3122],[35.5947,47.3066],[35.5733,47.2832],[35.5852,47.2785],[35.5764,47.2662],[35.5525,47.2748],[35.5231,47.2451],[35.5118,47.2494],[35.5043,47.2371],[35.5112,47.2341],[35.4896,47.2009],[35.5066,47.1971],[35.4917,47.1608],[35.4572,47.1701],[35.4511,47.1597],[35.5091,47.1442],[35.5093,47.1273],[35.5001,47.114],[35.5062,47.1111],[35.5061,47.1009],[35.5254,47.1017],[35.5554,47.0979],[35.5895,47.097],[35.601,47.1032],[35.6233,47.1016],[35.667,47.0647],[35.6714,47.0433],[35.6797,47.0446],[35.6913,46.9876],[35.7224,46.9905],[35.722,46.9959],[35.7629,46.999],[35.7647,46.9964],[35.8567,47.005],[35.8616,46.9901],[35.8858,46.9928],[35.8836,47.007],[35.922,47.0107],[35.9235,47.0269],[35.9134,47.0335],[35.922,47.0413],[35.9195,47.0675]]]]},"properties":{"key":"пологівський","name":"Пологівський район","source_group":"raion"}},{"id":"полтавський","type":"Feature","geometry":{"type":"MultiPolygon","coordinates":[[[[34.2931,48.7231],[34.307,48.7283],[34.3016,48.7337],[34.3127,48.741],[34.3165,48.7575],[34.3098,48.7643],[34.3423,48.7838],[34.3246,48.7928],[34.3147,48.7853],[34.2977,48.7846],[34.296,48.8209],[34.3351,48.8213],[34.3463,48.8245],[34.3233,48.829],[34.3256,48.8439],[34.3493,48.8464],[34.3489,48.8563],[34.3368,48.857],[34.3384,48.8715],[34.3065,48.8848],[34.311,48.8891],[34.3023,48.8956],[34.3016,48.9022],[34.3135,48.9424],[34.3544,48.9839],[34.3421,48.9945],[34.3276,48.9997],[34.3306,49.0072],[34.3457,49.0172],[34.3542,49.017],[34.3673,49.0362],[34.3966,49.0439],[34.3914,49.0504],[34.4166,49.0553],[34.4049,49.0753],[34.4028,49.0949],[34.4648,49.0647],[34.4752,49.0727],[34.4984,49.0609],[34.5162,49.0721],[34.5404,49.0566],[34.5592,49.0551],[34.5729,49.0636],[34.5645,49.0725],[34.5699,49.0891],[34.5937,49.0949],[34.5883,49.1075],[34.5988,49.112],[34.6089,49.113],[34.6074,49.1152],[34.6244,49.1246],[34.6347,49.1253],[34.645,49.1309],[34.6505,49.13],[34.6526,49.1242],[34.6625,49.1189],[34.6825,49.1212],[34.6805,49.1281],[34.6929,49.1351],[34.7059,49.1301],[34.7293,49.1364],[34.74,49.1443],[34.7659,49.1431],[34.7656,49.1552],[34.7592,49.1683],[34.7714,49.171],[34.7849,49.18],[34.8093,49.1755],[34.8112,49.1657],[34.8244,49.1752],[34.8195,49.1865],[34.8558,49.1903],[34.8582,49.1841],[34.8844,49.1806],[34.9007,49.1747],[34.8954,49.1682],[34.8706,49.1693],[34.8649,49.1611],[34.9024,49.1509],[34.9201,49.156],[34.9232,49.1771],[34.9295,49.1853],[34.9362,49.1814],[34.9476,49.1934],[34.9609,49.1862],[34.9732,49.1819],[34.9864,49.1683],[35.0083,49.1595],[35.0141,49.1537],[35.0181,49.1502],[34.9963,49.2088],[34.9831,49.2385],[34.9817,49.2472],[34.9887,49.2679],[35.0064,49.3002],[35.0073,49.3018],[35.0126,49.2998],[35.0245,49.3163],[35.0202,49.3174],[35.024,49.3234],[35.0375,49.3308],[35.0781,49.3164],[35.0902,49.3006],[35.1231,49.3022],[35.1666,49.296],[35.2141,49.2942],[35.2165,49.2975],[35.2433,49.2959],[35.2623,49.2878],[35.2593,49.2827],[35.2726,49.277],[35.2816,49.2908],[35.2898,49.2938],[35.2786,49.3178],[35.302,49.3383],[35.3629,49.3843],[35.3768,49.3979],[35.3475,49.4048],[35.3632,49.449],[35.313,49.4565],[35.3308,49.4954],[35.3321,49.5047],[35.4604,49.4845],[35.4813,49.4844],[35.49,49.5095],[35.4864,49.5155],[35.4292,49.5265],[35.4336,49.54],[35.4276,49.5492],[35.4047,49.5559],[35.4091,49.5622],[35.4743,49.5666],[35.4865,49.572],[35.4618,49.6046],[35.4562,49.6192],[35.4424,49.6424],[35.4269,49.6554],[35.4232,49.6634],[35.4331,49.6664],[35.4315,49.6733],[35.4252,49.6716],[35.3916,49.6692],[35.3917,49.6671],[35.3436,49.6661],[35.3309,49.6809],[35.2972,49.687],[35.2711,49.6851],[35.2436,49.6959],[35.2561,49.7115],[35.2483,49.7119],[35.2652,49.7154],[35.2617,49.7266],[35.2552,49.7349],[35.2235,49.7374],[35.2091,49.7465],[35.207,49.764],[35.2127,49.7709],[35.2069,49.7818],[35.211,49.7892],[35.2013,49.7948],[35.2076,49.8043],[35.221,49.8056],[35.2151,49.8126],[35.2186,49.8308],[35.1951,49.8363],[35.1982,49.841],[35.1755,49.8452],[35.1587,49.8563],[35.1392,49.8593],[35.119,49.8512],[35.0989,49.858],[35.0685,49.8585],[35.047,49.8719],[35.0565,49.8734],[35.055,49.8813],[35.0642,49.8855],[35.0329,49.8874],[35.0155,49.8755],[34.9962,49.8812],[34.98,49.8907],[34.9717,49.8844],[34.9453,49.899],[34.9344,49.909],[34.9131,49.9346],[34.8917,49.9322],[34.8806,49.9422],[34.8601,49.95],[34.8662,49.9586],[34.8539,49.9876],[34.8722,49.9992],[34.9027,50.0335],[34.9325,50.0539],[34.9357,50.0613],[34.9616,50.0739],[34.9567,50.0927],[34.95,50.0965],[34.9368,50.0954],[34.9359,50.0978],[34.9327,50.1299],[34.9395,50.1517],[34.8924,50.1606],[34.858,50.1622],[34.8477,50.1659],[34.834,50.1569],[34.8208,50.1605],[34.7992,50.1594],[34.8008,50.1546],[34.7827,50.1535],[34.766,50.1466],[34.7395,50.1445],[34.7509,50.1528],[34.7497,50.158],[34.7325,50.1609],[34.7214,50.1572],[34.7191,50.1509],[34.7069,50.1526],[34.6994,50.1492],[34.7028,50.1356],[34.6965,50.1327],[34.6999,50.1113],[34.6767,50.111],[34.6768,50.1338],[34.6628,50.1106],[34.6536,50.1148],[34.6325,50.1117],[34.623,50.1178],[34.598,50.1223],[34.5937,50.1277],[34.5803,50.1287],[34.5725,50.121],[34.5459,50.1326],[34.5385,50.1415],[34.5369,50.1554],[34.5284,50.1554],[34.537,50.1711],[34.5243,50.1787],[34.553,50.2062],[34.559,50.2068],[34.5712,50.2265],[34.5635,50.2356],[34.5553,50.2336],[34.5517,50.2452],[34.5349,50.2488],[34.5289,50.241],[34.5141,50.2509],[34.5214,50.2619],[34.5119,50.2756],[34.5189,50.2812],[34.5095,50.2853],[34.464,50.2884],[34.4574,50.2855],[34.4,50.3191],[34.4114,50.337],[34.3929,50.3455],[34.3838,50.3583],[34.3667,50.3632],[34.3642,50.3542],[34.3303,50.3501],[34.3168,50.3444],[34.3093,50.3517],[34.2742,50.3525],[34.274,50.3445],[34.2648,50.3441],[34.2625,50.336],[34.2485,50.3362],[34.2521,50.342],[34.2382,50.3444],[34.2253,50.3373],[34.2385,50.33],[34.2246,50.3203],[34.2317,50.313],[34.2146,50.3114],[34.2025,50.304],[34.1937,50.281],[34.176,50.2722],[34.1836,50.2703],[34.174,50.2507],[34.1652,50.244],[34.1438,50.2163],[34.1321,50.1688],[34.1403,50.157],[34.1291,50.157],[34.1009,50.1475],[34.0885,50.1474],[34.0573,50.1376],[34.043,50.1229],[34.0504,50.1125],[34.0376,50.0996],[34.0271,50.1006],[34.0216,50.0929],[34.0096,50.0891],[33.9956,50.0737],[34.0126,50.0662],[34.016,50.0758],[34.0303,50.0818],[34.0365,50.0783],[34.0569,50.0796],[34.0902,50.0622],[34.1025,50.0679],[34.1086,50.0585],[34.1191,50.0579],[34.1382,50.0661],[34.1476,50.0532],[34.1581,50.049],[34.1645,50.0543],[34.1926,50.041],[34.2132,50.0403],[34.2103,50.0206],[34.228,50.0145],[34.2398,50],[34.2412,49.9858],[34.2537,49.9861],[34.2559,49.9625],[34.2876,49.9646],[34.2904,49.9467],[34.2638,49.9427],[34.27,49.9314],[34.2897,49.9124],[34.2906,49.9044],[34.2505,49.8983],[34.2672,49.8768],[34.2333,49.858],[34.2337,49.8219],[34.2208,49.8123],[34.2263,49.8027],[34.1811,49.7966],[34.1816,49.7889],[34.172,49.793],[34.1411,49.7935],[34.1416,49.7772],[34.1331,49.7773],[34.1241,49.7652],[34.0951,49.7658],[34.0944,49.7563],[34.067,49.7581],[34.0454,49.7545],[34.0484,49.7421],[34.0583,49.7402],[34.0622,49.7268],[34.055,49.7141],[34.0391,49.7152],[34.034,49.7],[34.0177,49.7011],[34.0152,49.6945],[33.9935,49.7001],[33.9444,49.7018],[33.9411,49.7099],[33.9275,49.7085],[33.9273,49.6988],[33.9078,49.6908],[33.9116,49.6839],[33.9383,49.6891],[33.9449,49.6742],[33.9538,49.6697],[33.941,49.6613],[33.9303,49.6629],[33.9095,49.648],[33.8956,49.6454],[33.8693,49.6453],[33.8718,49.628],[33.8685,49.6159],[33.8397,49.6129],[33.84,49.6042],[33.8102,49.6033],[33.7923,49.5824],[33.7633,49.5803],[33.7677,49.5923],[33.7564,49.5858],[33.7437,49.5908],[33.7227,49.5884],[33.6997,49.5903],[33.6939,49.5866],[33.6846,49.588],[33.6806,49.5712],[33.668,49.5727],[33.6772,49.5638],[33.6971,49.5324],[33.7017,49.5111],[33.6979,49.51],[33.7041,49.503],[33.7274,49.5011],[33.7429,49.4891],[33.7532,49.4911],[33.7719,49.4812],[33.772,49.4751],[33.7865,49.4726],[33.8049,49.4764],[33.8094,49.4623],[33.7955,49.4617],[33.7981,49.4525],[33.7899,49.4439],[33.7991,49.4371],[33.7969,49.4235],[33.8044,49.4213],[33.8066,49.4112],[33.8196,49.412],[33.8156,49.4188],[33.8377,49.4076],[33.8655,49.4143],[33.8711,49.3955],[33.8872,49.3957],[33.8807,49.3999],[33.8857,49.408],[33.9015,49.406],[33.8929,49.4019],[33.9003,49.3976],[33.8995,49.3833],[33.8923,49.3766],[33.9145,49.3646],[33.9271,49.3712],[33.9674,49.3661],[33.9787,49.3687],[33.9903,49.3119],[34.0044,49.3127],[34.0144,49.2937],[34.0286,49.2846],[34.0284,49.2765],[34.0054,49.2605],[34.0066,49.2515],[34.0311,49.2374],[34.0437,49.1847],[34.0936,49.177],[34.0892,49.1649],[34.0994,49.1626],[34.0881,49.1132],[34.0566,49.1121],[34.053,49.1054],[34.0482,49.0749],[33.9866,49.0828],[33.9744,49.0516],[33.989,49.049],[33.9823,49.035],[33.9923,49.0327],[33.9874,49.02],[33.964,49.0229],[33.9296,49.0137],[33.883,49.0135],[33.8824,48.9888],[33.9277,48.9871],[33.9271,48.9787],[33.9775,48.9571],[33.9988,48.9459],[34.0125,48.9333],[33.9894,48.9199],[33.931,48.8798],[33.9454,48.8788],[33.9847,48.8651],[34.0073,48.867],[34.0301,48.8585],[34.033,48.8455],[34.055,48.8363],[34.0643,48.8289],[34.0817,48.8226],[34.1073,48.8259],[34.1196,48.8227],[34.128,48.8141],[34.1221,48.8],[34.1258,48.7854],[34.149,48.7754],[34.1746,48.7789],[34.203,48.7601],[34.2342,48.7563],[34.2487,48.7441],[34.269,48.7451],[34.2866,48.7435],[34.2973,48.7382],[34.2922,48.7239],[34.2931,48.7231]]]]},"properties":{"key":"полтавський","name":"Полтавський район","source_group":"raion"}},{"id":"прилуцький","type":"Feature","geometry":{"type":"MultiPolygon","coordinates":[[[[32.2541,50.3736],[32.2776,50.3734],[32.2782,50.3801],[32.2912,50.3798],[32.2953,50.3978],[32.3252,50.4032],[32.3164,50.4168],[32.3207,50.4243],[32.3291,50.4269],[32.3666,50.4265],[32.3707,50.4143],[32.3965,50.4067],[32.4004,50.4123],[32.4459,50.3984],[32.4929,50.3955],[32.4929,50.3781],[32.4847,50.3712],[32.4924,50.365],[32.512,50.3587],[32.5251,50.3452],[32.5573,50.3553],[32.5638,50.3598],[32.5868,50.3555],[32.634,50.3564],[32.6347,50.3661],[32.6719,50.3697],[32.6709,50.3585],[32.73,50.3561],[32.7483,50.3589],[32.7641,50.3492],[32.77,50.354],[32.7932,50.3466],[32.8011,50.3559],[32.7874,50.3617],[32.7905,50.3708],[32.8102,50.3746],[32.8416,50.3763],[32.8985,50.4044],[32.9179,50.4088],[32.9129,50.4239],[32.9201,50.4292],[32.9386,50.4301],[32.9354,50.4356],[32.9488,50.4456],[32.9579,50.4424],[32.9694,50.4501],[32.9692,50.4599],[32.9787,50.4632],[32.9704,50.4751],[32.988,50.4727],[32.9917,50.4776],[33.0144,50.4711],[33.0136,50.4809],[33.0261,50.4927],[33.0237,50.5013],[33.0432,50.502],[33.0594,50.518],[33.0661,50.5192],[33.067,50.5209],[33.0618,50.5231],[33.0491,50.5407],[33.0739,50.5559],[33.0795,50.5663],[33.0972,50.5802],[33.0944,50.5847],[33.1043,50.5928],[33.1198,50.5914],[33.1234,50.5981],[33.1036,50.6022],[33.1113,50.6126],[33.1228,50.6395],[33.1171,50.6476],[33.1361,50.6482],[33.1477,50.6543],[33.1507,50.6953],[33.1374,50.7114],[33.1545,50.7089],[33.1585,50.7145],[33.2023,50.7224],[33.2406,50.7319],[33.2307,50.7387],[33.2137,50.7355],[33.2066,50.7472],[33.1901,50.7458],[33.1534,50.7915],[33.1653,50.7903],[33.1658,50.8156],[33.1553,50.8259],[33.1854,50.8481],[33.1689,50.8505],[33.1738,50.8662],[33.1787,50.8666],[33.1682,50.8812],[33.1808,50.8948],[33.1871,50.8912],[33.2074,50.894],[33.2102,50.9016],[33.1974,50.9194],[33.2004,50.9347],[33.2005,50.9621],[33.1841,50.9585],[33.1364,50.9622],[33.1393,50.9685],[33.1208,50.9981],[33.1177,51.0069],[33.0774,50.9919],[33.0788,50.9811],[33.0511,50.9877],[33.0386,50.9934],[33.0409,50.9966],[33.0149,50.9927],[33.0073,50.9824],[32.9791,50.9672],[32.9784,50.9479],[32.9874,50.9376],[32.9984,50.9353],[32.9956,50.929],[32.9669,50.9263],[32.9763,50.9173],[32.9347,50.8903],[32.9031,50.8849],[32.8939,50.8793],[32.8364,50.8588],[32.8276,50.8601],[32.8224,50.8721],[32.8111,50.8761],[32.7922,50.8895],[32.7749,50.8892],[32.7638,50.9108],[32.758,50.9314],[32.7216,50.9422],[32.7045,50.9421],[32.6917,50.9493],[32.6987,50.9727],[32.6943,50.9789],[32.6983,50.9906],[32.6849,51.0036],[32.6397,51.0146],[32.6416,51.0172],[32.6165,51.0262],[32.6058,51.0263],[32.592,51.0122],[32.577,51.0172],[32.5646,51.015],[32.5339,51.0249],[32.5265,51.0359],[32.5262,51.0656],[32.4995,51.0814],[32.4339,51.0779],[32.4366,51.0682],[32.4277,51.066],[32.4137,51.0496],[32.3974,51.0407],[32.3987,51.0291],[32.4087,51.0162],[32.4032,51.013],[32.3711,51.0152],[32.365,51.0068],[32.3722,51.0024],[32.3645,50.9978],[32.3557,51.0158],[32.3312,51.0305],[32.3108,51.011],[32.2979,51.0159],[32.2846,51.0019],[32.2718,51.0009],[32.2641,51.0197],[32.2329,51.0194],[32.2627,51.0267],[32.252,51.0289],[32.2292,51.0224],[32.2109,51.0234],[32.1907,51.0341],[32.1788,51.025],[32.1868,51.0179],[32.1671,51],[32.1492,50.9888],[32.1149,50.9907],[32.0928,50.9749],[32.1037,50.9669],[32.1053,50.9557],[32.0855,50.951],[32.0751,50.9357],[32.0567,50.9315],[32.0557,50.9072],[32.0694,50.8992],[32.0611,50.8965],[32.0591,50.883],[32.047,50.8762],[32.0546,50.8675],[32.073,50.8642],[32.067,50.8412],[32.0813,50.8391],[32.0858,50.822],[32.1139,50.8016],[32.1043,50.7991],[32.1004,50.7884],[32.1017,50.7718],[32.1095,50.7737],[32.1222,50.7527],[32.1014,50.7519],[32.1026,50.761],[32.0685,50.7666],[32.0472,50.7318],[32.0548,50.7258],[32.0454,50.7161],[32.0187,50.7082],[32.0189,50.6983],[31.9983,50.7027],[31.9953,50.7089],[31.9491,50.7184],[31.9374,50.7048],[31.9224,50.7074],[31.8949,50.6757],[31.9035,50.6691],[31.8987,50.6613],[31.8798,50.655],[31.8889,50.6448],[31.8844,50.6396],[31.8586,50.6306],[31.868,50.6171],[31.8724,50.6196],[31.8832,50.6064],[31.887,50.6095],[31.9247,50.5899],[31.9275,50.5807],[31.9403,50.5713],[31.9451,50.5575],[31.955,50.5436],[31.9828,50.5397],[32.0322,50.5418],[32.063,50.541],[32.062,50.5287],[32.0529,50.5228],[32.0628,50.5115],[32.0448,50.4939],[32.0082,50.4867],[32.001,50.4972],[31.9861,50.4962],[31.9832,50.4839],[31.9742,50.4891],[31.9635,50.4859],[31.9784,50.4814],[31.9691,50.4726],[31.9729,50.4665],[32.024,50.4579],[32.0274,50.4366],[32.0395,50.4278],[32.0474,50.4012],[32.0574,50.3978],[32.0981,50.4159],[32.1031,50.4117],[32.0775,50.3925],[32.0825,50.3782],[32.0769,50.3745],[32.0905,50.3697],[32.1201,50.3797],[32.1548,50.3761],[32.1572,50.3645],[32.1419,50.352],[32.144,50.3485],[32.2089,50.3571],[32.2185,50.3569],[32.2272,50.3495],[32.238,50.355],[32.2544,50.3472],[32.2687,50.3525],[32.255,50.3531],[32.2648,50.3602],[32.2541,50.3736]]]]},"properties":{"key":"прилуцький","name":"Прилуцький район","source_group":"raion"}},{"id":"рахівський","type":"Feature","geometry":{"type":"MultiPolygon","coordinates":[[[[23.9501,47.9625],[23.9672,47.9622],[23.9716,47.9664],[23.9814,47.959],[24.0075,47.9672],[24.0221,47.9594],[24.0321,47.9493],[24.0626,47.9526],[24.0728,47.9459],[24.0978,47.9359],[24.0995,47.9286],[24.112,47.915],[24.1429,47.9123],[24.1639,47.9189],[24.1814,47.9155],[24.1953,47.9168],[24.2274,47.8965],[24.2591,47.908],[24.2788,47.9062],[24.2979,47.9117],[24.3245,47.9261],[24.3479,47.915],[24.3803,47.9265],[24.3806,47.9371],[24.3923,47.9541],[24.418,47.9608],[24.4352,47.9709],[24.4462,47.9646],[24.473,47.9631],[24.502,47.9525],[24.5263,47.9612],[24.5534,47.9593],[24.5646,47.9707],[24.5652,47.996],[24.5722,47.9993],[24.5782,48.0196],[24.5967,48.0346],[24.6109,48.0375],[24.6277,48.0467],[24.6239,48.0604],[24.6048,48.0751],[24.5981,48.0856],[24.5857,48.0925],[24.5728,48.1024],[24.5597,48.1053],[24.5591,48.1141],[24.5543,48.1191],[24.533,48.1239],[24.5317,48.1336],[24.5257,48.1429],[24.5057,48.153],[24.5016,48.1604],[24.5213,48.1773],[24.5121,48.1867],[24.5257,48.1949],[24.5204,48.2003],[24.5355,48.2143],[24.5475,48.2161],[24.5365,48.2275],[24.5037,48.2394],[24.484,48.2439],[24.4954,48.275],[24.4854,48.2833],[24.4448,48.3036],[24.4165,48.3264],[24.4154,48.3325],[24.3931,48.3355],[24.3786,48.3479],[24.3593,48.3495],[24.3522,48.3583],[24.3589,48.3742],[24.3529,48.3829],[24.3214,48.3882],[24.3146,48.3931],[24.2854,48.4005],[24.2823,48.3908],[24.2905,48.3817],[24.274,48.3712],[24.2605,48.3516],[24.2442,48.3581],[24.2225,48.357],[24.2089,48.3664],[24.2006,48.3638],[24.1809,48.3671],[24.1674,48.3541],[24.1666,48.3442],[24.1587,48.3319],[24.1451,48.3198],[24.1448,48.3131],[24.1603,48.3125],[24.1642,48.3027],[24.1564,48.2981],[24.178,48.2851],[24.1758,48.2769],[24.1618,48.2732],[24.1522,48.2773],[24.1414,48.2644],[24.1383,48.2726],[24.1256,48.2697],[24.1053,48.2544],[24.0996,48.2652],[24.0923,48.2636],[24.0924,48.274],[24.0816,48.2698],[24.0782,48.2619],[24.0654,48.2508],[24.0607,48.2633],[24.0528,48.2595],[24.0483,48.2665],[24.0415,48.2589],[24.0338,48.2626],[24.0313,48.2538],[24.0372,48.2492],[24.0366,48.2366],[24.0204,48.2146],[24.0216,48.206],[23.9985,48.1852],[23.9799,48.1717],[23.9436,48.1371],[23.9476,48.12],[23.9411,48.0995],[23.9497,48.0918],[23.938,48.0734],[23.9408,48.0536],[23.9358,48.0465],[23.9092,48.0508],[23.8901,48.0454],[23.9123,48.0272],[23.9411,47.9748],[23.9653,47.9827],[23.9932,48.0074],[24.0078,48.0029],[23.9864,47.9846],[23.9461,47.9671],[23.9501,47.9625]]]]},"properties":{"key":"рахівський","name":"Рахівський район","source_group":"raion"}},{"id":"рівненський","type":"Feature","geometry":{"type":"MultiPolygon","coordinates":[[[[26.291,50.1873],[26.305,50.1979],[26.306,50.2126],[26.316,50.2165],[26.3261,50.2308],[26.3496,50.2387],[26.3625,50.251],[26.379,50.2516],[26.3847,50.2598],[26.3982,50.2651],[26.4211,50.2607],[26.4549,50.2638],[26.4529,50.2598],[26.4719,50.2601],[26.4932,50.2671],[26.494,50.2807],[26.5228,50.2972],[26.5201,50.3042],[26.5468,50.3083],[26.5455,50.317],[26.5605,50.3163],[26.5631,50.3222],[26.5527,50.3291],[26.5874,50.3398],[26.6019,50.368],[26.6211,50.371],[26.6491,50.3651],[26.661,50.3918],[26.683,50.3893],[26.6934,50.4196],[26.712,50.4164],[26.7174,50.4461],[26.7369,50.4446],[26.7386,50.4517],[26.7282,50.4582],[26.7351,50.4633],[26.7356,50.4775],[26.7457,50.4799],[26.7478,50.4686],[26.7417,50.4604],[26.7659,50.4605],[26.7864,50.4685],[26.7905,50.4754],[26.7634,50.4706],[26.7679,50.4783],[26.7675,50.4835],[26.776,50.49],[26.7801,50.5015],[26.8178,50.5029],[26.8257,50.5214],[26.8553,50.5092],[26.8737,50.5224],[26.8815,50.5351],[26.9009,50.5458],[26.9367,50.5312],[26.967,50.5294],[26.9822,50.5238],[26.9887,50.5344],[27.0095,50.5409],[27.018,50.5592],[27.0609,50.5511],[27.077,50.5557],[27.0648,50.5624],[27.0795,50.5832],[27.0906,50.5875],[27.1043,50.5858],[27.1202,50.5949],[27.1311,50.588],[27.1253,50.5704],[27.1282,50.5634],[27.1322,50.5607],[27.153,50.5636],[27.1872,50.5617],[27.2326,50.5664],[27.2158,50.5889],[27.226,50.6062],[27.2131,50.6095],[27.1896,50.6253],[27.2035,50.6276],[27.2106,50.6384],[27.2131,50.6559],[27.2036,50.6649],[27.2223,50.6734],[27.2449,50.6742],[27.2517,50.6933],[27.2723,50.7134],[27.2749,50.721],[27.2637,50.7457],[27.2695,50.7624],[27.2436,50.7702],[27.2384,50.7776],[27.2443,50.7926],[27.2344,50.7961],[27.2356,50.8119],[27.2422,50.8276],[27.2331,50.84],[27.2507,50.8589],[27.2441,50.8695],[27.2533,50.8828],[27.2444,50.8843],[27.2569,50.8956],[27.2244,50.9114],[27.2141,50.9261],[27.2373,50.9359],[27.2382,50.9477],[27.2243,50.9552],[27.2246,50.9674],[27.2027,50.9917],[27.1788,50.9955],[27.1632,51.0124],[27.1372,51.0288],[27.1337,51.0385],[27.1413,51.0512],[27.1349,51.0556],[27.1115,51.0608],[27.0887,51.06],[27.0701,51.0866],[26.9733,51.1339],[26.8916,51.134],[26.8705,51.131],[26.8702,51.1401],[26.8248,51.1392],[26.824,51.1352],[26.8022,51.134],[26.7873,51.1442],[26.7825,51.133],[26.7675,51.1225],[26.7525,51.1276],[26.7524,51.1225],[26.7319,51.1234],[26.7219,51.1147],[26.7219,51.106],[26.7002,51.1022],[26.6868,51.095],[26.6562,51.1045],[26.6563,51.1095],[26.6706,51.1095],[26.6605,51.1257],[26.663,51.1455],[26.6498,51.1505],[26.6321,51.1648],[26.634,51.1816],[26.6281,51.1839],[26.5965,51.1833],[26.5833,51.1779],[26.5535,51.1747],[26.5529,51.1719],[26.5248,51.1608],[26.5045,51.1473],[26.494,51.1462],[26.4758,51.13],[26.4777,51.1238],[26.4943,51.1167],[26.5048,51.1004],[26.533,51.0888],[26.5214,51.0852],[26.5095,51.0905],[26.5026,51.0826],[26.4855,51.0845],[26.4674,51.0932],[26.4512,51.0916],[26.4706,51.0787],[26.4911,51.0791],[26.5206,51.0511],[26.5076,51.037],[26.5025,51.0438],[26.5107,51.046],[26.5076,51.0588],[26.4872,51.0662],[26.4741,51.0599],[26.4822,51.0342],[26.4673,51.0263],[26.4661,51.0339],[26.4377,51.0505],[26.3525,51.0534],[26.3542,51.0595],[26.342,51.07],[26.3604,51.0784],[26.3463,51.093],[26.3233,51.0924],[26.31,51.0951],[26.3013,51.1114],[26.2809,51.102],[26.2628,51.1176],[26.2388,51.1175],[26.2191,51.1105],[26.2107,51.1368],[26.1997,51.1383],[26.1967,51.1591],[26.1823,51.1518],[26.1648,51.1484],[26.1561,51.1722],[26.1438,51.1688],[26.0818,51.1696],[26.0816,51.1815],[26.1029,51.1853],[26.1143,51.1953],[26.1089,51.2061],[26.1041,51.2024],[26.0714,51.1959],[26.0579,51.1863],[26.0621,51.1834],[26.0668,51.1762],[26.0574,51.1705],[26.0699,51.1545],[26.0675,51.1494],[26.0583,51.1423],[26.0463,51.1413],[26.0124,51.1304],[26.0078,51.1412],[25.9949,51.1394],[25.9957,51.1234],[25.9832,51.1222],[25.9593,51.1263],[25.9389,51.1181],[25.9497,51.104],[25.9456,51.0872],[25.9418,51.0832],[25.9808,51.0781],[26.0179,51.083],[26.0463,51.068],[26.092,51.0503],[26.1065,51.0048],[26.0862,51.0029],[26.0789,50.99],[26.0835,50.9729],[26.0542,50.9716],[26.0189,50.9622],[25.9951,50.9631],[25.9659,50.9565],[26.0011,50.9351],[25.9963,50.9178],[25.9898,50.8672],[26.0009,50.8622],[26.0131,50.8655],[26.0387,50.8515],[26.0391,50.84],[26.0301,50.8399],[26.0234,50.82],[26.0105,50.8231],[25.9994,50.8197],[25.9679,50.8261],[25.9584,50.8245],[25.9249,50.8311],[25.9062,50.8307],[25.9076,50.8156],[25.8909,50.8044],[25.8875,50.7932],[25.887,50.7672],[25.876,50.7514],[25.8721,50.7374],[25.8782,50.7204],[25.8704,50.6888],[25.8554,50.6787],[25.8469,50.6666],[25.8241,50.6461],[25.8425,50.6311],[25.8106,50.6049],[25.8171,50.5991],[25.8218,50.6058],[25.8349,50.6048],[25.8563,50.6109],[25.8845,50.5977],[25.8875,50.5935],[25.9119,50.59],[25.9181,50.5704],[25.9044,50.5645],[25.9493,50.5395],[25.9561,50.5447],[25.9864,50.5389],[25.9912,50.5353],[25.9839,50.525],[25.9732,50.5213],[25.9783,50.5134],[25.9893,50.5149],[26.0019,50.5098],[26.0178,50.5117],[26.0257,50.5047],[26.0571,50.5203],[26.0642,50.5207],[26.0819,50.5377],[26.0926,50.5358],[26.1027,50.5007],[26.0957,50.4994],[26.0957,50.4756],[26.0832,50.4794],[26.0717,50.4596],[26.0583,50.4448],[26.079,50.4329],[26.0662,50.4172],[26.0696,50.4094],[26.0595,50.41],[26.0647,50.3892],[26.0614,50.3815],[26.0434,50.3788],[25.9996,50.3862],[25.9752,50.3931],[25.9639,50.3915],[25.9332,50.3948],[25.9251,50.3924],[25.938,50.3824],[25.9282,50.3675],[25.9576,50.3525],[25.9713,50.3508],[25.9916,50.3238],[25.9955,50.3108],[26.0259,50.2875],[26.0616,50.2688],[26.0821,50.2709],[26.1062,50.2671],[26.1209,50.2748],[26.13,50.2721],[26.1158,50.2515],[26.1128,50.242],[26.1367,50.2351],[26.164,50.2321],[26.1726,50.2472],[26.1924,50.2635],[26.2149,50.2638],[26.2177,50.2333],[26.1961,50.2269],[26.1845,50.2284],[26.1847,50.217],[26.1916,50.2183],[26.1795,50.1974],[26.1912,50.1914],[26.213,50.1849],[26.2308,50.1721],[26.2578,50.1799],[26.2698,50.1781],[26.2815,50.1831],[26.291,50.1873]]]]},"properties":{"key":"рівненський","name":"Рівненський район","source_group":"raion"}},{"id":"роздільнянський","type":"Feature","geometry":{"type":"MultiPolygon","coordinates":[[[[29.9551,46.6333],[30.0419,46.6306],[30.1524,46.6285],[30.1284,46.6751],[30.2013,46.6814],[30.2487,46.6875],[30.2502,46.6831],[30.3175,46.6903],[30.3269,46.652],[30.2762,46.6468],[30.2822,46.6326],[30.3386,46.6393],[30.3443,46.6154],[30.3761,46.6178],[30.3652,46.6304],[30.3505,46.6542],[30.401,46.6585],[30.3918,46.7021],[30.3764,46.7021],[30.3688,46.7071],[30.347,46.7042],[30.3317,46.707],[30.324,46.7298],[30.3564,46.7323],[30.3671,46.7405],[30.3724,46.7377],[30.4079,46.7397],[30.4765,46.7509],[30.4936,46.7556],[30.4936,46.774],[30.486,46.7917],[30.4743,46.8055],[30.4621,46.8274],[30.406,46.8208],[30.3965,46.8451],[30.3725,46.8425],[30.3673,46.8693],[30.3563,46.8991],[30.3488,46.9256],[30.3165,46.9207],[30.3095,46.9395],[30.315,46.9483],[30.3334,46.9526],[30.3319,46.9595],[30.3165,46.9574],[30.3138,46.968],[30.2916,46.9656],[30.287,46.979],[30.2556,46.9756],[30.26,46.958],[30.2457,46.9562],[30.2371,46.9904],[30.1384,46.9799],[30.1247,47.0347],[30.1307,47.0354],[30.1113,47.094],[30.1575,47.1008],[30.1554,47.1056],[30.1752,47.108],[30.1583,47.1646],[30.1628,47.165],[30.155,47.1924],[30.1479,47.2079],[30.1383,47.217],[30.135,47.2407],[30.1179,47.2385],[30.1102,47.253],[30.1065,47.2778],[30.125,47.2802],[30.1187,47.2992],[30.1069,47.2975],[30.1154,47.2876],[30.1019,47.2864],[30.0861,47.2912],[30.084,47.2785],[30.077,47.2897],[30.07,47.2899],[30.0664,47.3094],[30.0597,47.3096],[30.06,47.3264],[30.0474,47.3254],[30.0453,47.3332],[29.9609,47.3215],[29.9483,47.3032],[29.9294,47.2974],[29.9041,47.3162],[29.8926,47.3295],[29.8997,47.3405],[29.8931,47.3525],[29.9069,47.3563],[29.9049,47.3649],[29.8905,47.3626],[29.8812,47.4138],[29.9529,47.4245],[29.9528,47.4268],[29.9775,47.4348],[29.9767,47.4382],[29.9492,47.4382],[29.9398,47.4663],[29.8924,47.4603],[29.8892,47.4748],[29.8451,47.4696],[29.8259,47.5317],[29.7682,47.5262],[29.7184,47.5194],[29.7126,47.5232],[29.6003,47.5091],[29.6017,47.4956],[29.5836,47.4929],[29.5855,47.4775],[29.5721,47.4747],[29.576,47.4589],[29.5913,47.4516],[29.598,47.4564],[29.6078,47.4539],[29.6156,47.4528],[29.6193,47.4455],[29.6028,47.4367],[29.6094,47.4206],[29.5773,47.4175],[29.5826,47.3903],[29.5699,47.3888],[29.581,47.3442],[29.5988,47.2574],[29.5518,47.2514],[29.5801,47.1355],[29.5053,47.1285],[29.4954,47.1318],[29.4993,47.1092],[29.5154,47.1125],[29.5295,47.0814],[29.5302,47.0754],[29.5499,47.0759],[29.5474,47.0938],[29.612,47.1003],[29.6288,47.0446],[29.6023,47.0416],[29.5958,46.9636],[29.556,46.9578],[29.5714,46.9401],[29.64,46.9553],[29.648,46.9197],[29.7004,46.9249],[29.7183,46.9321],[29.7213,46.9183],[29.731,46.9193],[29.7499,46.861],[29.8489,46.8753],[29.8469,46.882],[29.884,46.886],[29.8919,46.8535],[29.8834,46.8514],[29.905,46.8201],[29.9301,46.8284],[29.9255,46.8348],[29.9494,46.8418],[29.968,46.832],[29.9783,46.8163],[29.9627,46.8183],[29.9348,46.8059],[29.9419,46.796],[29.9663,46.7708],[29.9663,46.7556],[29.9745,46.752],[29.9681,46.73],[29.9662,46.7112],[29.9705,46.6857],[29.959,46.6775],[29.9553,46.6594],[29.9457,46.6461],[29.9551,46.6333]]]]},"properties":{"key":"роздільнянський","name":"Роздільнянський район","source_group":"raion"}},{"id":"роменський","type":"Feature","geometry":{"type":"MultiPolygon","coordinates":[[[[33.0705,50.5193],[33.1035,50.5175],[33.117,50.5056],[33.1302,50.512],[33.1463,50.5115],[33.1527,50.5213],[33.1732,50.5231],[33.1912,50.5086],[33.2207,50.5037],[33.234,50.5141],[33.2466,50.5383],[33.2696,50.5537],[33.2839,50.551],[33.2994,50.5349],[33.3164,50.5324],[33.3183,50.5206],[33.3741,50.5206],[33.375,50.497],[33.4123,50.4993],[33.4196,50.4831],[33.4347,50.475],[33.4346,50.485],[33.4626,50.492],[33.4758,50.4899],[33.478,50.4826],[33.4877,50.481],[33.5028,50.4945],[33.5156,50.4835],[33.5318,50.4798],[33.5371,50.4893],[33.5618,50.4902],[33.5717,50.4957],[33.6125,50.4879],[33.6182,50.4813],[33.7154,50.4677],[33.734,50.4582],[33.7863,50.4607],[33.7877,50.4771],[33.8281,50.4827],[33.8244,50.4878],[33.8443,50.49],[33.852,50.5008],[33.839,50.5057],[33.8146,50.508],[33.8105,50.5148],[33.8203,50.5182],[33.8225,50.5148],[33.8418,50.5191],[33.8406,50.524],[33.8759,50.5341],[33.8906,50.5333],[33.8964,50.5242],[33.9149,50.5149],[33.9535,50.5484],[33.9859,50.5313],[34.0064,50.5228],[34.0192,50.512],[34.0293,50.5111],[34.0276,50.498],[34.0346,50.504],[34.0732,50.5147],[34.1052,50.5043],[34.0851,50.489],[34.1,50.481],[34.1112,50.4821],[34.1196,50.4916],[34.1215,50.5102],[34.136,50.512],[34.1587,50.5222],[34.1829,50.5249],[34.2017,50.5232],[34.2092,50.5258],[34.2195,50.5334],[34.2316,50.5278],[34.2461,50.5239],[34.2424,50.5331],[34.2387,50.5534],[34.2267,50.5544],[34.225,50.5693],[34.2321,50.5701],[34.2218,50.599],[34.2283,50.6024],[34.1961,50.628],[34.1818,50.6476],[34.1496,50.6599],[34.1253,50.682],[34.0814,50.7078],[34.1029,50.7224],[34.1272,50.7312],[34.1411,50.7194],[34.1641,50.7344],[34.1501,50.7417],[34.1532,50.7497],[34.1703,50.7559],[34.1777,50.7653],[34.1623,50.7758],[34.1619,50.7942],[34.1566,50.8006],[34.1431,50.8007],[34.1426,50.8097],[34.161,50.8091],[34.1698,50.8301],[34.1838,50.8389],[34.1811,50.8466],[34.1891,50.8526],[34.1871,50.86],[34.1656,50.8815],[34.1309,50.8719],[34.1072,50.904],[34.0984,50.9225],[34.1094,50.9278],[34.0978,50.9365],[34.071,50.9349],[34.0719,50.9457],[34.057,50.9453],[34.0373,50.9541],[34.0668,50.9661],[34.0736,50.9908],[34.0946,50.9953],[34.0614,51.0141],[34.0456,51.017],[34.0255,51.0471],[34.0138,51.054],[34.0144,51.0654],[34.0159,51.0658],[33.9894,51.0705],[33.9642,51.0693],[33.9617,51.0491],[33.9683,51.0371],[33.9466,51.0263],[33.9348,51.0137],[33.9202,51.0099],[33.9048,51.0145],[33.904,50.9981],[33.8942,50.9903],[33.906,50.9824],[33.8963,50.9811],[33.8532,50.9935],[33.8442,50.9836],[33.8324,50.9866],[33.8147,50.985],[33.8046,50.9882],[33.8004,50.9816],[33.7766,50.9816],[33.7591,50.9855],[33.7237,50.9802],[33.708,50.9664],[33.6944,50.9642],[33.6591,50.9689],[33.6692,50.9847],[33.6463,50.9911],[33.6333,51.0094],[33.635,51.0181],[33.6287,51.0293],[33.6187,51.0237],[33.5834,51.0238],[33.5465,51.0359],[33.5103,51.0291],[33.5127,51.0052],[33.5055,51.0043],[33.5161,50.9926],[33.5082,50.9854],[33.4861,50.9873],[33.4748,50.9923],[33.4527,50.9888],[33.4425,50.9668],[33.4168,50.969],[33.4183,50.9633],[33.3857,50.9684],[33.3429,50.9725],[33.3429,50.9761],[33.2818,50.9837],[33.2198,50.9754],[33.2005,50.9621],[33.2004,50.9347],[33.1974,50.9194],[33.2102,50.9016],[33.2074,50.894],[33.1871,50.8912],[33.1808,50.8948],[33.1682,50.8812],[33.1787,50.8666],[33.1738,50.8662],[33.1689,50.8505],[33.1854,50.8481],[33.1553,50.8259],[33.1658,50.8156],[33.1653,50.7903],[33.1534,50.7915],[33.1901,50.7458],[33.2066,50.7472],[33.2137,50.7355],[33.2307,50.7387],[33.2406,50.7319],[33.2023,50.7224],[33.1585,50.7145],[33.1545,50.7089],[33.1374,50.7114],[33.1507,50.6953],[33.1477,50.6543],[33.1361,50.6482],[33.1171,50.6476],[33.1228,50.6395],[33.1113,50.6126],[33.1036,50.6022],[33.1234,50.5981],[33.1198,50.5914],[33.1043,50.5928],[33.0944,50.5847],[33.0972,50.5802],[33.0795,50.5663],[33.0739,50.5559],[33.0491,50.5407],[33.0618,50.5231],[33.0705,50.5193]]]]},"properties":{"key":"роменський","name":"Роменський район","source_group":"raion"}},{"id":"самбірський","type":"Feature","geometry":{"type":"MultiPolygon","coordinates":[[[[23.1543,48.8436],[23.1618,48.8599],[23.1587,48.8682],[23.1307,48.875],[23.1108,48.8756],[23.0749,48.8992],[23.0827,48.9186],[23.1049,48.9332],[23.1159,48.9373],[23.1258,48.9635],[23.1247,48.9999],[23.1151,49.0125],[23.1337,49.0202],[23.1266,49.0296],[23.1376,49.0349],[23.152,49.028],[23.1893,49.0362],[23.2044,49.0322],[23.2189,49.0409],[23.2156,49.0535],[23.1869,49.0856],[23.1654,49.102],[23.1777,49.1135],[23.1716,49.1222],[23.1749,49.1317],[23.1729,49.154],[23.1914,49.1623],[23.2162,49.1809],[23.2042,49.1878],[23.2147,49.2007],[23.1835,49.2098],[23.1421,49.2431],[23.151,49.2582],[23.163,49.2634],[23.1481,49.2822],[23.129,49.2908],[23.1172,49.2915],[23.1107,49.301],[23.1188,49.3082],[23.106,49.3179],[23.1154,49.3265],[23.1111,49.3375],[23.1284,49.3386],[23.1466,49.3455],[23.1555,49.3615],[23.1952,49.3667],[23.204,49.3566],[23.2171,49.3536],[23.2362,49.3664],[23.2329,49.3677],[23.2421,49.3867],[23.2519,49.3924],[23.2582,49.4069],[23.2495,49.4299],[23.2685,49.4367],[23.2833,49.4612],[23.3126,49.4585],[23.3206,49.4551],[23.3451,49.455],[23.3576,49.4632],[23.3677,49.4582],[23.3865,49.4604],[23.4045,49.471],[23.3991,49.4828],[23.4279,49.4852],[23.4716,49.495],[23.4972,49.49],[23.5228,49.4909],[23.5537,49.4976],[23.5681,49.5114],[23.5623,49.517],[23.5693,49.5458],[23.5837,49.5392],[23.6377,49.5314],[23.6446,49.544],[23.6505,49.5503],[23.6555,49.5678],[23.6322,49.5761],[23.6225,49.5881],[23.6064,49.5952],[23.6068,49.6027],[23.6245,49.6133],[23.6261,49.6261],[23.6313,49.6392],[23.6254,49.6427],[23.6248,49.65],[23.6311,49.6571],[23.6259,49.6596],[23.6142,49.653],[23.6,49.6523],[23.588,49.6382],[23.572,49.6423],[23.5727,49.6579],[23.5651,49.6644],[23.5223,49.6644],[23.5265,49.6743],[23.4969,49.689],[23.4859,49.7069],[23.4644,49.7056],[23.4596,49.7014],[23.435,49.6808],[23.4262,49.6839],[23.4193,49.6956],[23.4389,49.7145],[23.4316,49.7192],[23.4394,49.728],[23.4464,49.7487],[23.4376,49.7537],[23.4268,49.7527],[23.3969,49.7606],[23.3862,49.7459],[23.3951,49.7388],[23.3912,49.7178],[23.3799,49.7137],[23.3923,49.7105],[23.3902,49.702],[23.3776,49.6862],[23.3616,49.6892],[23.3497,49.6805],[23.3414,49.6804],[23.3364,49.6713],[23.3152,49.674],[23.3086,49.6598],[23.3102,49.6527],[23.28,49.6525],[23.2651,49.6429],[23.2392,49.6521],[23.2318,49.6466],[23.2137,49.6441],[23.1785,49.6498],[23.1794,49.6548],[23.1434,49.6513],[23.1469,49.6471],[23.1143,49.6509],[23.0938,49.6486],[23.077,49.6354],[23.0697,49.6441],[23.0613,49.6415],[23.0457,49.6495],[23.0396,49.6389],[23.0499,49.6361],[23.0512,49.6314],[23.0403,49.6315],[23.0304,49.6247],[23.0097,49.629],[22.9917,49.6243],[22.9726,49.6404],[22.9928,49.646],[22.9842,49.6532],[22.9729,49.6614],[22.9681,49.6665],[22.9679,49.6734],[22.9525,49.6826],[22.9473,49.6861],[22.9316,49.6901],[22.9101,49.6839],[22.9061,49.6873],[22.9225,49.6974],[22.911,49.7092],[22.8621,49.7093],[22.8514,49.7196],[22.8477,49.7103],[22.8222,49.6946],[22.8044,49.6929],[22.7877,49.6774],[22.7833,49.6565],[22.7495,49.6308],[22.6948,49.5819],[22.6848,49.5715],[22.6751,49.5493],[22.6631,49.5387],[22.6409,49.5296],[22.6519,49.5089],[22.6701,49.4975],[22.6967,49.4949],[22.6988,49.4916],[22.714,49.436],[22.7327,49.3988],[22.7466,49.361],[22.7429,49.3355],[22.7509,49.3167],[22.7439,49.2992],[22.7393,49.2475],[22.7199,49.2416],[22.7139,49.2264],[22.7192,49.2213],[22.7464,49.2161],[22.7338,49.2107],[22.7293,49.1983],[22.7217,49.1958],[22.7075,49.1747],[22.7183,49.1649],[22.7341,49.1826],[22.7553,49.1804],[22.7431,49.1703],[22.7397,49.1585],[22.7517,49.1534],[22.7891,49.158],[22.7937,49.1381],[22.8151,49.1302],[22.8286,49.1197],[22.8296,49.1122],[22.8393,49.1101],[22.8516,49.1149],[22.8556,49.105],[22.8751,49.097],[22.8922,49.0948],[22.8837,49.0827],[22.8681,49.0767],[22.8653,49.0666],[22.8746,49.0504],[22.8669,49.0399],[22.8814,49.0378],[22.8748,49.0319],[22.879,49.0249],[22.8932,49.0196],[22.8902,49.0074],[22.8679,49.0032],[22.878,49.0003],[22.8965,49.0052],[22.917,48.9843],[22.9198,48.9689],[22.9098,48.9651],[22.8987,48.9689],[22.8747,48.9573],[22.873,48.9435],[22.8872,48.9237],[22.8928,48.9091],[22.9031,48.902],[22.9515,48.8801],[22.9706,48.8734],[22.9735,48.8491],[22.9873,48.8365],[23.001,48.8295],[23.0207,48.8461],[23.0465,48.851],[23.0596,48.8463],[23.0693,48.8544],[23.079,48.8532],[23.0846,48.8545],[23.0998,48.8624],[23.1313,48.8523],[23.1357,48.8447],[23.1543,48.8436]]]]},"properties":{"key":"самбірський","name":"Самбірський район","source_group":"raion"}},{"id":"сарненський","type":"Feature","geometry":{"type":"MultiPolygon","coordinates":[[[[27.3696,51.1126],[27.3634,51.1432],[27.3799,51.1469],[27.3735,51.1548],[27.3986,51.1705],[27.3951,51.1718],[27.407,51.1882],[27.4006,51.2005],[27.4175,51.2014],[27.4442,51.2234],[27.4571,51.2247],[27.4643,51.2369],[27.4717,51.2376],[27.4635,51.2482],[27.4549,51.2487],[27.4503,51.2614],[27.4617,51.2642],[27.4476,51.284],[27.4414,51.311],[27.4917,51.3162],[27.5221,51.3421],[27.5265,51.3538],[27.5245,51.3664],[27.4945,51.3751],[27.4926,51.407],[27.5059,51.4357],[27.506,51.4517],[27.533,51.4534],[27.526,51.4433],[27.5339,51.4284],[27.5839,51.4075],[27.5853,51.4021],[27.614,51.4028],[27.6148,51.4095],[27.6023,51.4146],[27.5979,51.4299],[27.5806,51.4295],[27.5801,51.478],[27.6204,51.481],[27.641,51.4933],[27.6482,51.5011],[27.6693,51.4969],[27.6631,51.5167],[27.6781,51.5196],[27.6771,51.5391],[27.7207,51.5613],[27.7298,51.5918],[27.7228,51.6035],[27.6896,51.6046],[27.684,51.6118],[27.6666,51.611],[27.6447,51.6158],[27.6319,51.608],[27.618,51.6056],[27.5994,51.6157],[27.5497,51.6371],[27.5401,51.6216],[27.5174,51.6367],[27.508,51.6289],[27.5121,51.6064],[27.5266,51.6073],[27.5134,51.5911],[27.5032,51.5867],[27.4813,51.594],[27.4799,51.6013],[27.4876,51.6101],[27.4828,51.6149],[27.4688,51.6066],[27.4552,51.6112],[27.4545,51.6202],[27.4266,51.6139],[27.4277,51.6067],[27.3952,51.6052],[27.3592,51.6158],[27.3447,51.6061],[27.2667,51.6063],[27.2685,51.6025],[27.2409,51.6021],[27.2494,51.6109],[27.2446,51.6212],[27.2727,51.6468],[27.2728,51.6544],[27.2497,51.6675],[27.2078,51.6644],[27.2045,51.7438],[27.2008,51.7733],[26.9964,51.7699],[26.949,51.7352],[26.9158,51.7481],[26.8957,51.7466],[26.8756,51.7489],[26.8469,51.7661],[26.8179,51.7638],[26.8073,51.7552],[26.7935,51.7565],[26.7888,51.7663],[26.7788,51.7665],[26.7631,51.7756],[26.7554,51.7727],[26.7577,51.7928],[26.7541,51.8011],[26.7215,51.8123],[26.7084,51.8107],[26.6922,51.8233],[26.6551,51.8249],[26.6139,51.8244],[26.5928,51.8297],[26.5907,51.8207],[26.5522,51.8135],[26.5546,51.8044],[26.5453,51.797],[26.4691,51.7996],[26.4685,51.7876],[26.4383,51.7602],[26.4188,51.7706],[26.3982,51.7639],[26.3596,51.7688],[26.3447,51.767],[26.3426,51.7518],[26.3247,51.7493],[26.3202,51.7374],[26.3381,51.7337],[26.3473,51.7087],[26.3352,51.7079],[26.2938,51.713],[26.2765,51.7256],[26.2421,51.7346],[26.2262,51.7232],[26.2221,51.7251],[26.1956,51.7011],[26.19,51.7028],[26.1666,51.6896],[26.1792,51.6833],[26.1976,51.6891],[26.199,51.6705],[26.2067,51.667],[26.2185,51.6752],[26.2393,51.6707],[26.259,51.6618],[26.302,51.6388],[26.2751,51.6092],[26.2903,51.5853],[26.3139,51.5807],[26.2971,51.5559],[26.2424,51.5538],[26.2264,51.5489],[26.2531,51.5325],[26.2656,51.5282],[26.2869,51.512],[26.3152,51.4984],[26.3055,51.4926],[26.3208,51.4914],[26.3185,51.4798],[26.3054,51.4802],[26.2859,51.4715],[26.3041,51.4554],[26.3119,51.4604],[26.3594,51.4647],[26.3562,51.455],[26.3638,51.4372],[26.3783,51.4206],[26.4276,51.4293],[26.4445,51.423],[26.4446,51.4081],[26.4481,51.4066],[26.443,51.4017],[26.4449,51.4008],[26.4391,51.3941],[26.4266,51.3924],[26.4261,51.3864],[26.3721,51.3731],[26.3705,51.3646],[26.3579,51.3567],[26.3385,51.357],[26.3362,51.3519],[26.3295,51.3483],[26.338,51.3292],[26.3659,51.3236],[26.3173,51.3069],[26.2525,51.301],[26.2304,51.2966],[26.2438,51.3035],[26.2265,51.3138],[26.2376,51.3205],[26.2412,51.3318],[26.2331,51.3324],[26.2289,51.3235],[26.209,51.3301],[26.2057,51.3115],[26.1929,51.3092],[26.1845,51.2986],[26.1933,51.2907],[26.2145,51.2836],[26.2108,51.2697],[26.2368,51.2649],[26.2488,51.2676],[26.2583,51.2547],[26.2756,51.2528],[26.262,51.2351],[26.1565,51.2324],[26.134,51.2194],[26.1282,51.2133],[26.111,51.2084],[26.1089,51.2061],[26.1143,51.1953],[26.1029,51.1853],[26.0816,51.1815],[26.0818,51.1696],[26.1438,51.1688],[26.1561,51.1722],[26.1648,51.1484],[26.1823,51.1518],[26.1967,51.1591],[26.1997,51.1383],[26.2107,51.1368],[26.2191,51.1105],[26.2388,51.1175],[26.2628,51.1176],[26.2809,51.102],[26.3013,51.1114],[26.31,51.0951],[26.3233,51.0924],[26.3463,51.093],[26.3604,51.0784],[26.342,51.07],[26.3542,51.0595],[26.3525,51.0534],[26.4377,51.0505],[26.4661,51.0339],[26.4673,51.0263],[26.4822,51.0342],[26.4741,51.0599],[26.4872,51.0662],[26.5076,51.0588],[26.5107,51.046],[26.5025,51.0438],[26.5076,51.037],[26.5206,51.0511],[26.4911,51.0791],[26.4706,51.0787],[26.4512,51.0916],[26.4674,51.0932],[26.4855,51.0845],[26.5026,51.0826],[26.5095,51.0905],[26.5214,51.0852],[26.533,51.0888],[26.5048,51.1004],[26.4943,51.1167],[26.4777,51.1238],[26.4758,51.13],[26.494,51.1462],[26.5045,51.1473],[26.5248,51.1608],[26.5529,51.1719],[26.5535,51.1747],[26.5833,51.1779],[26.5954,51.183],[26.6051,51.1842],[26.6281,51.1839],[26.6333,51.1821],[26.6321,51.1648],[26.6498,51.1505],[26.663,51.1455],[26.6605,51.1257],[26.6706,51.1095],[26.6563,51.1095],[26.6562,51.1045],[26.6868,51.095],[26.7002,51.1022],[26.7219,51.106],[26.7219,51.1147],[26.7319,51.1234],[26.7524,51.1225],[26.7525,51.1276],[26.7675,51.1225],[26.7825,51.133],[26.7873,51.1442],[26.8022,51.134],[26.824,51.1352],[26.8248,51.1392],[26.8702,51.1401],[26.8705,51.131],[26.8916,51.134],[26.9733,51.1339],[27.0701,51.0866],[27.0887,51.06],[27.1115,51.0608],[27.1349,51.0556],[27.1413,51.0512],[27.1337,51.0385],[27.1372,51.0288],[27.1632,51.0124],[27.1788,50.9955],[27.2027,50.9917],[27.201,51.001],[27.2156,51.0093],[27.2263,51.0089],[27.2279,51.0236],[27.2207,51.0312],[27.2745,51.034],[27.2797,51.0416],[27.3256,51.0428],[27.3172,51.0577],[27.3252,51.0712],[27.3253,51.0816],[27.3322,51.0831],[27.3365,51.0884],[27.3551,51.0866],[27.3544,51.0956],[27.368,51.0983],[27.3696,51.1126]]]]},"properties":{"key":"сарненський","name":"Сарненський район","source_group":"raion"}},{"id":"синельниківський","type":"Feature","geometry":{"type":"MultiPolygon","coordinates":[[[[36.5848,47.8475],[36.5772,47.8797],[36.55,47.8773],[36.5426,47.9055],[36.5919,47.9106],[36.59,47.9212],[36.6162,47.9166],[36.6398,47.9199],[36.6284,47.9613],[36.586,47.9564],[36.5763,47.9982],[36.5899,48.0004],[36.5724,48.0152],[36.5904,48.0202],[36.5767,48.0365],[36.5768,48.0444],[36.586,48.0528],[36.5786,48.0622],[36.5884,48.066],[36.5871,48.0817],[36.6044,48.0852],[36.6081,48.0899],[36.622,48.0831],[36.6303,48.0886],[36.6519,48.0889],[36.6489,48.0956],[36.6639,48.0876],[36.669,48.0906],[36.6936,48.0862],[36.7125,48.0802],[36.715,48.0851],[36.7251,48.0787],[36.7262,48.0709],[36.7476,48.0621],[36.7413,48.0526],[36.7537,48.0492],[36.7645,48.0551],[36.7733,48.0472],[36.8029,48.0519],[36.8117,48.0396],[36.8323,48.0345],[36.8431,48.0374],[36.854,48.0323],[36.8576,48.0524],[36.8765,48.0511],[36.8807,48.0612],[36.8811,48.0641],[36.8955,48.0771],[36.873,48.1833],[36.8929,48.1797],[36.9054,48.1929],[36.9365,48.1941],[36.9119,48.309],[36.874,48.3054],[36.871,48.3168],[36.8171,48.3122],[36.8088,48.3476],[36.8155,48.3486],[36.8129,48.3662],[36.8269,48.3691],[36.8212,48.4063],[36.8346,48.4086],[36.8259,48.4129],[36.8362,48.4207],[36.8511,48.4182],[36.8466,48.4436],[36.8365,48.443],[36.83,48.4847],[36.8562,48.4871],[36.8502,48.5174],[36.9069,48.5225],[36.9013,48.5445],[36.8851,48.5428],[36.8827,48.5509],[36.8719,48.5502],[36.8589,48.5689],[36.8238,48.5655],[36.8101,48.5688],[36.8055,48.5966],[36.7805,48.5966],[36.7789,48.6006],[36.7466,48.5968],[36.7398,48.6264],[36.7051,48.6226],[36.7045,48.6279],[36.6737,48.6251],[36.6751,48.6184],[36.6548,48.6161],[36.6565,48.6085],[36.5917,48.6023],[36.5813,48.6074],[36.5795,48.6159],[36.5626,48.6167],[36.5612,48.6232],[36.4823,48.6629],[36.4478,48.6333],[36.4217,48.6356],[36.4412,48.6282],[36.3818,48.5702],[36.393,48.5652],[36.356,48.5323],[36.3555,48.5397],[36.3257,48.5559],[36.2958,48.5323],[36.2873,48.5223],[36.2416,48.4829],[36.2479,48.4794],[36.2091,48.4461],[36.2022,48.4486],[36.1856,48.4388],[36.1595,48.4396],[36.1249,48.4313],[36.1237,48.4252],[36.1108,48.4195],[36.0999,48.4264],[36.1063,48.4397],[36.0889,48.4476],[36.0797,48.4463],[36.0585,48.4513],[36.0462,48.4582],[36.103,48.3504],[35.8905,48.4094],[35.8664,48.4027],[35.8836,48.3909],[35.8406,48.3854],[35.8389,48.3801],[35.8239,48.3769],[35.8275,48.357],[35.8058,48.3548],[35.8149,48.3128],[35.7851,48.3095],[35.7879,48.286],[35.7586,48.293],[35.7539,48.3023],[35.7618,48.3104],[35.7485,48.3134],[35.756,48.321],[35.7495,48.3385],[35.7281,48.3408],[35.7188,48.3371],[35.7081,48.3359],[35.7085,48.3332],[35.7018,48.3347],[35.6792,48.3606],[35.6999,48.3692],[35.6915,48.3798],[35.7019,48.3832],[35.7155,48.3684],[35.7483,48.3862],[35.7333,48.4006],[35.7836,48.4048],[35.7767,48.427],[35.7927,48.4361],[35.7628,48.4652],[35.748,48.4722],[35.7328,48.4654],[35.7257,48.4719],[35.7069,48.4615],[35.6706,48.4912],[35.6479,48.4784],[35.6207,48.5021],[35.6154,48.5109],[35.6384,48.5234],[35.6193,48.5463],[35.6063,48.5434],[35.6103,48.5294],[35.5597,48.5202],[35.5657,48.5043],[35.5336,48.4988],[35.518,48.5357],[35.5157,48.5272],[35.4353,48.5377],[35.403,48.5267],[35.3966,48.5341],[35.3759,48.5264],[35.3847,48.5118],[35.3668,48.505],[35.3558,48.5174],[35.3304,48.5089],[35.3721,48.4552],[35.3478,48.4469],[35.3516,48.4391],[35.315,48.4242],[35.3032,48.4411],[35.2384,48.4329],[35.2355,48.4276],[35.2507,48.4248],[35.2689,48.4058],[35.2528,48.4075],[35.269,48.3919],[35.2803,48.3943],[35.2802,48.3853],[35.3092,48.3708],[35.2713,48.3666],[35.2778,48.3611],[35.2568,48.3524],[35.2818,48.3256],[35.2722,48.3228],[35.2622,48.3112],[35.2541,48.3132],[35.2493,48.2989],[35.2478,48.2785],[35.2304,48.2554],[35.2161,48.252],[35.1917,48.2642],[35.1831,48.2609],[35.1955,48.2359],[35.1946,48.2053],[35.1892,48.1797],[35.1902,48.1665],[35.197,48.1459],[35.1941,48.1406],[35.2205,48.1429],[35.2392,48.135],[35.2532,48.1362],[35.2737,48.1441],[35.2985,48.1436],[35.337,48.1249],[35.358,48.1229],[35.3831,48.1193],[35.3981,48.116],[35.4173,48.1096],[35.4197,48.1008],[35.4495,48.1039],[35.4854,48.0965],[35.502,48.0978],[35.5179,48.0937],[35.5233,48.0756],[35.7046,48.1407],[35.7427,48.0964],[35.7749,48.0975],[35.7842,48.0936],[35.8067,48.1003],[35.8169,48.0658],[35.9101,48.0798],[35.9675,48.095],[35.9836,48.0868],[35.9838,48.0792],[35.9703,48.0732],[35.9735,48.0588],[35.9823,48.0629],[35.9746,48.0439],[35.998,48.0468],[36.0523,48.059],[36.0657,48.0252],[36.0345,48.019],[36.0414,48.0039],[36.063,48.0004],[36.07,47.9722],[36.0483,47.9654],[36.0513,47.9592],[36.0731,47.9656],[36.0844,47.9303],[36.1099,47.9418],[36.12,47.9285],[36.1095,47.9247],[36.1268,47.9026],[36.1216,47.8998],[36.1294,47.8905],[36.1164,47.8718],[36.1175,47.8655],[36.0876,47.862],[36.081,47.8835],[36.0545,47.8805],[36.0591,47.8685],[36.0687,47.8676],[36.0747,47.8492],[36.0985,47.8502],[36.102,47.8435],[36.1785,47.8499],[36.1774,47.8575],[36.1953,47.86],[36.1972,47.8588],[36.1969,47.8548],[36.1874,47.8411],[36.1977,47.8338],[36.1975,47.832],[36.2669,47.8323],[36.2765,47.8154],[36.2975,47.8153],[36.3324,47.8206],[36.3247,47.8395],[36.3748,47.8384],[36.3766,47.8303],[36.4012,47.8306],[36.4135,47.8277],[36.4563,47.824],[36.5224,47.8282],[36.5213,47.8363],[36.5848,47.8475]]]]},"properties":{"key":"синельниківський","name":"Синельниківський район","source_group":"raion"}},{"id":"скадовський","type":"Feature","geometry":{"type":"MultiPolygon","coordinates":[[[[32.1503,46.5098],[32.1583,46.4959],[32.192,46.4875],[32.1681,46.4962],[32.1503,46.5098]]],[[[32.1112,46.5083],[32.0936,46.5047],[32.0947,46.5004],[32.1112,46.5083]]],[[[32.2993,46.4778],[32.309,46.4804],[32.2813,46.4871],[32.2865,46.481],[32.2775,46.4738],[32.29,46.4707],[32.2897,46.479],[32.2993,46.4778]]],[[[32.5617,46.0673],[32.5483,46.0663],[32.6219,46.0576],[32.6638,46.0504],[32.6875,46.0439],[32.7356,46.0347],[32.7983,46.0273],[32.8315,46.0213],[32.9015,46.0147],[32.9184,46.0114],[32.9556,46.0135],[33.0358,46.0081],[33.0476,46.0122],[33.0666,46.0107],[33.0572,46.0207],[33.0318,46.0286],[33.0253,46.0239],[33.0036,46.0298],[32.9765,46.0299],[32.9423,46.0468],[32.9287,46.0371],[32.9073,46.0376],[32.8611,46.0609],[32.8565,46.0547],[32.8371,46.0514],[32.8115,46.0369],[32.786,46.0298],[32.7354,46.0359],[32.7072,46.0439],[32.6917,46.0441],[32.661,46.055],[32.655,46.0532],[32.6209,46.0608],[32.5921,46.0629],[32.5617,46.0673]]],[[[32.1855,46.1427],[32.1184,46.1581],[32.0774,46.1663],[32.0724,46.1699],[32.0421,46.1727],[32.0567,46.1671],[32.1059,46.1588],[32.1855,46.1427]]],[[[31.6172,46.2448],[31.6001,46.2491],[31.5811,46.2577],[31.5511,46.279],[31.5403,46.2943],[31.5338,46.3171],[31.5376,46.337],[31.535,46.3659],[31.5226,46.3658],[31.5158,46.3564],[31.5125,46.3354],[31.5147,46.3207],[31.5231,46.3026],[31.5355,46.2881],[31.554,46.2718],[31.5791,46.256],[31.615,46.2403],[31.6662,46.2276],[31.8547,46.1948],[31.9763,46.1783],[31.9725,46.184],[31.9467,46.1834],[31.8884,46.1922],[31.873,46.1971],[31.8542,46.1963],[31.833,46.203],[31.8119,46.2036],[31.7881,46.2097],[31.7728,46.21],[31.7525,46.2155],[31.7333,46.2167],[31.695,46.2237],[31.6771,46.2288],[31.6409,46.2354],[31.6539,46.2364],[31.6778,46.2496],[31.6458,46.2446],[31.6172,46.2448]]],[[[31.806,46.4787],[31.8873,46.4607],[31.9538,46.4384],[31.9458,46.4456],[31.931,46.4477],[31.9278,46.4539],[31.9481,46.4463],[31.9431,46.4513],[31.9812,46.4432],[31.9888,46.4553],[32.0148,46.4515],[32.0304,46.439],[32.038,46.4165],[32.0569,46.3998],[32.0656,46.3865],[32.0407,46.3779],[32.0248,46.3848],[32.0037,46.3589],[31.9868,46.3509],[31.9594,46.3426],[31.9211,46.3355],[31.8868,46.3346],[31.8595,46.3321],[31.8347,46.334],[31.8051,46.3282],[31.7788,46.3113],[31.7622,46.3076],[31.7613,46.3003],[31.7739,46.2943],[31.7712,46.2883],[31.783,46.2745],[31.783,46.2646],[31.7936,46.2766],[31.8158,46.2675],[31.8281,46.2742],[31.8418,46.2699],[31.8596,46.2722],[31.8741,46.2651],[31.89,46.2782],[31.893,46.2981],[31.8774,46.3055],[31.8926,46.3147],[31.8977,46.2973],[31.9319,46.2935],[31.946,46.2859],[31.9573,46.2647],[31.9738,46.2558],[31.9932,46.2535],[31.9977,46.2646],[32.0052,46.2617],[31.9966,46.2517],[32.0289,46.2473],[32.0321,46.2524],[32.0529,46.2583],[32.0629,46.248],[32.0755,46.2497],[32.0828,46.2425],[32.0897,46.2227],[32.1267,46.2041],[32.1475,46.2029],[32.1638,46.199],[32.1722,46.2043],[32.1788,46.1948],[32.1656,46.1977],[32.1934,46.1762],[32.1953,46.1838],[32.2046,46.1818],[32.207,46.1904],[32.2355,46.1855],[32.2619,46.1913],[32.2626,46.1841],[32.2465,46.1808],[32.2377,46.1844],[32.2466,46.1723],[32.2366,46.1751],[32.2288,46.1696],[32.2372,46.1533],[32.2275,46.1317],[32.3724,46.0983],[32.4864,46.0748],[32.5425,46.0655],[32.5382,46.072],[32.546,46.0806],[32.6016,46.0986],[32.6153,46.0988],[32.625,46.1034],[32.6476,46.1063],[32.6751,46.0992],[32.707,46.1078],[32.7359,46.1086],[32.7422,46.1165],[32.7676,46.1225],[32.7911,46.1142],[32.8122,46.1168],[32.829,46.1101],[32.8374,46.1139],[32.8763,46.1156],[32.8886,46.1106],[32.9397,46.1064],[32.9646,46.1112],[33.01,46.1088],[33.0272,46.1102],[33.0259,46.1175],[33.0169,46.1149],[33.0152,46.1228],[33.0259,46.1254],[33.0307,46.138],[33.0162,46.1514],[33.0315,46.1564],[33.0661,46.1539],[33.0819,46.1358],[33.1049,46.132],[33.1288,46.1238],[33.1467,46.1363],[33.1605,46.1406],[33.1833,46.1561],[33.1938,46.1717],[33.1936,46.1822],[33.1855,46.1862],[33.187,46.1944],[33.1968,46.1895],[33.2067,46.1945],[33.2254,46.2175],[33.2227,46.2018],[33.2113,46.1962],[33.2126,46.1827],[33.206,46.1739],[33.2264,46.1532],[33.2078,46.1407],[33.2049,46.1223],[33.197,46.1141],[33.211,46.1045],[33.2065,46.1214],[33.2172,46.1316],[33.2562,46.1389],[33.2835,46.1329],[33.3074,46.1216],[33.3113,46.1142],[33.3091,46.0962],[33.2902,46.0923],[33.2802,46.0966],[33.2819,46.0808],[33.2952,46.0747],[33.309,46.0757],[33.3084,46.0902],[33.3165,46.107],[33.3305,46.116],[33.3458,46.0961],[33.3602,46.0896],[33.3723,46.0924],[33.3654,46.0761],[33.3905,46.0577],[33.416,46.0342],[33.4158,46.0383],[33.4479,46.041],[33.4606,46.049],[33.4674,46.0481],[33.4848,46.0339],[33.4992,46.0274],[33.5112,46.0307],[33.4904,46.0618],[33.4982,46.076],[33.5179,46.0817],[33.5528,46.0738],[33.5607,46.0756],[33.5505,46.0826],[33.5149,46.0992],[33.5097,46.1085],[33.5105,46.1231],[33.5229,46.1156],[33.5378,46.1183],[33.5552,46.1284],[33.5414,46.1247],[33.5471,46.1363],[33.5662,46.1375],[33.5711,46.1524],[33.5786,46.158],[33.5935,46.1575],[33.61,46.1468],[33.6152,46.1346],[33.636,46.1401],[33.6143,46.226],[33.6317,46.2283],[33.6313,46.2299],[33.6049,46.3276],[33.5347,46.3186],[33.5392,46.2993],[33.4656,46.2904],[33.4481,46.3577],[33.3659,46.3484],[33.3552,46.395],[33.0128,46.3575],[33.0272,46.2791],[32.9021,46.2649],[32.8983,46.286],[32.8572,46.2823],[32.8448,46.342],[32.8404,46.3475],[32.8348,46.4302],[32.8135,46.4519],[32.7906,46.4568],[32.7861,46.4788],[32.7816,46.5189],[32.77,46.5229],[32.7116,46.5179],[32.7007,46.5227],[32.6984,46.5351],[32.6781,46.5411],[32.653,46.5447],[32.6465,46.5589],[32.6318,46.5731],[32.6259,46.586],[32.621,46.5914],[32.5992,46.5769],[32.5786,46.5713],[32.5726,46.5564],[32.5609,46.5587],[32.5326,46.5512],[32.5166,46.5516],[32.5013,46.5591],[32.4932,46.5685],[32.4815,46.5712],[32.4662,46.5681],[32.4351,46.5557],[32.415,46.5434],[32.3917,46.5352],[32.3771,46.5266],[32.3173,46.5004],[32.3088,46.498],[32.3156,46.4925],[32.2864,46.4898],[32.2939,46.4847],[32.321,46.4781],[32.3217,46.4683],[32.3334,46.4754],[32.3386,46.4838],[32.352,46.4831],[32.3658,46.4907],[32.3782,46.4888],[32.4061,46.496],[32.424,46.4934],[32.4191,46.4805],[32.4052,46.4725],[32.368,46.4634],[32.3459,46.4628],[32.3047,46.4667],[32.2619,46.4773],[32.2383,46.4789],[32.2042,46.4785],[32.1518,46.4929],[32.1228,46.4988],[32.0779,46.4975],[32.0461,46.489],[32.0228,46.4868],[31.977,46.4917],[31.9449,46.5002],[31.9243,46.5081],[31.9079,46.5093],[31.9025,46.5175],[31.8842,46.5168],[31.8829,46.5113],[31.8577,46.5167],[31.8457,46.4976],[31.8216,46.4988],[31.8095,46.4893],[31.806,46.4787]]]]},"properties":{"key":"скадовський","name":"Скадовський район","source_group":"raion"}},{"id":"стрийський","type":"Feature","geometry":{"type":"MultiPolygon","coordinates":[[[[23.4915,48.7234],[23.5126,48.7335],[23.5357,48.7254],[23.5472,48.7264],[23.5582,48.759],[23.5801,48.7858],[23.5697,48.7957],[23.5686,48.8033],[23.553,48.8225],[23.5642,48.8288],[23.5693,48.8527],[23.5749,48.8649],[23.583,48.8727],[23.6071,48.8737],[23.6077,48.8827],[23.5949,48.8828],[23.5755,48.8889],[23.5636,48.9113],[23.569,48.9274],[23.586,48.9545],[23.5805,48.9651],[23.5651,48.9741],[23.5915,48.992],[23.5982,49],[23.6236,49.0134],[23.6232,49.0264],[23.6391,49.0303],[23.6495,49.0232],[23.6641,49.0286],[23.6771,49.0428],[23.6803,49.0605],[23.6863,49.0666],[23.6776,49.0742],[23.6833,49.0876],[23.6859,49.0909],[23.6946,49.0976],[23.707,49.0991],[23.7196,49.0943],[23.7378,49.1043],[23.7384,49.1111],[23.7481,49.1138],[23.7521,49.1242],[23.7644,49.1245],[23.7732,49.117],[23.7833,49.1202],[23.8005,49.1076],[23.8239,49.1094],[23.8278,49.1132],[23.8784,49.109],[23.9049,49.0997],[23.9337,49.1236],[23.9571,49.1298],[23.97,49.1406],[23.9868,49.1335],[24.0059,49.1294],[24.0118,49.1187],[24.019,49.1166],[24.0408,49.1299],[24.0578,49.1472],[24.0801,49.1452],[24.0872,49.1485],[24.119,49.139],[24.139,49.1414],[24.1453,49.1306],[24.1677,49.1267],[24.1648,49.1365],[24.1723,49.1445],[24.1955,49.1382],[24.2095,49.1491],[24.2315,49.1441],[24.2767,49.1651],[24.3048,49.17],[24.3342,49.1798],[24.3536,49.1814],[24.3558,49.1862],[24.3835,49.19],[24.3913,49.1816],[24.4156,49.1677],[24.4347,49.1748],[24.4306,49.1904],[24.4378,49.1978],[24.4376,49.2066],[24.4501,49.2293],[24.4304,49.2315],[24.3864,49.2269],[24.3581,49.2337],[24.3482,49.2338],[24.3443,49.2432],[24.3523,49.2526],[24.3535,49.2727],[24.3643,49.28],[24.3398,49.2913],[24.3069,49.2762],[24.2991,49.2893],[24.3011,49.3165],[24.3421,49.3105],[24.3585,49.3229],[24.3802,49.308],[24.392,49.3253],[24.3964,49.3513],[24.3917,49.3552],[24.4078,49.3657],[24.4288,49.3741],[24.4366,49.3814],[24.4068,49.3939],[24.388,49.396],[24.3896,49.408],[24.3746,49.4123],[24.3724,49.4367],[24.3831,49.4421],[24.4111,49.4449],[24.4193,49.4733],[24.4132,49.4735],[24.4045,49.4944],[24.3934,49.4991],[24.383,49.4946],[24.3514,49.4995],[24.3325,49.4964],[24.3101,49.5083],[24.3149,49.5218],[24.3021,49.5371],[24.2727,49.5461],[24.2541,49.5551],[24.2509,49.5511],[24.2213,49.5591],[24.2222,49.5691],[24.2099,49.5782],[24.1774,49.5784],[24.166,49.5748],[24.1538,49.5879],[24.1243,49.5878],[24.1024,49.5958],[24.0882,49.6092],[24.0913,49.6231],[24.0467,49.644],[24.032,49.64],[24.0292,49.6301],[24.0169,49.626],[23.9943,49.6322],[23.9593,49.6327],[23.9669,49.6393],[23.9404,49.6515],[23.9267,49.6314],[23.9122,49.6325],[23.9175,49.612],[23.9289,49.6068],[23.9306,49.599],[23.9599,49.5946],[23.9552,49.5875],[23.9363,49.5809],[23.9298,49.5706],[23.9156,49.5706],[23.8966,49.5782],[23.847,49.5799],[23.8507,49.589],[23.8386,49.5899],[23.8305,49.6029],[23.8187,49.6045],[23.8104,49.5956],[23.7987,49.5977],[23.7925,49.5826],[23.7828,49.579],[23.781,49.5709],[23.7886,49.5515],[23.8184,49.5318],[23.8129,49.5269],[23.8169,49.5141],[23.8056,49.5182],[23.8109,49.5226],[23.8001,49.5315],[23.7879,49.5096],[23.7736,49.5147],[23.7757,49.5337],[23.748,49.5328],[23.7367,49.5363],[23.7254,49.5338],[23.7238,49.5297],[23.7563,49.5197],[23.7653,49.5041],[23.7393,49.499],[23.7898,49.4942],[23.7827,49.478],[23.7503,49.4841],[23.7399,49.4755],[23.7453,49.4686],[23.7344,49.4663],[23.7372,49.449],[23.7597,49.447],[23.7657,49.462],[23.7724,49.4532],[23.8008,49.4488],[23.7867,49.4334],[23.7913,49.428],[23.7845,49.4203],[23.7938,49.4199],[23.7867,49.4078],[23.7916,49.3995],[23.7994,49.4016],[23.8056,49.3786],[23.7926,49.3776],[23.7915,49.3704],[23.7718,49.361],[23.7728,49.3495],[23.7891,49.3516],[23.7808,49.3369],[23.7732,49.338],[23.7437,49.3328],[23.7436,49.3238],[23.7292,49.3066],[23.7036,49.2987],[23.6812,49.2804],[23.6694,49.2828],[23.671,49.2642],[23.6908,49.2533],[23.6838,49.2401],[23.6961,49.2427],[23.7322,49.242],[23.7602,49.2342],[23.7743,49.2433],[23.7772,49.2545],[23.7855,49.2607],[23.8031,49.2547],[23.8081,49.2569],[23.8174,49.2457],[23.8392,49.2374],[23.787,49.2096],[23.7569,49.1922],[23.7087,49.1528],[23.7172,49.1497],[23.7107,49.1476],[23.6924,49.1299],[23.6752,49.1193],[23.6458,49.1329],[23.6209,49.1401],[23.6083,49.1505],[23.5804,49.1667],[23.5545,49.1619],[23.5128,49.186],[23.5013,49.1894],[23.4632,49.1899],[23.4501,49.1977],[23.443,49.2143],[23.445,49.2299],[23.4309,49.23],[23.3918,49.209],[23.378,49.2033],[23.3653,49.2051],[23.3544,49.2007],[23.3766,49.1874],[23.3907,49.1739],[23.3774,49.1535],[23.3527,49.1356],[23.3349,49.1413],[23.336,49.1466],[23.3077,49.153],[23.3026,49.1386],[23.2805,49.1355],[23.2737,49.1291],[23.2825,49.1165],[23.2885,49.0917],[23.2882,49.075],[23.2814,49.0642],[23.271,49.0585],[23.2692,49.0483],[23.2491,49.0306],[23.2156,49.0535],[23.2189,49.0409],[23.2044,49.0322],[23.1893,49.0362],[23.152,49.028],[23.1376,49.0349],[23.1266,49.0296],[23.1337,49.0202],[23.1151,49.0125],[23.1247,48.9999],[23.1258,48.9635],[23.1159,48.9373],[23.1049,48.9332],[23.0827,48.9186],[23.0749,48.8992],[23.1108,48.8756],[23.1307,48.875],[23.1587,48.8682],[23.1618,48.8599],[23.1543,48.8436],[23.1357,48.8447],[23.1355,48.8343],[23.1529,48.8323],[23.1715,48.81],[23.1803,48.8021],[23.1806,48.7926],[23.1905,48.7814],[23.2,48.7616],[23.2294,48.7623],[23.2446,48.7591],[23.2615,48.7602],[23.2797,48.7674],[23.288,48.7744],[23.312,48.7611],[23.3202,48.7529],[23.3378,48.7559],[23.3561,48.7658],[23.3595,48.7718],[23.3699,48.7656],[23.3787,48.7435],[23.3965,48.7354],[23.4111,48.7367],[23.4247,48.7294],[23.4614,48.7249],[23.4712,48.7198],[23.4915,48.7234]]]]},"properties":{"key":"стрийський","name":"Стрийський район","source_group":"raion"}},{"id":"сумський","type":"Feature","geometry":{"type":"MultiPolygon","coordinates":[[[[34.396,50.3676],[34.4063,50.3766],[34.4254,50.3818],[34.4559,50.3863],[34.4724,50.3945],[34.4854,50.3887],[34.4912,50.3949],[34.4791,50.3998],[34.4927,50.4135],[34.5026,50.4328],[34.5086,50.4329],[34.514,50.45],[34.5461,50.4483],[34.5634,50.4519],[34.5775,50.4505],[34.5878,50.4721],[34.6042,50.4765],[34.6333,50.491],[34.6286,50.4933],[34.6646,50.5063],[34.7141,50.5189],[34.7119,50.5281],[34.7203,50.5253],[34.7277,50.5356],[34.734,50.5547],[34.7289,50.5692],[34.7516,50.5706],[34.7649,50.5631],[34.7735,50.5654],[34.7811,50.5855],[34.7976,50.5942],[34.7908,50.5988],[34.8114,50.6068],[34.8288,50.6068],[34.8467,50.6213],[34.8652,50.6237],[34.8706,50.6407],[34.8844,50.6663],[34.8876,50.6734],[34.9036,50.6757],[34.928,50.6957],[34.9366,50.6979],[34.9382,50.7156],[34.9436,50.721],[34.9333,50.717],[34.938,50.7222],[34.9282,50.7235],[34.9366,50.7277],[34.9229,50.7307],[34.9258,50.741],[34.9155,50.7486],[34.9262,50.7504],[34.9436,50.7425],[34.9476,50.7365],[34.9624,50.7371],[34.9748,50.7433],[34.9795,50.7396],[35.0086,50.7427],[35.0176,50.738],[35.0623,50.7284],[35.0937,50.7155],[35.0861,50.7092],[35.0768,50.7114],[35.0687,50.7034],[35.0756,50.6997],[35.0717,50.6916],[35.0567,50.7035],[35.033,50.7013],[35.0211,50.6958],[35.0231,50.6789],[35.0311,50.6767],[35.0432,50.6877],[35.0633,50.6799],[35.0602,50.687],[35.0924,50.6801],[35.0922,50.6747],[35.1131,50.668],[35.1305,50.6767],[35.1497,50.6791],[35.1536,50.6871],[35.1648,50.6846],[35.1699,50.6733],[35.1812,50.6731],[35.2027,50.6484],[35.1942,50.6477],[35.1779,50.6313],[35.1726,50.6195],[35.1785,50.6147],[35.1698,50.609],[35.1648,50.5934],[35.1506,50.5914],[35.1632,50.588],[35.1579,50.5809],[35.1878,50.5709],[35.1983,50.5764],[35.2316,50.5719],[35.2472,50.5878],[35.2723,50.5814],[35.2667,50.5671],[35.2729,50.5622],[35.2711,50.5405],[35.2494,50.5416],[35.268,50.5366],[35.2726,50.5284],[35.2618,50.5232],[35.2643,50.5177],[35.2757,50.5193],[35.281,50.5273],[35.2944,50.5275],[35.2992,50.5395],[35.2941,50.5504],[35.3037,50.5439],[35.3175,50.5248],[35.3238,50.5238],[35.3168,50.5383],[35.3348,50.546],[35.3915,50.5377],[35.4057,50.5536],[35.439,50.5426],[35.4278,50.5621],[35.3908,50.5801],[35.3997,50.5902],[35.4255,50.603],[35.4206,50.6158],[35.4129,50.6135],[35.4021,50.6318],[35.3913,50.6416],[35.4007,50.6562],[35.4271,50.6547],[35.4624,50.666],[35.4854,50.6553],[35.4873,50.6707],[35.4964,50.6788],[35.4718,50.681],[35.4604,50.6895],[35.4604,50.705],[35.4679,50.7109],[35.4736,50.7254],[35.464,50.7348],[35.4718,50.7369],[35.4738,50.755],[35.489,50.7768],[35.4748,50.7847],[35.4499,50.7827],[35.4333,50.7943],[35.4154,50.799],[35.4104,50.805],[35.42,50.829],[35.4193,50.8439],[35.4043,50.8639],[35.3824,50.8707],[35.4023,50.8797],[35.3884,50.8859],[35.3799,50.8957],[35.4031,50.9032],[35.393,50.9247],[35.3673,50.9259],[35.3726,50.9325],[35.3551,50.9308],[35.3345,50.9346],[35.3262,50.9466],[35.3361,50.9632],[35.3523,50.9731],[35.3428,50.9876],[35.33,50.9962],[35.3374,50.9983],[35.3229,51.014],[35.3557,51.0058],[35.3827,51.0131],[35.3837,51.02],[35.3937,51.0199],[35.4094,51.0265],[35.3999,51.0318],[35.4096,51.039],[35.3954,51.0549],[35.3871,51.0535],[35.3751,51.0669],[35.3497,51.0623],[35.3277,51.0707],[35.3281,51.0771],[35.3044,51.0786],[35.2967,51.0698],[35.2813,51.0675],[35.276,51.0591],[35.2579,51.0588],[35.2482,51.0647],[35.2115,51.0462],[35.1968,51.0503],[35.1632,51.0835],[35.1481,51.0824],[35.1563,51.0905],[35.1741,51.0869],[35.1769,51.0986],[35.1647,51.1012],[35.1676,51.1264],[35.1415,51.1338],[35.1346,51.1475],[35.1405,51.1514],[35.1236,51.1645],[35.136,51.1707],[35.1304,51.1744],[35.1301,51.1945],[35.1435,51.2032],[35.1369,51.2097],[35.1501,51.2237],[35.1054,51.2327],[35.0662,51.229],[35.0621,51.2157],[35.0398,51.2046],[35.038,51.2177],[35.023,51.221],[35.0105,51.2315],[34.9938,51.2285],[34.9799,51.2353],[34.9517,51.227],[34.9513,51.219],[34.9258,51.2055],[34.9116,51.2059],[34.8981,51.1934],[34.8844,51.1958],[34.8763,51.1912],[34.8623,51.1992],[34.8336,51.1832],[34.8356,51.1693],[34.8173,51.169],[34.7993,51.1754],[34.7848,51.1847],[34.7722,51.1748],[34.7538,51.1806],[34.7371,51.179],[34.731,51.1827],[34.7169,51.1717],[34.688,51.1814],[34.6686,51.1969],[34.6617,51.2474],[34.6017,51.2535],[34.5991,51.2457],[34.58,51.2336],[34.5405,51.2525],[34.5238,51.2527],[34.5133,51.2423],[34.484,51.2447],[34.46,51.2526],[34.4463,51.2619],[34.4385,51.2564],[34.4123,51.2627],[34.4004,51.271],[34.3832,51.2734],[34.3308,51.2398],[34.3064,51.2382],[34.2831,51.2498],[34.2432,51.2638],[34.2306,51.2625],[34.2093,51.2591],[34.2115,51.252],[34.1957,51.2444],[34.1828,51.2505],[34.1732,51.2447],[34.1611,51.2448],[34.159,51.2384],[34.1586,51.2358],[34.1471,51.2335],[34.1412,51.2156],[34.1486,51.1984],[34.13,51.1844],[34.1196,51.1816],[34.1212,51.1582],[34.1301,51.142],[34.108,51.144],[34.0781,51.12],[34.0809,51.1186],[34.0689,51.0904],[34.0167,51.077],[34.0203,51.0747],[34.0186,51.0685],[34.0144,51.0654],[34.0138,51.054],[34.0255,51.0471],[34.0456,51.017],[34.0614,51.0141],[34.0946,50.9953],[34.0736,50.9908],[34.0668,50.9661],[34.0373,50.9541],[34.057,50.9453],[34.0719,50.9457],[34.071,50.9349],[34.0978,50.9365],[34.1094,50.9278],[34.0984,50.9225],[34.1072,50.904],[34.1309,50.8719],[34.1656,50.8815],[34.1871,50.86],[34.1891,50.8526],[34.1811,50.8466],[34.1838,50.8389],[34.1698,50.8301],[34.161,50.8091],[34.1426,50.8097],[34.1431,50.8007],[34.1566,50.8006],[34.1619,50.7942],[34.1623,50.7758],[34.1777,50.7653],[34.1703,50.7559],[34.1532,50.7497],[34.1501,50.7417],[34.1641,50.7344],[34.1411,50.7194],[34.1272,50.7312],[34.1029,50.7224],[34.0814,50.7078],[34.1253,50.682],[34.1496,50.6599],[34.1818,50.6476],[34.1961,50.628],[34.2283,50.6024],[34.2218,50.599],[34.2321,50.5701],[34.225,50.5693],[34.2267,50.5544],[34.2387,50.5534],[34.2424,50.5331],[34.2458,50.526],[34.245,50.5232],[34.2492,50.5172],[34.2555,50.4904],[34.2509,50.453],[34.2586,50.4333],[34.2724,50.4315],[34.2913,50.411],[34.3428,50.3901],[34.3762,50.3706],[34.396,50.3676]]]]},"properties":{"key":"сумський","name":"Сумський район","source_group":"raion"}},{"id":"тернопільський","type":"Feature","geometry":{"type":"MultiPolygon","coordinates":[[[[25.2536,49.1858],[25.2991,49.2143],[25.3713,49.2005],[25.3733,49.1951],[25.3992,49.1872],[25.4054,49.1945],[25.4038,49.2039],[25.4162,49.2018],[25.4249,49.2123],[25.4337,49.2105],[25.4652,49.2124],[25.4875,49.2048],[25.5229,49.1845],[25.5066,49.1617],[25.5189,49.1569],[25.5174,49.1447],[25.5479,49.1309],[25.5609,49.1331],[25.5908,49.1311],[25.624,49.1317],[25.6273,49.1465],[25.6533,49.1448],[25.668,49.1496],[25.6534,49.1625],[25.6441,49.1631],[25.6428,49.176],[25.6652,49.1707],[25.6736,49.1648],[25.7029,49.178],[25.7226,49.1808],[25.7255,49.1751],[25.7471,49.174],[25.751,49.155],[25.7547,49.155],[25.7712,49.1304],[25.7786,49.1342],[25.781,49.1333],[25.787,49.138],[25.7791,49.1496],[25.79,49.1452],[25.7926,49.136],[25.8011,49.1426],[25.83,49.1828],[25.8552,49.2058],[25.844,49.2057],[25.8275,49.213],[25.8281,49.2234],[25.8362,49.2285],[25.84,49.2403],[25.8323,49.2438],[25.8496,49.261],[25.8541,49.2728],[25.866,49.2761],[25.881,49.2791],[25.8896,49.2867],[25.9234,49.2855],[25.932,49.2946],[25.9423,49.2964],[25.9137,49.3053],[25.898,49.319],[25.8927,49.3351],[25.8953,49.3692],[25.903,49.3757],[25.9221,49.3757],[25.9683,49.3592],[25.9771,49.3619],[26.001,49.3604],[26.0724,49.3611],[26.0921,49.3681],[26.1031,49.3665],[26.1281,49.3694],[26.1272,49.3838],[26.161,49.3809],[26.163,49.385],[26.2312,49.3738],[26.2231,49.3767],[26.2216,49.3788],[26.2288,49.3833],[26.234,49.4003],[26.2282,49.4073],[26.1991,49.427],[26.2016,49.4404],[26.19,49.4572],[26.1886,49.4798],[26.1802,49.4878],[26.1617,49.4957],[26.1515,49.5067],[26.1453,49.5144],[26.1566,49.5205],[26.1579,49.5312],[26.1756,49.5496],[26.1973,49.5546],[26.1995,49.546],[26.2038,49.5454],[26.2189,49.5521],[26.214,49.5648],[26.2142,49.5699],[26.2075,49.5799],[26.2145,49.5881],[26.2,49.6085],[26.2087,49.6096],[26.2166,49.6199],[26.226,49.6239],[26.232,49.6368],[26.2401,49.6385],[26.2553,49.6331],[26.2673,49.643],[26.2612,49.6527],[26.2747,49.656],[26.2713,49.6612],[26.2711,49.6647],[26.264,49.6716],[26.2497,49.6817],[26.2409,49.6929],[26.2105,49.7071],[26.1974,49.7077],[26.1877,49.7171],[26.1655,49.7275],[26.1615,49.716],[26.1219,49.72],[26.0594,49.7223],[26.0193,49.714],[26.0094,49.7187],[25.9986,49.7145],[25.9799,49.719],[25.9641,49.713],[25.9461,49.7007],[25.9162,49.7218],[25.9119,49.7138],[25.8725,49.7275],[25.8743,49.7356],[25.8473,49.7543],[25.8588,49.7639],[25.8846,49.779],[25.9043,49.7829],[25.9248,49.7907],[25.9071,49.794],[25.9028,49.8004],[25.8825,49.7948],[25.8685,49.7982],[25.8588,49.8079],[25.8343,49.8103],[25.8324,49.8066],[25.7869,49.8064],[25.7744,49.8084],[25.7748,49.7965],[25.7619,49.8018],[25.7422,49.8034],[25.7323,49.8007],[25.7159,49.8055],[25.6919,49.8168],[25.6793,49.8158],[25.6738,49.8206],[25.6766,49.8496],[25.661,49.8429],[25.6402,49.8218],[25.5909,49.7993],[25.5719,49.7994],[25.57,49.7941],[25.5412,49.775],[25.5327,49.7793],[25.5175,49.7982],[25.5124,49.8096],[25.5025,49.8169],[25.4768,49.8248],[25.4729,49.8619],[25.4613,49.8867],[25.449,49.8977],[25.4205,49.9149],[25.4236,49.9312],[25.4312,49.9352],[25.4279,49.9403],[25.4156,49.9342],[25.4016,49.9374],[25.3874,49.9347],[25.3869,49.9273],[25.3761,49.9136],[25.3892,49.8972],[25.3818,49.8778],[25.3706,49.8753],[25.3758,49.8683],[25.3392,49.8637],[25.336,49.8591],[25.316,49.8558],[25.2999,49.8498],[25.2895,49.84],[25.2945,49.8333],[25.2864,49.8274],[25.2713,49.8293],[25.262,49.8369],[25.2471,49.8323],[25.2413,49.825],[25.2126,49.8265],[25.2114,49.8297],[25.1797,49.8376],[25.1718,49.8311],[25.1567,49.8357],[25.1435,49.8279],[25.1431,49.8184],[25.1352,49.8154],[25.0966,49.821],[25.0848,49.8273],[25.0838,49.7991],[25.0899,49.7874],[25.0874,49.7791],[25.0769,49.7783],[25.0752,49.77],[25.1155,49.7456],[25.0952,49.7291],[25.0881,49.7282],[25.0673,49.7116],[25.046,49.7299],[25.0223,49.7354],[25,49.7001],[24.9943,49.6658],[24.9872,49.6527],[24.99,49.6447],[24.9834,49.6362],[24.9662,49.6409],[24.9618,49.6267],[24.9524,49.6148],[24.9455,49.617],[24.931,49.6166],[24.9399,49.6079],[24.9283,49.6089],[24.917,49.6134],[24.9087,49.6142],[24.8989,49.6107],[24.9029,49.5996],[24.8853,49.602],[24.8727,49.6093],[24.8632,49.5981],[24.8464,49.6009],[24.8333,49.5989],[24.8414,49.5819],[24.8349,49.5804],[24.83,49.5929],[24.8137,49.5866],[24.8023,49.5864],[24.791,49.5723],[24.7665,49.5729],[24.7187,49.5708],[24.7291,49.5468],[24.7195,49.5307],[24.7211,49.4968],[24.7303,49.4909],[24.7241,49.4819],[24.7438,49.4668],[24.7512,49.4502],[24.7704,49.4338],[24.7716,49.4299],[24.7696,49.4236],[24.7755,49.4137],[24.7748,49.3977],[24.7761,49.3902],[24.7807,49.3853],[24.7951,49.3819],[24.8105,49.3911],[24.8288,49.3862],[24.8339,49.3632],[24.845,49.3534],[24.8608,49.3475],[24.852,49.3459],[24.8394,49.3247],[24.8281,49.3181],[24.831,49.2845],[24.8406,49.2834],[24.8439,49.2633],[24.869,49.258],[24.9,49.2433],[24.9273,49.2374],[24.9299,49.2288],[24.9014,49.2167],[24.8891,49.2],[24.9271,49.181],[24.9326,49.1738],[24.9442,49.1714],[24.9802,49.1816],[24.9985,49.1809],[25.0413,49.1736],[25.0543,49.1706],[25.1002,49.175],[25.1387,49.175],[25.1779,49.1779],[25.2453,49.1905],[25.2536,49.1858]]]]},"properties":{"key":"тернопільський","name":"Тернопільський район","source_group":"raion"}},{"id":"тульчинський","type":"Feature","geometry":{"type":"MultiPolygon","coordinates":[[[[29.0449,48.156],[29.0457,48.1724],[29.0614,48.1839],[29.0626,48.1915],[29.0656,48.1959],[29.0628,48.2109],[29.0745,48.2246],[29.0762,48.2378],[29.0903,48.2439],[29.1037,48.2619],[29.1015,48.2699],[29.1092,48.2768],[29.1052,48.2936],[29.077,48.3015],[29.0769,48.3137],[29.1011,48.3197],[29.0956,48.3317],[29.0804,48.3324],[29.0779,48.3282],[29.0544,48.3299],[29.0542,48.3357],[29.0316,48.3558],[29.0402,48.3619],[29.0465,48.3786],[29.0363,48.3988],[29.0426,48.4149],[29.0779,48.413],[29.0955,48.427],[29.0945,48.4486],[29.0525,48.4568],[28.987,48.4561],[28.9945,48.4736],[28.99,48.4748],[28.9924,48.4883],[28.9804,48.4981],[28.958,48.5059],[28.9676,48.5079],[28.9623,48.5202],[28.9451,48.516],[28.9343,48.5067],[28.927,48.5082],[28.9167,48.5242],[28.8927,48.5195],[28.88,48.5216],[28.8773,48.5372],[28.9034,48.5537],[28.9221,48.5582],[28.9517,48.5532],[28.9581,48.5621],[28.9941,48.5537],[29.0063,48.5586],[29.018,48.5564],[29.0122,48.5593],[29.0359,48.5714],[29.0519,48.5654],[29.0676,48.5726],[29.0537,48.5802],[29.0693,48.5808],[29.0748,48.5889],[29.105,48.5909],[29.1262,48.5784],[29.135,48.583],[29.1533,48.5734],[29.1405,48.5975],[29.1443,48.6083],[29.1651,48.6137],[29.1578,48.6249],[29.1612,48.6367],[29.1751,48.6607],[29.1719,48.6734],[29.1398,48.6744],[29.123,48.6943],[29.1112,48.686],[29.0998,48.6914],[29.0918,48.6881],[29.0795,48.6976],[29.0791,48.7084],[29.0626,48.7229],[29.0783,48.7277],[29.1225,48.7087],[29.1457,48.7203],[29.1339,48.7272],[29.1008,48.7337],[29.0806,48.7529],[29.0878,48.7662],[29.0995,48.775],[29.1168,48.7788],[29.1188,48.7924],[29.1071,48.8049],[29.1214,48.818],[29.1372,48.8131],[29.1431,48.8185],[29.1323,48.8346],[29.1033,48.8345],[29.0985,48.838],[29.086,48.8332],[29.0815,48.839],[29.0577,48.8347],[29.0123,48.8292],[29.0004,48.8376],[29.0025,48.851],[28.9949,48.8545],[28.9918,48.844],[28.9581,48.8598],[28.9528,48.8647],[28.9644,48.8738],[28.9687,48.9036],[28.9374,48.9138],[28.9042,48.9054],[28.9189,48.8877],[28.906,48.8832],[28.9226,48.8559],[28.8952,48.8528],[28.9067,48.8371],[28.9001,48.8331],[28.8721,48.8492],[28.8442,48.8531],[28.8306,48.8461],[28.8245,48.8504],[28.826,48.875],[28.8105,48.8727],[28.8037,48.9004],[28.7916,48.9031],[28.7726,48.8938],[28.7513,48.876],[28.7653,48.8629],[28.7595,48.8613],[28.7495,48.8713],[28.7448,48.8624],[28.7287,48.859],[28.7142,48.8657],[28.7077,48.8749],[28.6669,48.8708],[28.6558,48.8886],[28.6333,48.895],[28.6388,48.9074],[28.6481,48.913],[28.6407,48.9189],[28.6445,48.9282],[28.6272,48.9333],[28.6003,48.893],[28.5962,48.8809],[28.5596,48.8875],[28.556,48.8956],[28.539,48.8924],[28.5214,48.8784],[28.5322,48.8552],[28.5312,48.8432],[28.5209,48.8408],[28.4887,48.8455],[28.4866,48.8524],[28.4659,48.8544],[28.4562,48.8672],[28.4402,48.8704],[28.4407,48.8607],[28.4221,48.8671],[28.3979,48.8711],[28.3983,48.8643],[28.3808,48.869],[28.3759,48.862],[28.379,48.8457],[28.3604,48.8396],[28.3533,48.8264],[28.3475,48.8252],[28.3492,48.8066],[28.3812,48.7832],[28.3911,48.781],[28.3589,48.7648],[28.3654,48.7593],[28.3987,48.75],[28.4211,48.7589],[28.4433,48.7404],[28.4365,48.7346],[28.4506,48.7267],[28.4524,48.72],[28.466,48.7069],[28.4589,48.702],[28.4654,48.695],[28.4705,48.6786],[28.4283,48.6571],[28.4037,48.6506],[28.3933,48.6383],[28.4052,48.6299],[28.3906,48.6162],[28.382,48.6262],[28.3694,48.611],[28.3519,48.6144],[28.342,48.6015],[28.3152,48.5856],[28.3095,48.5758],[28.2993,48.5727],[28.2974,48.5567],[28.3163,48.5478],[28.3206,48.5352],[28.3516,48.5204],[28.3519,48.5146],[28.3199,48.5069],[28.3165,48.4883],[28.3278,48.4898],[28.3478,48.4861],[28.3374,48.4726],[28.3527,48.4682],[28.3693,48.4521],[28.3755,48.4537],[28.3853,48.4456],[28.3717,48.4397],[28.3859,48.4248],[28.3811,48.4224],[28.3943,48.4101],[28.4265,48.4215],[28.4598,48.4283],[28.4643,48.4224],[28.4583,48.4004],[28.4513,48.3938],[28.4571,48.3839],[28.4495,48.3758],[28.4811,48.3627],[28.468,48.3526],[28.4658,48.3449],[28.4874,48.339],[28.5048,48.3297],[28.5126,48.3179],[28.5089,48.3014],[28.5115,48.2819],[28.5007,48.27],[28.5074,48.2667],[28.5398,48.2617],[28.5586,48.2443],[28.5724,48.2356],[28.5608,48.2232],[28.5995,48.2083],[28.5876,48.1994],[28.5786,48.2012],[28.5703,48.1908],[28.562,48.1896],[28.5672,48.1763],[28.5772,48.1821],[28.5794,48.1665],[28.5919,48.1733],[28.6114,48.1569],[28.6489,48.152],[28.6475,48.1431],[28.6823,48.1468],[28.6777,48.1427],[28.688,48.1244],[28.7064,48.1295],[28.722,48.126],[28.7355,48.1332],[28.7547,48.1361],[28.7718,48.1247],[28.7948,48.1261],[28.8063,48.1344],[28.814,48.1241],[28.8336,48.1285],[28.841,48.1255],[28.8575,48.1024],[28.8484,48.0801],[28.856,48.0799],[28.8666,48.07],[28.8741,48.0736],[28.8734,48.0825],[28.9285,48.0952],[28.9329,48.1261],[28.944,48.1571],[28.9762,48.1518],[28.984,48.1451],[28.9944,48.1519],[29.0093,48.1481],[29.0196,48.1297],[29.0322,48.1263],[29.0339,48.133],[29.0506,48.1499],[29.0449,48.156]]]]},"properties":{"key":"тульчинський","name":"Тульчинський район","source_group":"raion"}},{"id":"тячівський","type":"Feature","geometry":{"type":"MultiPolygon","coordinates":[[[[23.5285,48.0186],[23.5415,48.0093],[23.5675,48.0032],[23.5848,48.0039],[23.593,48.0079],[23.6136,48.0082],[23.6223,48.0024],[23.6374,48.0015],[23.6478,47.9899],[23.6669,47.9834],[23.7122,47.9907],[23.7182,47.9871],[23.7264,47.9935],[23.7472,47.9962],[23.7618,47.9922],[23.7696,47.9954],[23.7826,47.9879],[23.8126,47.9833],[23.8305,47.9723],[23.8325,47.9578],[23.8508,47.9369],[23.8679,47.9327],[23.8844,47.944],[23.9414,47.9478],[23.9501,47.9625],[23.9461,47.9671],[23.9864,47.9846],[24.0078,48.0029],[23.9932,48.0074],[23.9653,47.9827],[23.9411,47.9748],[23.9123,48.0272],[23.8901,48.0454],[23.9092,48.0508],[23.9358,48.0465],[23.9408,48.0536],[23.938,48.0734],[23.9497,48.0918],[23.9411,48.0995],[23.9476,48.12],[23.9436,48.1371],[23.9799,48.1717],[23.9985,48.1852],[24.0216,48.206],[24.0204,48.2146],[24.0366,48.2366],[24.0372,48.2492],[24.0313,48.2538],[24.0338,48.2626],[24.0415,48.2589],[24.0483,48.2665],[24.0528,48.2595],[24.0607,48.2633],[24.0654,48.2508],[24.0782,48.2619],[24.0816,48.2698],[24.0924,48.274],[24.0923,48.2636],[24.0996,48.2652],[24.1053,48.2544],[24.1256,48.2697],[24.1383,48.2726],[24.1414,48.2644],[24.1522,48.2773],[24.1618,48.2732],[24.1758,48.2769],[24.178,48.2851],[24.1564,48.2981],[24.1642,48.3027],[24.1603,48.3125],[24.1448,48.3131],[24.1451,48.3198],[24.1587,48.3319],[24.1666,48.3442],[24.1674,48.3541],[24.1809,48.3671],[24.1817,48.3748],[24.1717,48.3758],[24.164,48.384],[24.1508,48.3877],[24.1533,48.4012],[24.1409,48.4091],[24.1459,48.4344],[24.1347,48.4385],[24.1254,48.4538],[24.1263,48.4678],[24.1421,48.4809],[24.1154,48.4976],[24.1208,48.504],[24.1315,48.5286],[24.1108,48.5341],[24.101,48.5257],[24.0893,48.5268],[24.0772,48.5144],[24.0653,48.5178],[24.0458,48.5115],[24.0328,48.5017],[24.0205,48.5054],[23.9983,48.5057],[23.9747,48.4753],[23.9782,48.4663],[23.9739,48.4633],[23.9608,48.4586],[23.9437,48.4644],[23.927,48.4651],[23.9141,48.471],[23.9071,48.4831],[23.9178,48.4934],[23.9249,48.5138],[23.9144,48.5329],[23.9165,48.541],[23.9293,48.552],[23.9106,48.5568],[23.9058,48.5622],[23.8906,48.5541],[23.8687,48.5564],[23.8607,48.5534],[23.8621,48.5435],[23.8505,48.5056],[23.8413,48.4981],[23.8261,48.4675],[23.8104,48.4526],[23.8027,48.4366],[23.8108,48.4242],[23.7967,48.4129],[23.7903,48.3996],[23.7661,48.3844],[23.7574,48.3889],[23.7332,48.3748],[23.7034,48.3729],[23.6945,48.3582],[23.6961,48.3496],[23.6657,48.3364],[23.6829,48.3171],[23.6705,48.312],[23.6598,48.3141],[23.6322,48.3021],[23.6258,48.2807],[23.5998,48.2561],[23.588,48.2536],[23.586,48.2411],[23.5757,48.2224],[23.5553,48.2193],[23.5543,48.2121],[23.5359,48.208],[23.5311,48.1919],[23.5357,48.1801],[23.5444,48.1715],[23.5414,48.1557],[23.5521,48.1555],[23.5576,48.1428],[23.544,48.126],[23.498,48.1198],[23.4805,48.1197],[23.4667,48.112],[23.4638,48.089],[23.4392,48.0689],[23.4444,48.0599],[23.4555,48.0562],[23.4694,48.0374],[23.4826,48.0358],[23.4928,48.0266],[23.512,48.0226],[23.5285,48.0186]]]]},"properties":{"key":"тячівський","name":"Тячівський район","source_group":"raion"}},{"id":"ужгородський","type":"Feature","geometry":{"type":"MultiPolygon","coordinates":[[[[22.3451,48.3889],[22.3523,48.4043],[22.3597,48.4016],[22.356,48.3913],[22.3689,48.3731],[22.3932,48.3917],[22.4077,48.3835],[22.4191,48.3923],[22.4316,48.3849],[22.4551,48.3778],[22.4839,48.3772],[22.4873,48.3893],[22.4978,48.3901],[22.506,48.4008],[22.4644,48.4163],[22.4659,48.4209],[22.4482,48.4328],[22.4317,48.4312],[22.4372,48.4407],[22.4235,48.4416],[22.3734,48.4711],[22.3595,48.475],[22.3831,48.4864],[22.4014,48.4875],[22.4441,48.4769],[22.48,48.4836],[22.4821,48.4896],[22.5126,48.4958],[22.5145,48.4892],[22.5293,48.4909],[22.5507,48.4878],[22.558,48.4827],[22.5589,48.495],[22.5778,48.4992],[22.5836,48.5122],[22.5562,48.531],[22.5558,48.5542],[22.5726,48.5635],[22.6199,48.5794],[22.628,48.5779],[22.6379,48.5922],[22.6539,48.6009],[22.6532,48.6199],[22.6662,48.6273],[22.6692,48.6506],[22.6979,48.647],[22.7018,48.6401],[22.7167,48.6383],[22.7323,48.6313],[22.7493,48.6315],[22.7696,48.6362],[22.7896,48.6336],[22.8205,48.612],[22.8496,48.6146],[22.859,48.6241],[22.8613,48.6404],[22.8495,48.6599],[22.8569,48.6662],[22.8486,48.6875],[22.8682,48.7067],[22.8627,48.7227],[22.8718,48.7392],[22.8712,48.7494],[22.8979,48.7591],[22.8937,48.7709],[22.8855,48.7781],[22.8824,48.7933],[22.8715,48.8109],[22.8806,48.8155],[22.8809,48.8275],[22.8732,48.8415],[22.8525,48.8614],[22.8351,48.8696],[22.8359,48.8781],[22.8615,48.9008],[22.8659,48.9088],[22.8601,48.9219],[22.8813,48.9303],[22.873,48.9435],[22.8747,48.9573],[22.8987,48.9689],[22.9098,48.9651],[22.9198,48.9689],[22.917,48.9843],[22.8965,49.0052],[22.878,49.0003],[22.8679,49.0032],[22.8466,49.0028],[22.8328,49.0264],[22.8129,49.0255],[22.8084,49.0348],[22.7855,49.0466],[22.7658,49.0538],[22.7526,49.0436],[22.7168,49.0531],[22.6979,49.0499],[22.6858,49.0399],[22.6736,49.0416],[22.6692,49.0476],[22.6587,49.0473],[22.6391,49.06],[22.6243,49.0806],[22.6037,49.0845],[22.5988,49.0933],[22.5831,49.0973],[22.5525,49.0797],[22.5492,49.0282],[22.5367,49.0216],[22.544,49.0076],[22.5159,48.996],[22.5026,48.9997],[22.4769,48.9925],[22.4747,48.9762],[22.4645,48.9728],[22.4231,48.929],[22.4306,48.9193],[22.4228,48.9125],[22.4202,48.8846],[22.3945,48.877],[22.3799,48.8603],[22.3788,48.8389],[22.375,48.8341],[22.3826,48.8244],[22.3871,48.7991],[22.3795,48.7956],[22.3729,48.7827],[22.3637,48.78],[22.3458,48.7667],[22.3425,48.7507],[22.3613,48.7408],[22.3598,48.7262],[22.345,48.7062],[22.339,48.6842],[22.3245,48.6832],[22.3017,48.6768],[22.2833,48.6618],[22.2498,48.6472],[22.2489,48.6393],[22.2393,48.6267],[22.2292,48.6203],[22.2154,48.6212],[22.1979,48.6092],[22.1887,48.61],[22.1726,48.5891],[22.1604,48.5678],[22.1566,48.5215],[22.1372,48.4335],[22.1381,48.4145],[22.144,48.4038],[22.1544,48.4036],[22.1571,48.41],[22.1867,48.4158],[22.2013,48.4243],[22.214,48.4251],[22.2359,48.4106],[22.2653,48.4097],[22.2532,48.3915],[22.2407,48.3882],[22.253,48.3798],[22.267,48.3611],[22.3,48.3536],[22.3167,48.3543],[22.3186,48.3647],[22.3291,48.3729],[22.3443,48.3758],[22.3455,48.3832],[22.3451,48.3889]]]]},"properties":{"key":"ужгородський","name":"Ужгородський район","source_group":"raion"}},{"id":"уманський","type":"Feature","geometry":{"type":"MultiPolygon","coordinates":[[[[30.3055,48.5119],[30.3237,48.5214],[30.3407,48.5243],[30.387,48.5282],[30.3868,48.5427],[30.4037,48.5742],[30.453,48.5837],[30.4759,48.5651],[30.486,48.5688],[30.5259,48.5661],[30.5417,48.5715],[30.5676,48.5677],[30.5698,48.5783],[30.5643,48.5807],[30.5684,48.5918],[30.5586,48.5964],[30.5712,48.6064],[30.5316,48.6289],[30.5551,48.6545],[30.5984,48.6633],[30.6008,48.6778],[30.6115,48.6975],[30.6016,48.6992],[30.5758,48.721],[30.5596,48.7315],[30.5437,48.7248],[30.5257,48.7404],[30.5319,48.7431],[30.4944,48.7693],[30.4924,48.7678],[30.4682,48.7855],[30.474,48.7867],[30.4887,48.8081],[30.4737,48.8149],[30.5349,48.8528],[30.4747,48.8794],[30.4778,48.8727],[30.4618,48.8721],[30.4539,48.8909],[30.4458,48.8947],[30.4596,48.9134],[30.4745,48.9108],[30.4725,48.918],[30.4845,48.9434],[30.4781,48.9478],[30.4898,48.9588],[30.4875,48.9637],[30.507,48.9742],[30.5209,48.9749],[30.5121,48.9816],[30.5216,48.9828],[30.531,48.9959],[30.5466,48.9996],[30.5593,49.0188],[30.5521,49.0342],[30.53,49.0403],[30.5455,49.0626],[30.5415,49.077],[30.5512,49.083],[30.5406,49.0847],[30.556,49.1131],[30.568,49.1429],[30.5604,49.1553],[30.5108,49.144],[30.5069,49.1468],[30.4792,49.1421],[30.4754,49.1809],[30.4237,49.1832],[30.4011,49.1943],[30.3917,49.1905],[30.4019,49.2056],[30.3982,49.2106],[30.4092,49.2138],[30.4331,49.2113],[30.4323,49.208],[30.4514,49.2044],[30.4955,49.2],[30.5147,49.2532],[30.4587,49.2747],[30.4649,49.2892],[30.4374,49.3012],[30.3985,49.303],[30.3852,49.261],[30.3752,49.2368],[30.366,49.2464],[30.3679,49.2557],[30.3323,49.2596],[30.257,49.272],[30.2561,49.2684],[30.1899,49.2759],[30.1993,49.3278],[30.1487,49.3265],[30.1475,49.335],[30.1364,49.3302],[30.1327,49.3138],[30.1138,49.3088],[30.1066,49.3027],[30.1207,49.2962],[30.1235,49.282],[30.114,49.2714],[30.1034,49.2741],[30.0892,49.2863],[30.0829,49.2988],[30.0866,49.3122],[30.0776,49.3227],[30.0662,49.3261],[30.0267,49.332],[30.0107,49.327],[30.0066,49.3163],[29.9828,49.3161],[29.9602,49.3078],[29.9478,49.3123],[29.9452,49.3004],[29.9553,49.2824],[29.9526,49.2505],[29.9322,49.2471],[29.9159,49.2275],[29.9033,49.2229],[29.9095,49.2173],[29.8939,49.2087],[29.8968,49.2047],[29.877,49.2004],[29.8836,49.1897],[29.8824,49.1867],[29.8579,49.1883],[29.8209,49.179],[29.8147,49.1866],[29.7602,49.1799],[29.7279,49.2082],[29.7403,49.2115],[29.7427,49.2258],[29.7349,49.2289],[29.7243,49.2207],[29.7038,49.2243],[29.7104,49.2073],[29.7261,49.2025],[29.7274,49.1827],[29.7191,49.1842],[29.7152,49.1706],[29.718,49.1566],[29.71,49.1547],[29.7122,49.1415],[29.7192,49.1317],[29.7317,49.1321],[29.7339,49.1225],[29.6912,49.1167],[29.6792,49.1097],[29.6885,49.088],[29.6516,49.0966],[29.6354,49.0611],[29.64,49.0534],[29.6297,49.0464],[29.6151,49.0562],[29.606,49.0566],[29.6111,49.0532],[29.6137,49.0432],[29.6215,49.0371],[29.6278,49.0247],[29.6387,49.0141],[29.6524,49.0142],[29.6695,49.0241],[29.6825,49.0244],[29.6834,49.0068],[29.6953,49.0006],[29.6509,48.9606],[29.6607,48.9483],[29.6518,48.9365],[29.6683,48.9289],[29.6654,48.9239],[29.6848,48.9124],[29.6993,48.9181],[29.7135,48.9111],[29.7357,48.908],[29.7114,48.8968],[29.7275,48.8872],[29.732,48.8545],[29.7619,48.8473],[29.7657,48.7862],[29.7743,48.7822],[29.7854,48.7848],[29.8051,48.7787],[29.7997,48.7744],[29.866,48.763],[29.8594,48.7589],[29.8703,48.7471],[29.8773,48.7464],[29.8847,48.7357],[29.8811,48.7308],[29.8666,48.7327],[29.8536,48.7139],[29.8656,48.7081],[29.8611,48.6994],[29.8726,48.7023],[29.9185,48.6712],[29.9452,48.671],[29.9448,48.6568],[29.9567,48.6587],[29.9586,48.65],[29.9666,48.6508],[29.9775,48.6347],[29.9902,48.6361],[29.9863,48.6119],[29.9503,48.6087],[29.9472,48.5949],[29.9586,48.5823],[29.9738,48.583],[29.9933,48.5787],[30.0049,48.5721],[30.0034,48.5509],[30.0094,48.5419],[30.0218,48.536],[30.0204,48.5196],[29.9982,48.5213],[29.9883,48.5162],[30.0068,48.5134],[30.0014,48.4925],[29.9815,48.495],[29.9672,48.4906],[29.9617,48.4737],[29.9675,48.4725],[30.0029,48.4721],[30.003,48.478],[30.0444,48.4822],[30.0546,48.4801],[30.0716,48.469],[30.0822,48.4659],[30.0912,48.4549],[30.1114,48.452],[30.1213,48.4538],[30.1233,48.4629],[30.1316,48.4708],[30.1417,48.473],[30.1574,48.4855],[30.1503,48.4944],[30.1649,48.5038],[30.2211,48.4803],[30.258,48.4896],[30.2571,48.5067],[30.3055,48.5119]]]]},"properties":{"key":"уманський","name":"Уманський район","source_group":"raion"}},{"id":"фастівський","type":"Feature","geometry":{"type":"MultiPolygon","coordinates":[[[[29.6464,49.8779],[29.7004,49.9061],[29.7317,49.8822],[29.7843,49.9004],[29.8255,49.8777],[29.8519,49.871],[29.8777,49.8931],[29.8947,49.892],[29.895,49.8959],[29.8912,49.8969],[29.8927,49.9],[29.9183,49.9186],[29.9441,49.9336],[29.9701,49.9406],[29.9841,49.9537],[29.9807,49.9682],[29.9369,49.9954],[29.9364,50.004],[29.9256,50.0033],[29.9256,50.0106],[29.936,50.0221],[29.9271,50.0384],[29.9572,50.0516],[29.9737,50.0411],[29.9945,50.0352],[30.0604,50.0238],[30.0796,50.0144],[30.0943,50.0153],[30.097,50.0509],[30.1042,50.0667],[30.0985,50.0756],[30.1288,50.1006],[30.1468,50.1064],[30.1842,50.1067],[30.1798,50.1108],[30.2193,50.128],[30.2188,50.1347],[30.2057,50.14],[30.2143,50.1501],[30.2395,50.1458],[30.2533,50.1557],[30.2396,50.165],[30.2404,50.1803],[30.2081,50.1796],[30.2083,50.1887],[30.2211,50.1897],[30.2346,50.2015],[30.2319,50.2152],[30.2347,50.2166],[30.2416,50.2214],[30.2518,50.2158],[30.2461,50.2111],[30.2835,50.1883],[30.2984,50.199],[30.3078,50.1973],[30.3091,50.2172],[30.2954,50.2268],[30.3262,50.226],[30.3323,50.2086],[30.3253,50.2006],[30.3406,50.1955],[30.3341,50.1829],[30.3392,50.1745],[30.3523,50.1713],[30.3617,50.1753],[30.3706,50.1687],[30.3909,50.168],[30.3904,50.197],[30.4165,50.1974],[30.4141,50.2035],[30.4254,50.2142],[30.4,50.2242],[30.4049,50.2295],[30.392,50.2306],[30.386,50.2405],[30.3978,50.2444],[30.4018,50.2521],[30.3863,50.2567],[30.3954,50.2666],[30.3849,50.2728],[30.3884,50.2832],[30.3979,50.2839],[30.3918,50.2934],[30.4079,50.2963],[30.4266,50.2954],[30.4258,50.3031],[30.438,50.307],[30.422,50.3086],[30.417,50.3195],[30.4333,50.3199],[30.4285,50.3251],[30.4382,50.3345],[30.4481,50.335],[30.458,50.3424],[30.4745,50.3417],[30.4684,50.3601],[30.4578,50.361],[30.4522,50.3546],[30.4375,50.357],[30.4351,50.3759],[30.4292,50.3793],[30.4123,50.3712],[30.391,50.3686],[30.3613,50.3509],[30.3609,50.3612],[30.3399,50.3757],[30.3306,50.3714],[30.3064,50.3502],[30.2948,50.3573],[30.2728,50.3476],[30.2656,50.3503],[30.2455,50.3371],[30.2419,50.3177],[30.2174,50.3363],[30.1643,50.3503],[30.1512,50.3461],[30.1318,50.3493],[30.1142,50.3457],[30.0883,50.3256],[30.0779,50.3297],[30.0634,50.3477],[30.0661,50.3568],[30.0812,50.3577],[30.0644,50.3671],[30.0564,50.3761],[30.0343,50.3779],[30.0262,50.3953],[29.9954,50.3998],[29.9959,50.4042],[29.9679,50.4085],[29.9859,50.3911],[29.9964,50.3871],[29.9859,50.3684],[29.9855,50.3491],[29.9446,50.338],[29.9207,50.3423],[29.925,50.3186],[29.9095,50.3168],[29.9099,50.3031],[29.892,50.3037],[29.88,50.3001],[29.8124,50.3079],[29.7968,50.3194],[29.7654,50.3552],[29.7645,50.3441],[29.717,50.3159],[29.6898,50.3145],[29.689,50.3105],[29.6808,50.3116],[29.6755,50.2966],[29.6775,50.2854],[29.6893,50.2845],[29.6801,50.2738],[29.6655,50.2751],[29.6723,50.2677],[29.663,50.2658],[29.6806,50.2545],[29.6891,50.2402],[29.7003,50.2318],[29.685,50.2267],[29.6752,50.2084],[29.6548,50.1878],[29.6432,50.18],[29.6504,50.1731],[29.6731,50.1612],[29.6933,50.1557],[29.6884,50.1433],[29.6574,50.1244],[29.657,50.1182],[29.6708,50.1164],[29.6485,50.1056],[29.6914,50.0729],[29.6958,50.0678],[29.694,50.042],[29.6726,50.0326],[29.6827,50.0131],[29.6988,50.0055],[29.6905,49.9999],[29.6959,49.9898],[29.7176,49.978],[29.7132,49.9678],[29.7276,49.9704],[29.7315,49.9635],[29.7223,49.9611],[29.7329,49.9456],[29.7243,49.9412],[29.7283,49.9339],[29.665,49.9109],[29.6423,49.898],[29.633,49.8863],[29.634,49.8771],[29.6464,49.8779]]]]},"properties":{"key":"фастівський","name":"Фастівський район","source_group":"raion"}},{"id":"харківський","type":"Feature","geometry":{"type":"MultiPolygon","coordinates":[[[[35.707,49.6972],[35.7458,49.6975],[35.738,49.6892],[35.7178,49.6764],[35.7218,49.6661],[35.7122,49.6637],[35.7127,49.6514],[35.727,49.6476],[35.736,49.6505],[35.7484,49.638],[35.7413,49.6291],[35.7673,49.6179],[35.7826,49.6223],[35.7896,49.636],[35.8183,49.6365],[35.8324,49.6414],[35.8522,49.6251],[35.8479,49.6196],[35.8522,49.609],[35.8468,49.5981],[35.8664,49.5824],[35.8957,49.5928],[35.9646,49.6246],[35.9655,49.6338],[36.031,49.6223],[36.0343,49.6179],[36.0671,49.6163],[36.0671,49.6248],[36.0615,49.6324],[36.0554,49.6523],[36.0434,49.6598],[36.0388,49.6733],[36.0744,49.6711],[36.0754,49.6921],[36.0697,49.7004],[36.0493,49.7056],[36.0172,49.705],[36.0053,49.7149],[36.0141,49.721],[36.0333,49.7217],[36.0229,49.7283],[35.9991,49.7321],[35.9793,49.7434],[35.9754,49.7585],[35.9856,49.7601],[35.9881,49.762],[36.0271,49.7579],[36.0367,49.7628],[36.0559,49.7557],[36.0862,49.7675],[36.1059,49.7579],[36.1287,49.7539],[36.1566,49.7684],[36.1599,49.781],[36.1489,49.7861],[36.1201,49.7847],[36.1281,49.794],[36.1288,49.8058],[36.1679,49.8242],[36.1979,49.8196],[36.2183,49.8142],[36.2381,49.8158],[36.2485,49.8215],[36.2691,49.817],[36.3066,49.8248],[36.3226,49.8163],[36.3227,49.8006],[36.3347,49.7923],[36.3592,49.7936],[36.365,49.7975],[36.3783,49.7901],[36.4208,49.7986],[36.4091,49.815],[36.4189,49.8433],[36.4305,49.8689],[36.4453,49.8658],[36.4571,49.8795],[36.4859,49.8807],[36.5343,49.8859],[36.5398,49.9082],[36.5601,49.9035],[36.5682,49.9191],[36.5827,49.9137],[36.5928,49.9173],[36.6043,49.9245],[36.6097,49.9309],[36.6023,49.9371],[36.6489,49.9703],[36.6295,49.9837],[36.6292,50.0014],[36.6388,49.9998],[36.6482,50.0065],[36.628,50.0145],[36.6229,50.0254],[36.5897,50.0372],[36.5661,50.0361],[36.5515,50.0616],[36.5484,50.0818],[36.5603,50.0935],[36.5791,50.093],[36.5942,50.1018],[36.6236,50.0952],[36.6326,50.1091],[36.6499,50.1023],[36.6705,50.1052],[36.6644,50.112],[36.6815,50.1175],[36.6916,50.1287],[36.6861,50.1358],[36.6687,50.147],[36.7,50.1547],[36.7013,50.1594],[36.6826,50.1598],[36.6757,50.1704],[36.6879,50.1688],[36.7051,50.1814],[36.6945,50.1911],[36.7083,50.1956],[36.7199,50.1945],[36.708,50.2017],[36.6866,50.2022],[36.6697,50.2113],[36.6604,50.209],[36.6611,50.221],[36.6486,50.2176],[36.6185,50.2275],[36.6135,50.2239],[36.5969,50.2292],[36.5604,50.2505],[36.5805,50.2623],[36.5742,50.2745],[36.5929,50.2752],[36.585,50.2859],[36.5617,50.2849],[36.5563,50.2813],[36.5237,50.2864],[36.5262,50.2935],[36.5109,50.2954],[36.4894,50.3062],[36.4879,50.3113],[36.4734,50.3131],[36.44,50.3112],[36.4334,50.3307],[36.4241,50.3281],[36.4068,50.3104],[36.3738,50.2997],[36.3793,50.293],[36.3641,50.2874],[36.2957,50.2917],[36.2986,50.299],[36.2856,50.2987],[36.2734,50.3233],[36.2837,50.3356],[36.2558,50.3555],[36.2334,50.3637],[36.2308,50.3718],[36.2107,50.3868],[36.1932,50.4035],[36.1845,50.4064],[36.1649,50.3929],[36.1055,50.3655],[36.1062,50.364],[36.1128,50.3662],[36.1223,50.3653],[36.1382,50.3518],[36.1475,50.359],[36.1575,50.3577],[36.1733,50.3467],[36.1707,50.3334],[36.1544,50.3326],[36.1618,50.3241],[36.1584,50.3152],[36.1685,50.3074],[36.1632,50.2998],[36.1715,50.2992],[36.1719,50.29],[36.151,50.2788],[36.1547,50.2703],[36.1423,50.2688],[36.1397,50.2616],[36.1253,50.2518],[36.1252,50.241],[36.1009,50.2376],[36.0928,50.2464],[36.0838,50.239],[36.0975,50.2358],[36.0946,50.2261],[36.0369,50.2121],[36.0607,50.2069],[36.0709,50.2009],[36.0755,50.1798],[36.0371,50.1807],[36.0214,50.156],[36.0136,50.1326],[35.9873,50.1369],[35.9848,50.1182],[35.9962,50.109],[35.9496,50.1075],[35.9414,50.1121],[35.9362,50.1022],[35.9457,50.0997],[35.9446,50.0926],[35.9163,50.0973],[35.9117,50.0906],[35.8933,50.0872],[35.8873,50.0805],[35.8688,50.0838],[35.8708,50.0788],[35.856,50.0861],[35.8503,50.0998],[35.8437,50.0984],[35.8439,50.1135],[35.838,50.1188],[35.8235,50.1204],[35.8137,50.1135],[35.8318,50.0899],[35.8255,50.0797],[35.8344,50.0688],[35.8444,50.0656],[35.8227,50.0591],[35.7985,50.0444],[35.8095,50.0452],[35.8112,50.0365],[35.795,50.0345],[35.7943,50.0158],[35.8099,50.0084],[35.8067,50.0018],[35.828,50.0017],[35.8335,49.9952],[35.8217,49.9912],[35.8113,49.9952],[35.8088,49.9842],[35.8152,49.9763],[35.7918,49.9502],[35.8118,49.9443],[35.8104,49.9354],[35.802,49.9381],[35.7981,49.931],[35.8074,49.9268],[35.8234,49.9356],[35.8279,49.9219],[35.8463,49.9227],[35.8528,49.9165],[35.8737,49.915],[35.8681,49.9026],[35.8764,49.9017],[35.8659,49.8821],[35.8714,49.8753],[35.8634,49.8692],[35.8578,49.8731],[35.8242,49.8603],[35.8209,49.8355],[35.8364,49.8362],[35.8389,49.8307],[35.8277,49.828],[35.8206,49.8191],[35.8239,49.8105],[35.7708,49.8192],[35.7807,49.8247],[35.7615,49.8366],[35.7313,49.8235],[35.7275,49.826],[35.7027,49.8234],[35.6983,49.8026],[35.7115,49.8009],[35.716,49.7907],[35.7083,49.7754],[35.6859,49.78],[35.6738,49.7627],[35.6548,49.7519],[35.6798,49.7446],[35.675,49.7322],[35.6849,49.7218],[35.707,49.6972]]]]},"properties":{"key":"харківський","name":"Харківський район","source_group":"raion"}},{"id":"херсонський","type":"Feature","geometry":{"type":"MultiPolygon","coordinates":[[[[33.0128,46.3575],[33.2323,46.3823],[33.2212,46.3883],[33.2134,46.4187],[33.2667,46.4238],[33.2533,46.4866],[33.4168,46.5067],[33.4348,46.5119],[33.4234,46.5551],[33.4282,46.5614],[33.4157,46.6129],[33.2934,46.5986],[33.2768,46.6623],[33.2238,46.656],[33.2197,46.6714],[33.1732,46.6673],[33.1767,46.645],[33.1716,46.6433],[33.1726,46.6295],[33.1527,46.6295],[33.1137,46.6529],[33.1366,46.6739],[33.1299,46.6852],[33.1508,46.692],[33.1551,46.6876],[33.182,46.6972],[33.179,46.716],[33.1564,46.7133],[33.1299,46.7494],[33.1296,46.753],[33.0991,46.7683],[33.0462,46.7441],[33.0232,46.8359],[32.9858,46.8314],[32.9775,46.8597],[33.0154,46.8647],[33.006,46.9018],[33.0449,46.9068],[33.0644,46.9074],[33.0525,46.9464],[33.0524,46.9599],[32.95,47.0032],[32.9333,46.9858],[32.9415,46.9703],[32.9492,46.9462],[32.9768,46.9495],[32.9798,46.9346],[32.922,46.9269],[32.9258,46.9112],[32.8409,46.8995],[32.8349,46.8838],[32.8573,46.8761],[32.9159,46.8848],[32.9212,46.8672],[32.9459,46.8693],[32.9486,46.8587],[32.8144,46.8406],[32.8148,46.8345],[32.7742,46.8304],[32.778,46.8244],[32.7676,46.821],[32.7635,46.8276],[32.7448,46.8272],[32.7001,46.8225],[32.6901,46.8628],[32.6198,46.8541],[32.6105,46.8575],[32.5859,46.8546],[32.5723,46.8629],[32.5717,46.8726],[32.5461,46.8697],[32.544,46.8824],[32.5347,46.8815],[32.5354,46.8711],[32.5406,46.8506],[32.5235,46.8488],[32.53,46.8226],[32.471,46.8167],[32.4644,46.8424],[32.3653,46.83],[32.3737,46.7976],[32.3471,46.7946],[32.2972,46.8156],[32.2945,46.8147],[32.226,46.8457],[32.2506,46.8193],[32.2377,46.8106],[32.2102,46.805],[32.2198,46.7705],[32.1681,46.7645],[32.1712,46.7518],[32.1137,46.7461],[32.1072,46.7524],[32.0569,46.7454],[32.0626,46.7289],[32.0758,46.7294],[32.0864,46.6845],[32.0716,46.6844],[32.018,46.6773],[32.0298,46.6668],[31.9863,46.6645],[31.9822,46.6565],[31.9985,46.6413],[32.0158,46.6301],[32.0581,46.6139],[32.0858,46.617],[32.104,46.6105],[32.1177,46.5966],[32.1374,46.5572],[32.1788,46.5739],[32.2104,46.5781],[32.2438,46.5913],[32.2584,46.5901],[32.2902,46.5772],[32.3055,46.5626],[32.3003,46.5526],[32.3031,46.5457],[32.288,46.5444],[32.2856,46.5291],[32.3003,46.5338],[32.2889,46.5255],[32.2963,46.5247],[32.2981,46.5115],[32.2816,46.5083],[32.2832,46.5023],[32.3088,46.498],[32.3173,46.5004],[32.3771,46.5266],[32.3917,46.5352],[32.415,46.5434],[32.4351,46.5557],[32.4662,46.5681],[32.4735,46.5812],[32.4755,46.6019],[32.4705,46.6107],[32.4797,46.626],[32.4872,46.6292],[32.5194,46.6341],[32.5483,46.6269],[32.5534,46.6111],[32.5463,46.5982],[32.5814,46.6019],[32.6148,46.6238],[32.635,46.6335],[32.667,46.6606],[32.6749,46.6576],[32.7229,46.675],[32.7531,46.6724],[32.7766,46.6729],[32.811,46.6844],[32.8252,46.6866],[32.8268,46.6714],[32.7816,46.6519],[32.7785,46.6548],[32.7294,46.6521],[32.7125,46.6363],[32.7104,46.6298],[32.682,46.6186],[32.6683,46.6185],[32.6459,46.6083],[32.6406,46.5984],[32.6259,46.586],[32.6318,46.5731],[32.6465,46.5589],[32.653,46.5447],[32.6781,46.5411],[32.6984,46.5351],[32.7007,46.5227],[32.7116,46.5179],[32.77,46.5229],[32.7816,46.5189],[32.7861,46.4788],[32.7906,46.4568],[32.8135,46.4519],[32.8348,46.4302],[32.8404,46.3475],[32.8448,46.342],[32.8572,46.2823],[32.8983,46.286],[32.9021,46.2649],[33.0272,46.2791],[33.0128,46.3575]]]]},"properties":{"key":"херсонський","name":"Херсонський район","source_group":"raion"}},{"id":"хмельницький","type":"Feature","geometry":{"type":"MultiPolygon","coordinates":[[[[27.4002,48.9443],[27.4131,48.9555],[27.4173,48.9724],[27.4085,48.9743],[27.395,48.9963],[27.4009,49.0003],[27.3832,49.0076],[27.4027,49.0262],[27.4163,49.0551],[27.4271,49.0535],[27.4286,49.064],[27.4411,49.0625],[27.4386,49.0702],[27.4641,49.0704],[27.5017,49.0676],[27.5,49.0728],[27.4801,49.0896],[27.4916,49.0955],[27.503,49.1084],[27.4931,49.1225],[27.5068,49.1306],[27.5118,49.1318],[27.5171,49.1273],[27.5375,49.1227],[27.5362,49.1305],[27.5335,49.1393],[27.5481,49.1299],[27.5738,49.1197],[27.5973,49.1344],[27.5924,49.1405],[27.594,49.1568],[27.6018,49.1617],[27.6232,49.1619],[27.6407,49.1677],[27.686,49.1414],[27.6946,49.1447],[27.706,49.1405],[27.7126,49.1486],[27.7391,49.1405],[27.7576,49.1527],[27.779,49.1715],[27.7751,49.1901],[27.781,49.19],[27.7911,49.1775],[27.8042,49.1863],[27.8174,49.1882],[27.8217,49.1795],[27.8445,49.1783],[27.8538,49.1716],[27.8705,49.1752],[27.8831,49.1776],[27.8957,49.1858],[27.8956,49.1922],[27.8928,49.2091],[27.8859,49.2154],[27.8771,49.2132],[27.8687,49.2137],[27.8553,49.2372],[27.8686,49.2425],[27.871,49.2452],[27.871,49.2485],[27.8595,49.2532],[27.8571,49.2624],[27.8505,49.2655],[27.8644,49.2968],[27.8527,49.3108],[27.8584,49.3263],[27.8395,49.3493],[27.8141,49.3548],[27.8119,49.3683],[27.8287,49.3681],[27.8286,49.3749],[27.8177,49.3751],[27.8108,49.3877],[27.8324,49.3912],[27.8319,49.4074],[27.8485,49.4207],[27.8505,49.4287],[27.8495,49.4299],[27.8337,49.4247],[27.8261,49.4227],[27.8043,49.4388],[27.792,49.4353],[27.7805,49.4422],[27.7649,49.4435],[27.7513,49.4387],[27.7438,49.4519],[27.7553,49.4625],[27.7645,49.4783],[27.7773,49.4766],[27.7889,49.4925],[27.7482,49.4924],[27.7318,49.4957],[27.7359,49.4997],[27.7344,49.5103],[27.7415,49.5309],[27.7461,49.5299],[27.7607,49.5311],[27.7746,49.5207],[27.792,49.5312],[27.7838,49.5451],[27.7954,49.5528],[27.7824,49.5621],[27.7577,49.5744],[27.7597,49.5831],[27.7718,49.5958],[27.7892,49.6001],[27.8003,49.6212],[27.8101,49.6159],[27.811,49.6408],[27.7941,49.6534],[27.7668,49.6657],[27.7625,49.6966],[27.8106,49.7004],[27.8052,49.7086],[27.8348,49.7289],[27.8159,49.7343],[27.8079,49.7285],[27.788,49.7265],[27.7819,49.728],[27.772,49.7344],[27.7626,49.7434],[27.7503,49.7554],[27.7032,49.7694],[27.7076,49.7801],[27.7208,49.7876],[27.7272,49.7994],[27.7173,49.805],[27.699,49.8085],[27.692,49.803],[27.6685,49.8077],[27.6615,49.7955],[27.6573,49.8007],[27.642,49.8122],[27.6386,49.825],[27.6278,49.8351],[27.622,49.8444],[27.6164,49.8733],[27.6103,49.8762],[27.625,49.8922],[27.6181,49.894],[27.5955,49.8897],[27.5959,49.8958],[27.5692,49.9102],[27.564,49.9022],[27.5607,49.9016],[27.5495,49.9022],[27.5469,49.9043],[27.5478,49.9082],[27.5232,49.9092],[27.5189,49.9029],[27.5201,49.8858],[27.5081,49.8815],[27.4797,49.8784],[27.46,49.8916],[27.4475,49.9095],[27.4333,49.8961],[27.4163,49.886],[27.4143,49.8785],[27.3834,49.8674],[27.3744,49.8703],[27.3668,49.8774],[27.3645,49.9009],[27.3554,49.9089],[27.338,49.9099],[27.3396,49.9165],[27.3239,49.9189],[27.3122,49.905],[27.3032,49.9041],[27.2836,49.8894],[27.2516,49.8849],[27.2505,49.8956],[27.223,49.8928],[27.1961,49.9008],[27.1896,49.909],[27.2059,49.9175],[27.2111,49.9333],[27.1741,49.9373],[27.1722,49.9265],[27.1636,49.923],[27.1329,49.9247],[27.1394,49.9381],[27.1335,49.9445],[27.0978,49.9492],[27.0861,49.9436],[27.0663,49.9435],[27.068,49.9373],[27.0568,49.9373],[27.0401,49.9252],[27.0194,49.9308],[27.015,49.9257],[26.9806,49.928],[26.9677,49.9174],[26.9816,49.9111],[26.9461,49.9021],[26.9362,49.9053],[26.9254,49.8919],[26.9141,49.8891],[26.9148,49.874],[26.8932,49.8837],[26.8689,49.8831],[26.848,49.8953],[26.8011,49.9071],[26.8028,49.9168],[26.7862,49.9129],[26.7697,49.9177],[26.7489,49.9023],[26.7314,49.9092],[26.7118,49.9094],[26.7111,49.9009],[26.6949,49.8958],[26.6379,49.8925],[26.6609,49.9293],[26.648,49.933],[26.6651,49.9381],[26.6596,49.9449],[26.6137,49.9567],[26.6024,49.9387],[26.5434,49.9439],[26.5342,49.939],[26.5274,49.9447],[26.4982,49.9383],[26.4891,49.9334],[26.4887,49.9148],[26.5143,49.9089],[26.5167,49.9012],[26.5099,49.8844],[26.4806,49.8932],[26.4667,49.8901],[26.4498,49.8947],[26.4458,49.885],[26.4271,49.8928],[26.4243,49.9037],[26.3915,49.9142],[26.388,49.9265],[26.3741,49.9309],[26.3558,49.9264],[26.3467,49.9159],[26.3258,49.914],[26.3165,49.8996],[26.3143,49.8841],[26.2848,49.8814],[26.2717,49.8757],[26.2304,49.8774],[26.2309,49.8735],[26.2139,49.8717],[26.2143,49.8659],[26.2004,49.8663],[26.1773,49.8464],[26.1847,49.8365],[26.1966,49.8227],[26.2058,49.8193],[26.2172,49.8063],[26.2187,49.798],[26.2277,49.7919],[26.2243,49.7818],[26.2297,49.7776],[26.2369,49.7707],[26.243,49.7451],[26.2147,49.7352],[26.1918,49.7134],[26.1974,49.7077],[26.2105,49.7071],[26.2409,49.6929],[26.2497,49.6817],[26.2705,49.6658],[26.2713,49.6612],[26.2747,49.656],[26.2612,49.6527],[26.2673,49.643],[26.2553,49.6331],[26.2401,49.6385],[26.232,49.6368],[26.226,49.6239],[26.2166,49.6199],[26.2087,49.6096],[26.2,49.6085],[26.2145,49.5881],[26.2075,49.5799],[26.2142,49.5699],[26.2147,49.562],[26.219,49.5537],[26.2177,49.5507],[26.2072,49.546],[26.2011,49.5453],[26.1991,49.5468],[26.1973,49.5546],[26.1756,49.5496],[26.1579,49.5312],[26.1566,49.5205],[26.1453,49.5144],[26.1515,49.5067],[26.1617,49.4957],[26.1802,49.4878],[26.1886,49.4798],[26.19,49.4572],[26.2016,49.4404],[26.1991,49.427],[26.2282,49.4073],[26.234,49.4003],[26.2288,49.3833],[26.2229,49.3805],[26.2217,49.3781],[26.2441,49.3688],[26.2428,49.3668],[26.2348,49.3635],[26.2429,49.3539],[26.2432,49.3466],[26.2264,49.3449],[26.2273,49.324],[26.2489,49.3123],[26.2493,49.2964],[26.2609,49.2887],[26.2502,49.2853],[26.2566,49.2757],[26.2448,49.2774],[26.2446,49.2713],[26.258,49.2623],[26.2431,49.2526],[26.2441,49.2427],[26.2221,49.2457],[26.2065,49.2444],[26.2022,49.2209],[26.1895,49.2193],[26.1955,49.2116],[26.1839,49.1958],[26.195,49.1812],[26.19,49.1718],[26.2089,49.1666],[26.218,49.1723],[26.2175,49.1626],[26.2222,49.1656],[26.2226,49.1683],[26.2258,49.1676],[26.2365,49.1556],[26.2542,49.1383],[26.253,49.1239],[26.2593,49.1159],[26.2648,49.1141],[26.2709,49.1204],[26.2598,49.1303],[26.2717,49.1367],[26.2649,49.1541],[26.2804,49.1456],[26.2814,49.1511],[26.2975,49.1739],[26.318,49.1652],[26.3263,49.1761],[26.3512,49.1596],[26.3478,49.1555],[26.3872,49.1435],[26.4144,49.1491],[26.4446,49.1349],[26.4428,49.125],[26.419,49.1114],[26.4412,49.0787],[26.4441,49.0657],[26.4991,49.0452],[26.5443,49.0391],[26.5573,49.0287],[26.5634,49.0177],[26.5596,49.0109],[26.5445,49.0072],[26.5439,48.9924],[26.557,48.9933],[26.5815,48.9851],[26.6186,48.9791],[26.6267,48.9837],[26.6061,48.9971],[26.5911,49.0002],[26.5896,49.0114],[26.6087,49.0142],[26.6308,48.9931],[26.677,49.027],[26.655,49.0494],[26.6787,49.0636],[26.6674,49.0671],[26.6788,49.0733],[26.7205,49.0739],[26.7411,49.0694],[26.741,49.0752],[26.7616,49.0757],[26.7732,49.0704],[26.8026,49.0704],[26.7971,49.0776],[26.8163,49.0713],[26.8286,49.0759],[26.8464,49.0741],[26.8533,49.0624],[26.8958,49.0454],[26.8978,49.0382],[26.8876,49.0247],[26.9314,49.0135],[26.9341,49.0328],[26.9478,49.0238],[26.9553,49.0256],[26.9942,49.0099],[27.0039,49.0155],[27.0138,49.0099],[27.0164,49],[27.04,48.9951],[27.044,48.9826],[27.0544,48.9915],[27.0653,48.9892],[27.0967,48.9904],[27.1098,48.9779],[27.1081,48.9642],[27.1335,48.9604],[27.1404,48.9535],[27.184,48.9481],[27.1881,48.931],[27.2098,48.9189],[27.2317,48.9264],[27.2606,48.92],[27.2731,48.9137],[27.2921,48.9094],[27.2872,48.9202],[27.3013,48.9281],[27.2973,48.9344],[27.3389,48.936],[27.3531,48.9307],[27.3833,48.9373],[27.3868,48.9315],[27.3959,48.9354],[27.4002,48.9443]]]]},"properties":{"key":"хмельницький","name":"Хмельницький район","source_group":"raion"}},{"id":"хмільницький","type":"Feature","geometry":{"type":"MultiPolygon","coordinates":[[[[27.8487,49.4213],[27.863,49.4142],[27.8807,49.4118],[27.9206,49.4295],[27.9431,49.4255],[27.9689,49.412],[27.9967,49.4099],[27.99,49.4402],[27.9669,49.4562],[27.9688,49.4712],[27.9823,49.4732],[27.9874,49.4551],[28.0102,49.4505],[28.0114,49.4574],[28.026,49.4504],[28.0496,49.4525],[28.0548,49.4696],[28.0792,49.4651],[28.0798,49.4594],[28.1018,49.4587],[28.1332,49.4646],[28.142,49.4609],[28.1503,49.4459],[28.169,49.4463],[28.2056,49.4348],[28.218,49.4374],[28.2227,49.4326],[28.2512,49.439],[28.2566,49.4319],[28.2627,49.4379],[28.2973,49.4228],[28.2944,49.4128],[28.2984,49.3987],[28.3164,49.4],[28.337,49.3955],[28.3476,49.3861],[28.3648,49.3827],[28.3695,49.3709],[28.3832,49.3605],[28.3911,49.3485],[28.4063,49.3489],[28.4024,49.3575],[28.4125,49.3653],[28.4202,49.3563],[28.442,49.3693],[28.4501,49.3693],[28.4487,49.3835],[28.4754,49.4012],[28.4935,49.3932],[28.4892,49.3817],[28.5197,49.3784],[28.5373,49.3725],[28.5453,49.3634],[28.5551,49.3618],[28.5741,49.3489],[28.5912,49.3443],[28.5934,49.3525],[28.6051,49.356],[28.6143,49.3494],[28.6472,49.3445],[28.6689,49.335],[28.6781,49.3349],[28.6924,49.3491],[28.6551,49.3813],[28.6436,49.3846],[28.6194,49.404],[28.6302,49.4204],[28.645,49.4287],[28.685,49.4193],[28.716,49.4256],[28.7649,49.433],[28.7797,49.4224],[28.7879,49.4369],[28.7964,49.4383],[28.8021,49.4286],[28.8825,49.4406],[28.8678,49.4517],[28.8525,49.4586],[28.8629,49.4684],[28.8747,49.4615],[28.8908,49.4461],[28.9638,49.4481],[28.957,49.4532],[28.9633,49.4649],[28.9764,49.4608],[28.9837,49.4685],[29.0025,49.4736],[29.0008,49.4843],[28.9686,49.5057],[29.0048,49.5284],[28.99,49.5386],[28.9767,49.5527],[28.985,49.6033],[29.0015,49.6261],[29.0104,49.633],[28.9911,49.6455],[28.9649,49.6717],[28.95,49.6742],[28.9483,49.6836],[28.9567,49.6842],[28.9658,49.7001],[28.9754,49.6993],[28.9954,49.7166],[28.9982,49.7272],[29.0058,49.7275],[29.001,49.7409],[28.9637,49.7553],[28.9656,49.777],[28.9419,49.7825],[28.9714,49.8038],[28.9619,49.8094],[28.9609,49.8214],[28.9449,49.8205],[28.954,49.8403],[28.9363,49.8531],[28.9016,49.8618],[28.9088,49.8677],[28.8943,49.8734],[28.8972,49.8819],[28.8799,49.8893],[28.8577,49.8888],[28.8437,49.8601],[28.8132,49.8581],[28.8136,49.8531],[28.784,49.8519],[28.7848,49.8431],[28.7506,49.8451],[28.7504,49.8233],[28.7341,49.7991],[28.7287,49.7975],[28.7218,49.809],[28.7067,49.8099],[28.6879,49.8052],[28.6891,49.8005],[28.6333,49.8182],[28.6375,49.8112],[28.6202,49.8143],[28.602,49.8111],[28.6009,49.7826],[28.57,49.7742],[28.5615,49.7876],[28.5535,49.7909],[28.5278,49.8205],[28.4824,49.8082],[28.4723,49.8135],[28.469,49.8236],[28.4357,49.821],[28.4205,49.8242],[28.4155,49.8126],[28.4066,49.7924],[28.3805,49.7807],[28.3531,49.7914],[28.2964,49.8014],[28.2846,49.7981],[28.2637,49.7999],[28.2615,49.8101],[28.2441,49.8138],[28.2447,49.7979],[28.2289,49.7942],[28.2258,49.7864],[28.2128,49.7916],[28.1543,49.7872],[28.096,49.772],[28.0207,49.7713],[28.0101,49.776],[27.9917,49.7794],[27.9797,49.7807],[27.9606,49.7795],[27.9501,49.7763],[27.9419,49.7713],[27.9272,49.7676],[27.9007,49.7682],[27.8934,49.7652],[27.8923,49.7572],[27.8457,49.7531],[27.835,49.7565],[27.8351,49.7466],[27.8151,49.7442],[27.8159,49.7343],[27.8348,49.7289],[27.8052,49.7086],[27.8106,49.7004],[27.7625,49.6966],[27.7668,49.6657],[27.7941,49.6534],[27.811,49.6408],[27.8101,49.6159],[27.8003,49.6212],[27.7892,49.6001],[27.7718,49.5958],[27.7597,49.5831],[27.7577,49.5744],[27.7824,49.5621],[27.7954,49.5528],[27.7838,49.5451],[27.792,49.5312],[27.7746,49.5207],[27.7607,49.5311],[27.7461,49.5299],[27.7419,49.5311],[27.7357,49.5156],[27.7344,49.5089],[27.7359,49.4997],[27.7318,49.4957],[27.7482,49.4924],[27.7889,49.4925],[27.7773,49.4766],[27.7645,49.4783],[27.7553,49.4625],[27.7438,49.4519],[27.7513,49.4387],[27.7649,49.4435],[27.7805,49.4422],[27.792,49.4353],[27.8043,49.4388],[27.8261,49.4227],[27.8337,49.4247],[27.8495,49.4299],[27.8508,49.4277],[27.8487,49.4213]]]]},"properties":{"key":"хмільницький","name":"Хмільницький район","source_group":"raion"}},{"id":"хустський","type":"Feature","geometry":{"type":"MultiPolygon","coordinates":[[[[23.4444,48.0599],[23.4392,48.0689],[23.4638,48.089],[23.4667,48.112],[23.4805,48.1197],[23.498,48.1198],[23.544,48.126],[23.5576,48.1428],[23.5521,48.1555],[23.5414,48.1557],[23.5444,48.1715],[23.5357,48.1801],[23.5311,48.1919],[23.5359,48.208],[23.5543,48.2121],[23.5553,48.2193],[23.5757,48.2224],[23.586,48.2411],[23.588,48.2536],[23.5998,48.2561],[23.6258,48.2807],[23.6322,48.3021],[23.6598,48.3141],[23.6705,48.312],[23.6829,48.3171],[23.6657,48.3364],[23.6961,48.3496],[23.6945,48.3582],[23.7034,48.3729],[23.7332,48.3748],[23.7574,48.3889],[23.7661,48.3844],[23.7903,48.3996],[23.7967,48.4129],[23.8108,48.4242],[23.8027,48.4366],[23.8104,48.4526],[23.8261,48.4675],[23.8413,48.4981],[23.8505,48.5056],[23.8621,48.5435],[23.8607,48.5534],[23.851,48.5561],[23.8339,48.5672],[23.8358,48.5791],[23.8045,48.5809],[23.7915,48.5928],[23.7956,48.599],[23.7853,48.61],[23.7966,48.6188],[23.7964,48.6315],[23.7792,48.6434],[23.7419,48.6455],[23.7298,48.638],[23.7063,48.6387],[23.6866,48.648],[23.676,48.6633],[23.6637,48.6722],[23.6386,48.6846],[23.6406,48.6887],[23.6363,48.7018],[23.6256,48.7072],[23.6125,48.7059],[23.5987,48.707],[23.5943,48.7186],[23.5709,48.7251],[23.5357,48.7254],[23.5126,48.7335],[23.4915,48.7234],[23.4712,48.7198],[23.4614,48.7249],[23.4247,48.7294],[23.4111,48.7367],[23.3965,48.7354],[23.3787,48.7435],[23.3699,48.7656],[23.3595,48.7718],[23.3561,48.7658],[23.3378,48.7559],[23.3202,48.7529],[23.3168,48.7563],[23.3128,48.7271],[23.2943,48.7205],[23.289,48.7043],[23.2926,48.6943],[23.284,48.6837],[23.2674,48.6777],[23.2449,48.6593],[23.2473,48.6525],[23.2204,48.6436],[23.2097,48.6369],[23.1876,48.6418],[23.1912,48.6326],[23.1653,48.6359],[23.1656,48.6293],[23.1783,48.6264],[23.1625,48.6141],[23.1583,48.6198],[23.1388,48.6258],[23.1395,48.6197],[23.155,48.6054],[23.17,48.6069],[23.1757,48.5942],[23.1841,48.5936],[23.187,48.5795],[23.177,48.5747],[23.154,48.5541],[23.1457,48.5347],[23.1467,48.508],[23.1606,48.4826],[23.1516,48.4752],[23.152,48.4665],[23.1376,48.4492],[23.1238,48.454],[23.09,48.458],[23.0651,48.4735],[23.0393,48.4811],[23.0169,48.4814],[22.9985,48.4884],[22.964,48.4881],[22.9572,48.4856],[22.9527,48.4739],[22.9394,48.4634],[22.9153,48.4521],[22.9253,48.4457],[22.919,48.4302],[22.9097,48.4251],[22.8967,48.4258],[22.8844,48.4319],[22.8816,48.4439],[22.8769,48.4365],[22.8622,48.4435],[22.8531,48.4415],[22.8564,48.4315],[22.8719,48.4286],[22.8686,48.4201],[22.8785,48.42],[22.88,48.4108],[22.9145,48.4053],[22.9303,48.3844],[22.9404,48.3798],[22.9503,48.3669],[22.9593,48.3632],[22.9598,48.3534],[22.9282,48.342],[22.9147,48.3257],[22.8989,48.3198],[22.9083,48.3036],[22.8982,48.2867],[22.8806,48.3014],[22.8624,48.3019],[22.8389,48.2896],[22.8405,48.2818],[22.8532,48.2806],[22.8627,48.2722],[22.8779,48.2655],[22.8688,48.2602],[22.8927,48.2552],[22.9014,48.2507],[22.902,48.2401],[22.9156,48.2434],[22.9289,48.2412],[22.9482,48.2452],[22.9847,48.2619],[22.9985,48.2608],[23.0167,48.2689],[23.0325,48.2711],[23.0396,48.2631],[23.0589,48.255],[23.0606,48.2409],[23.068,48.2336],[23.0614,48.222],[23.0935,48.221],[23.1025,48.2423],[23.1269,48.2244],[23.138,48.2202],[23.1529,48.2086],[23.1559,48.1937],[23.176,48.1776],[23.1926,48.1724],[23.199,48.1637],[23.2327,48.1609],[23.243,48.1557],[23.2582,48.1563],[23.2651,48.1522],[23.2682,48.1372],[23.2751,48.1257],[23.263,48.1058],[23.2684,48.0975],[23.2679,48.0866],[23.291,48.0727],[23.2771,48.0598],[23.2844,48.05],[23.2951,48.0444],[23.3181,48.0439],[23.3319,48.0334],[23.3289,48.024],[23.3417,48.0183],[23.3511,48.0203],[23.3573,48.0148],[23.4006,48.001],[23.4047,47.9934],[23.4163,47.9879],[23.4339,47.9899],[23.437,47.9837],[23.4509,47.9765],[23.4823,47.9735],[23.5012,47.9686],[23.5051,47.9802],[23.5218,47.9967],[23.5285,48.0186],[23.512,48.0226],[23.4928,48.0266],[23.4826,48.0358],[23.4694,48.0374],[23.4555,48.0562],[23.4444,48.0599]]]]},"properties":{"key":"хустський","name":"Хустський район","source_group":"raion"}},{"id":"червоноградський","type":"Feature","geometry":{"type":"MultiPolygon","coordinates":[[[[24.5226,50.1186],[24.5718,50.1142],[24.5727,50.1183],[24.5934,50.1156],[24.5969,50.1249],[24.6286,50.1196],[24.6368,50.1364],[24.6601,50.134],[24.6684,50.142],[24.7098,50.1384],[24.7258,50.1363],[24.7504,50.1426],[24.7577,50.1401],[24.7874,50.1438],[24.7973,50.1425],[24.7989,50.1488],[24.8138,50.1515],[24.8202,50.1478],[24.8553,50.1532],[24.8686,50.1594],[24.8593,50.1617],[24.8297,50.1611],[24.8364,50.179],[24.8477,50.1748],[24.8725,50.1779],[24.8816,50.1844],[24.9094,50.1775],[24.9343,50.187],[24.9632,50.1903],[24.976,50.1968],[24.986,50.1945],[24.995,50.201],[25.0056,50.2087],[25.0202,50.2226],[25.0268,50.2239],[25.0332,50.241],[25.0399,50.2477],[25.0377,50.2672],[25.0327,50.2802],[25.0432,50.2824],[25.0466,50.2912],[25.0573,50.2965],[25.0537,50.3047],[25.0564,50.3112],[25.0602,50.3287],[25.0536,50.3369],[25.0603,50.3426],[25.0303,50.346],[25.0169,50.3421],[25.0083,50.3499],[24.9877,50.3598],[24.941,50.3901],[24.9292,50.3781],[24.9382,50.3709],[24.9382,50.3453],[24.9036,50.3441],[24.8858,50.3459],[24.8885,50.3583],[24.8661,50.3603],[24.8587,50.3501],[24.8424,50.3507],[24.7904,50.346],[24.7777,50.3376],[24.7131,50.3433],[24.7131,50.3585],[24.7211,50.3741],[24.7059,50.3857],[24.6733,50.399],[24.651,50.4036],[24.6538,50.4114],[24.6286,50.4092],[24.597,50.4134],[24.5981,50.4555],[24.5887,50.4604],[24.5993,50.4655],[24.5868,50.5004],[24.5836,50.4928],[24.5606,50.489],[24.5535,50.4933],[24.5521,50.504],[24.5577,50.5116],[24.5484,50.5217],[24.5459,50.5342],[24.5294,50.5527],[24.5052,50.5546],[24.4724,50.5432],[24.4492,50.5397],[24.4157,50.5584],[24.408,50.5594],[24.3979,50.5756],[24.4132,50.5857],[24.3995,50.5932],[24.3824,50.6089],[24.3646,50.597],[24.3245,50.599],[24.3187,50.5731],[24.2848,50.5751],[24.2647,50.5801],[24.2504,50.5801],[24.2339,50.5848],[24.2206,50.5893],[24.2,50.6078],[24.202,50.6139],[24.1913,50.6161],[24.1832,50.6187],[24.1732,50.6175],[24.172,50.6249],[24.1691,50.6285],[24.1713,50.6325],[24.1472,50.6465],[24.1379,50.6461],[24.1292,50.6457],[24.1288,50.6481],[24.1205,50.6467],[24.1033,50.6342],[24.0973,50.6358],[24.0918,50.6185],[24.0983,50.5991],[24.0904,50.5779],[24.0907,50.5618],[24.0696,50.5037],[24.0368,50.4525],[24.0346,50.4454],[24.0055,50.4355],[23.996,50.412],[23.9416,50.4138],[23.844,50.4059],[23.8031,50.4057],[23.7768,50.4008],[23.729,50.3885],[23.7066,50.3782],[23.6978,50.371],[23.6899,50.3555],[23.6865,50.3313],[23.6752,50.3287],[23.6733,50.3201],[23.684,50.3009],[23.6978,50.2962],[23.712,50.2968],[23.7127,50.3015],[23.7508,50.2996],[23.7514,50.3034],[23.7947,50.2999],[23.807,50.2886],[23.8045,50.2784],[23.814,50.2768],[23.8144,50.2689],[23.8415,50.2572],[23.8852,50.2556],[23.9087,50.2235],[23.9256,50.2238],[23.9374,50.2197],[23.9574,50.2227],[23.972,50.2208],[23.964,50.2098],[23.9735,50.2022],[24.0267,50.1993],[24.0505,50.2033],[24.0911,50.2032],[24.0935,50.1938],[24.0862,50.1849],[24.0654,50.1725],[24.0585,50.1612],[24.062,50.1574],[24.0889,50.1505],[24.0932,50.1458],[24.092,50.1316],[24.0983,50.1165],[24.1299,50.1143],[24.1337,50.1157],[24.1317,50.1394],[24.1479,50.1594],[24.1758,50.1508],[24.1766,50.1443],[24.2023,50.1338],[24.2163,50.1619],[24.2322,50.1714],[24.2429,50.197],[24.2531,50.1992],[24.2743,50.1957],[24.3198,50.1936],[24.3395,50.1852],[24.3516,50.176],[24.3504,50.1614],[24.3635,50.1574],[24.3816,50.1704],[24.4251,50.1701],[24.4571,50.1594],[24.4463,50.1495],[24.4169,50.13],[24.4305,50.1348],[24.4423,50.1293],[24.4508,50.1353],[24.5166,50.1263],[24.5226,50.1186]]]]},"properties":{"key":"червоноградський","name":"Червоноградський район","source_group":"raion"}},{"id":"черкаський","type":"Feature","geometry":{"type":"MultiPolygon","coordinates":[[[[32.7329,48.9655],[32.746,48.9669],[32.7952,48.9707],[32.7955,48.9768],[32.8446,48.9812],[32.8434,48.9908],[32.8721,48.993],[32.8711,49.0006],[32.8598,48.9993],[32.8454,49.012],[32.8381,49.0086],[32.8259,49.0151],[32.8372,49.0157],[32.8423,49.0273],[32.8362,49.0332],[32.8299,49.0656],[32.8134,49.0742],[32.8643,49.0923],[32.8904,49.0963],[32.8894,49.1203],[32.7846,49.1425],[32.7661,49.1494],[32.7588,49.1567],[32.7582,49.1664],[32.7691,49.1714],[32.7801,49.1886],[32.8162,49.215],[32.8471,49.2304],[32.8558,49.2454],[32.8462,49.249],[32.8333,49.2465],[32.8146,49.2479],[32.7972,49.2386],[32.776,49.2366],[32.7653,49.2319],[32.758,49.2405],[32.7361,49.2513],[32.7119,49.257],[32.6833,49.2544],[32.666,49.2485],[32.651,49.2491],[32.6367,49.2591],[32.606,49.2567],[32.5979,49.275],[32.5632,49.2833],[32.5516,49.2919],[32.5284,49.3019],[32.5109,49.3053],[32.4901,49.3144],[32.4598,49.3329],[32.4394,49.3413],[32.4271,49.3408],[32.4108,49.3461],[32.3929,49.3451],[32.3777,49.3513],[32.3672,49.3603],[32.3587,49.3814],[32.3462,49.388],[32.3137,49.3986],[32.2875,49.403],[32.2344,49.4013],[32.2173,49.3989],[32.1938,49.4015],[32.1805,49.4113],[32.1562,49.4181],[32.1485,49.4426],[32.1413,49.4492],[32.096,49.4498],[32.0638,49.4625],[32.0477,49.475],[32.0406,49.4866],[32.0405,49.5192],[32.0276,49.5214],[32.0095,49.5142],[31.9986,49.5141],[31.9781,49.5297],[31.9604,49.5297],[31.9467,49.5394],[31.944,49.5501],[31.93,49.5576],[31.9106,49.5583],[31.8957,49.5656],[31.8708,49.5638],[31.8609,49.5583],[31.8325,49.5721],[31.8219,49.5692],[31.8079,49.5771],[31.7893,49.5998],[31.7818,49.6253],[31.7678,49.6315],[31.7013,49.6321],[31.654,49.6406],[31.6418,49.6527],[31.6623,49.6663],[31.6765,49.6795],[31.6884,49.6994],[31.6762,49.7023],[31.6854,49.7115],[31.7009,49.7512],[31.6931,49.7544],[31.6936,49.7629],[31.7166,49.7577],[31.7197,49.7757],[31.6933,49.7759],[31.693,49.7898],[31.7026,49.7917],[31.7075,49.8439],[31.7276,49.8473],[31.7183,49.8522],[31.716,49.8502],[31.6621,49.8578],[31.6426,49.8584],[31.6159,49.8557],[31.6177,49.8832],[31.6121,49.9065],[31.5828,49.9078],[31.5809,49.8955],[31.5688,49.8956],[31.5686,49.888],[31.5582,49.8754],[31.5413,49.8786],[31.5302,49.8721],[31.517,49.8706],[31.5203,49.8642],[31.512,49.8567],[31.5142,49.8472],[31.5004,49.8437],[31.4974,49.8608],[31.4887,49.8574],[31.4749,49.8607],[31.4718,49.8735],[31.4619,49.8775],[31.4433,49.8768],[31.4322,49.899],[31.4268,49.8992],[31.4215,49.9159],[31.4237,49.9324],[31.4329,49.9431],[31.436,49.9644],[31.4469,49.9736],[31.4416,49.9816],[31.4253,49.991],[31.4117,49.9908],[31.3889,49.9953],[31.3562,49.9911],[31.3162,49.9926],[31.3009,49.9862],[31.2974,49.9762],[31.2993,49.9754],[31.3097,49.9801],[31.3163,49.9758],[31.2924,49.9614],[31.2957,49.9574],[31.3122,49.9651],[31.3507,49.9507],[31.3371,49.9448],[31.3375,49.9384],[31.3509,49.9364],[31.3808,49.9072],[31.374,49.8987],[31.3163,49.892],[31.3151,49.8883],[31.2924,49.8836],[31.2623,49.8587],[31.2449,49.8659],[31.2071,49.8498],[31.221,49.833],[31.2062,49.8092],[31.1895,49.7896],[31.2154,49.7772],[31.2091,49.7556],[31.2209,49.7335],[31.2134,49.7313],[31.1992,49.7014],[31.2202,49.6938],[31.2135,49.6856],[31.2058,49.692],[31.1982,49.6843],[31.202,49.6748],[31.1571,49.6325],[31.1434,49.613],[31.1276,49.5829],[31.1498,49.5817],[31.1386,49.5711],[31.149,49.5685],[31.1534,49.556],[31.1436,49.5575],[31.1389,49.5516],[31.1211,49.5601],[31.1106,49.5569],[31.0992,49.5409],[31.104,49.5317],[31.0944,49.5173],[31.0946,49.4978],[31.0843,49.4896],[31.0481,49.4783],[31.039,49.4707],[31.0471,49.4551],[31.0603,49.4518],[31.0635,49.4369],[31.0835,49.4303],[31.0891,49.4322],[31.1251,49.4275],[31.1267,49.4238],[31.1462,49.4279],[31.1738,49.4161],[31.2087,49.4145],[31.2189,49.4185],[31.2284,49.4006],[31.2369,49.3985],[31.2378,49.3904],[31.2668,49.3896],[31.2686,49.4008],[31.2867,49.3982],[31.2854,49.4108],[31.2979,49.4132],[31.3124,49.4096],[31.333,49.4179],[31.3266,49.432],[31.3423,49.4332],[31.3598,49.4432],[31.3594,49.4389],[31.3349,49.4274],[31.3422,49.4227],[31.3746,49.4195],[31.4041,49.4095],[31.415,49.3992],[31.4191,49.3718],[31.4241,49.3713],[31.4218,49.3512],[31.405,49.3353],[31.3831,49.3284],[31.3472,49.3437],[31.3361,49.36],[31.3121,49.3587],[31.304,49.3329],[31.2823,49.3264],[31.2943,49.3224],[31.2851,49.3034],[31.2891,49.2864],[31.2828,49.2775],[31.283,49.2567],[31.3021,49.2528],[31.3088,49.2374],[31.3185,49.2321],[31.3392,49.2094],[31.344,49.1959],[31.3891,49.203],[31.3975,49.1978],[31.4223,49.1978],[31.4679,49.1913],[31.4908,49.1915],[31.487,49.1728],[31.4818,49.1689],[31.525,49.1449],[31.5359,49.1433],[31.5274,49.1257],[31.5633,49.1229],[31.6105,49.101],[31.6207,49.102],[31.6163,49.066],[31.6329,49.0086],[31.6255,49.0077],[31.625,48.9726],[31.6623,48.9618],[31.6769,48.9466],[31.6883,48.9526],[31.6969,48.9662],[31.6939,48.9765],[31.7258,48.9845],[31.7173,48.9687],[31.7286,48.9549],[31.7448,48.9622],[31.7628,48.9494],[31.7575,48.9462],[31.772,48.9349],[31.7971,48.9405],[31.8071,48.9443],[31.8264,48.9354],[31.837,48.9355],[31.8759,48.919],[31.9175,48.9071],[31.9187,48.8968],[31.9121,48.8876],[31.9209,48.8814],[31.946,48.906],[31.9612,48.9078],[31.9984,48.9176],[32.0076,48.9148],[32.0292,48.932],[32.0498,48.9179],[32.0797,48.9211],[32.0934,48.9195],[32.0871,48.9072],[32.1042,48.9039],[32.1125,48.9125],[32.1459,48.9121],[32.1521,48.9176],[32.1528,48.9446],[32.1355,48.955],[32.1348,48.966],[32.1782,48.9732],[32.1845,48.9975],[32.1961,48.991],[32.2189,48.9887],[32.2323,49.0368],[32.2353,49.0596],[32.2413,49.0624],[32.2632,49.0597],[32.2598,49.0766],[32.2682,49.0813],[32.2833,49.0787],[32.2834,49.0856],[32.2989,49.0736],[32.3159,49.0754],[32.3175,49.0798],[32.3515,49.079],[32.3537,49.0695],[32.3683,49.0711],[32.3773,49.052],[32.3715,49.0386],[32.3978,49.028],[32.4188,49.0278],[32.4283,49.0421],[32.4339,49.0405],[32.4435,49.0513],[32.4528,49.0387],[32.4599,49.0414],[32.4727,49.0326],[32.467,49.0313],[32.4748,49.0063],[32.4951,49.016],[32.5009,49.0146],[32.4982,48.9996],[32.5026,48.9887],[32.5151,48.9798],[32.513,48.9576],[32.5225,48.9509],[32.5214,48.9397],[32.5508,48.94],[32.5413,48.953],[32.5414,48.9618],[32.5529,48.9657],[32.5675,48.957],[32.5772,48.9579],[32.582,48.9506],[32.5944,48.9542],[32.5932,48.9595],[32.6061,48.9639],[32.608,48.9554],[32.6381,48.9557],[32.6546,48.9544],[32.6753,48.9608],[32.6673,48.9768],[32.6701,48.9836],[32.676,48.9862],[32.6812,48.9816],[32.6954,48.9826],[32.6982,48.9756],[32.7302,48.9777],[32.7329,48.9655]]]]},"properties":{"key":"черкаський","name":"Черкаський район","source_group":"raion"}},{"id":"чернівецький","type":"Feature","geometry":{"type":"MultiPolygon","coordinates":[[[[25.4434,47.9265],[25.4981,47.9326],[25.593,47.9383],[25.6251,47.9494],[25.6568,47.9489],[25.6828,47.9438],[25.6966,47.945],[25.713,47.9404],[25.7334,47.9458],[25.7375,47.9423],[25.7762,47.9396],[25.8188,47.9539],[25.826,47.9639],[25.8613,47.9701],[25.8787,47.9629],[25.8923,47.9614],[25.9083,47.9647],[25.9148,47.9774],[25.9409,47.9753],[25.9524,47.9705],[26.0635,47.9881],[26.0961,47.9793],[26.1176,47.9818],[26.1273,47.9869],[26.1398,47.9845],[26.1851,47.9944],[26.1999,48.0092],[26.2086,48.0301],[26.2123,48.0508],[26.239,48.0645],[26.267,48.0764],[26.276,48.0852],[26.2853,48.1136],[26.2984,48.1341],[26.317,48.1486],[26.329,48.1532],[26.3357,48.1613],[26.3274,48.1775],[26.333,48.1845],[26.3468,48.1841],[26.3662,48.1884],[26.3714,48.1955],[26.3836,48.1958],[26.3854,48.1865],[26.4023,48.1883],[26.4218,48.2006],[26.4347,48.1944],[26.4351,48.2025],[26.4558,48.2059],[26.4574,48.2129],[26.469,48.2198],[26.4811,48.2156],[26.4995,48.217],[26.5128,48.2115],[26.5227,48.2131],[26.518,48.2383],[26.518,48.2519],[26.4872,48.287],[26.4862,48.318],[26.4706,48.3459],[26.4529,48.3449],[26.4172,48.3606],[26.4178,48.3567],[26.3983,48.3336],[26.388,48.3355],[26.3907,48.3613],[26.3829,48.3583],[26.3645,48.3618],[26.3578,48.3507],[26.3227,48.3649],[26.2967,48.347],[26.2631,48.3622],[26.2487,48.3479],[26.242,48.3304],[26.2135,48.3296],[26.2055,48.3389],[26.2066,48.3511],[26.2177,48.3586],[26.2038,48.3754],[26.2233,48.3874],[26.1958,48.4108],[26.1868,48.4294],[26.1609,48.4437],[26.1187,48.4699],[26.0929,48.4626],[26.0625,48.4963],[26.0709,48.4965],[26.0799,48.4824],[26.1071,48.4856],[26.0929,48.524],[26.1072,48.5279],[26.1222,48.5403],[26.1181,48.5436],[26.1036,48.5378],[26.0922,48.5381],[26.0814,48.556],[26.0583,48.5705],[26.0449,48.5848],[26.0659,48.6034],[26.0595,48.6221],[26.063,48.6312],[26.0569,48.6454],[26.0399,48.6476],[26.0327,48.643],[26.0301,48.62],[26.0219,48.61],[26.0098,48.6099],[25.9924,48.6191],[25.9753,48.6206],[25.9539,48.6074],[25.9384,48.5931],[25.9203,48.5869],[25.901,48.5882],[25.877,48.5994],[25.8612,48.5965],[25.8479,48.6],[25.8571,48.614],[25.8539,48.622],[25.842,48.6288],[25.8128,48.6609],[25.8037,48.668],[25.7793,48.6755],[25.7674,48.6714],[25.7552,48.6609],[25.7462,48.6366],[25.7346,48.6329],[25.727,48.6387],[25.7203,48.6562],[25.7117,48.6635],[25.6541,48.6673],[25.6277,48.6731],[25.6216,48.6605],[25.605,48.6519],[25.5851,48.6351],[25.588,48.6248],[25.5867,48.59],[25.6032,48.5702],[25.5975,48.5656],[25.6031,48.5514],[25.5995,48.5432],[25.6082,48.5272],[25.5997,48.5055],[25.601,48.4898],[25.5966,48.4728],[25.6055,48.4619],[25.604,48.4469],[25.6091,48.425],[25.601,48.4118],[25.6151,48.4124],[25.6205,48.3982],[25.6122,48.3947],[25.6191,48.3843],[25.6217,48.3825],[25.6229,48.3786],[25.6395,48.3716],[25.6623,48.3576],[25.6638,48.3498],[25.6475,48.3341],[25.6582,48.325],[25.6476,48.3118],[25.6388,48.3108],[25.6121,48.2975],[25.6089,48.2821],[25.5974,48.2573],[25.5802,48.2606],[25.5728,48.2524],[25.5585,48.2522],[25.5419,48.2603],[25.5202,48.2654],[25.5112,48.2518],[25.488,48.2562],[25.4788,48.2499],[25.4731,48.2362],[25.4681,48.2094],[25.4607,48.2006],[25.4654,48.1918],[25.4562,48.183],[25.4567,48.1685],[25.4663,48.1637],[25.4642,48.1577],[25.471,48.1419],[25.4678,48.129],[25.4741,48.1212],[25.47,48.1162],[25.4484,48.1204],[25.4116,48.123],[25.3865,48.1142],[25.3665,48.1007],[25.3787,48.0933],[25.3784,48.0812],[25.3707,48.0699],[25.3451,48.0524],[25.3374,48.0564],[25.3296,48.0483],[25.3304,48.0355],[25.344,48.0266],[25.3603,48.0202],[25.3666,48.0095],[25.3458,47.9796],[25.3605,47.9682],[25.4096,47.9422],[25.4231,47.9394],[25.4434,47.9265]]]]},"properties":{"key":"чернівецький","name":"Чернівецький район","source_group":"raion"}},{"id":"чернігівський","type":"Feature","geometry":{"type":"MultiPolygon","coordinates":[[[[31.1859,50.7927],[31.2119,50.8044],[31.2175,50.8103],[31.2489,50.8124],[31.2708,50.8331],[31.2905,50.8572],[31.3132,50.8631],[31.3199,50.8684],[31.2993,50.869],[31.3003,50.8996],[31.3103,50.8992],[31.3129,50.9075],[31.3006,50.908],[31.3125,50.9136],[31.3191,50.9276],[31.3351,50.9305],[31.3565,50.9302],[31.3543,50.9364],[31.3402,50.9452],[31.3166,50.9488],[31.327,50.9568],[31.3384,50.9569],[31.3486,50.9699],[31.3706,50.9814],[31.3675,50.9906],[31.3582,50.9933],[31.3455,50.9894],[31.3353,50.9925],[31.3237,51.0075],[31.3011,51.0101],[31.3003,51.015],[31.2679,51.029],[31.2926,51.0343],[31.3164,51.0445],[31.3133,51.0535],[31.2819,51.0723],[31.2933,51.073],[31.2947,51.0923],[31.3148,51.0894],[31.3208,51.1021],[31.3717,51.0952],[31.3824,51.0953],[31.3927,51.1063],[31.3892,51.1215],[31.4152,51.1216],[31.4214,51.1283],[31.4109,51.1351],[31.4279,51.1412],[31.435,51.1562],[31.4323,51.1652],[31.4408,51.1785],[31.4715,51.1876],[31.516,51.1883],[31.5257,51.1907],[31.5247,51.1993],[31.4909,51.2033],[31.5001,51.2151],[31.5262,51.2195],[31.5455,51.2339],[31.5707,51.2365],[31.5821,51.2404],[31.6022,51.2398],[31.6338,51.2402],[31.6395,51.2389],[31.656,51.2242],[31.6911,51.2325],[31.6967,51.2399],[31.7332,51.2395],[31.7409,51.2467],[31.7711,51.2421],[31.7789,51.2449],[31.7891,51.2373],[31.8143,51.2313],[31.8343,51.2356],[31.8472,51.2436],[31.87,51.2431],[31.8737,51.2349],[31.8812,51.2401],[31.9005,51.2649],[31.9066,51.2641],[31.9277,51.2924],[31.9476,51.2906],[31.956,51.2983],[31.974,51.293],[31.9877,51.2977],[31.9844,51.3111],[32.0249,51.3272],[32.0035,51.3483],[31.9928,51.3536],[31.9953,51.3692],[31.9833,51.3667],[31.9821,51.3537],[31.9755,51.3499],[31.971,51.3491],[31.9646,51.3622],[31.9465,51.3665],[31.9294,51.3637],[31.9051,51.3696],[31.8915,51.3698],[31.8786,51.3842],[31.8781,51.3921],[31.8666,51.3936],[31.8676,51.3996],[31.8547,51.4043],[31.8574,51.4136],[31.8263,51.4171],[31.8194,51.4306],[31.8298,51.4294],[31.8295,51.4392],[31.8396,51.4451],[31.8273,51.4595],[31.8242,51.4692],[31.8306,51.4897],[31.812,51.4994],[31.8231,51.5062],[31.8539,51.5105],[31.8467,51.5433],[31.8601,51.5731],[31.8795,51.5843],[31.8921,51.6018],[31.8852,51.6126],[31.8789,51.6077],[31.8576,51.6227],[31.8054,51.6294],[31.8106,51.6537],[31.7938,51.6603],[31.7877,51.6715],[31.7922,51.6931],[31.7783,51.712],[31.7812,51.7289],[31.7489,51.7229],[31.7322,51.7276],[31.7411,51.739],[31.7574,51.7445],[31.7308,51.7503],[31.6522,51.7806],[31.6583,51.7931],[31.653,51.803],[31.6353,51.81],[31.6356,51.8258],[31.6575,51.822],[31.6744,51.8383],[31.6818,51.8568],[31.6876,51.8574],[31.6952,51.8718],[31.6622,51.8831],[31.6741,51.8967],[31.6638,51.9004],[31.6927,51.9078],[31.7068,51.9218],[31.7292,51.9173],[31.7232,51.9124],[31.7863,51.9132],[31.8068,51.9081],[31.7987,51.9363],[31.8073,51.9413],[31.7921,51.9407],[31.7815,51.9554],[31.7586,51.9664],[31.7717,51.9697],[31.7674,51.9839],[31.7802,51.9934],[31.7901,51.9879],[31.8015,51.9947],[31.7964,52.0221],[31.7887,52.0409],[31.786,52.031],[31.778,52.0318],[31.7732,52.0426],[31.7817,52.0488],[31.7771,52.0641],[31.8105,52.0703],[31.8179,52.0987],[31.796,52.104],[31.7869,52.1115],[31.7707,52.1108],[31.7232,52.096],[31.7132,52.1075],[31.6611,52.1164],[31.6531,52.114],[31.6158,52.1145],[31.6074,52.1116],[31.5616,52.1206],[31.5472,52.1206],[31.5184,52.1254],[31.4882,52.1158],[31.4637,52.1214],[31.4511,52.1404],[31.4298,52.1434],[31.4201,52.1395],[31.4024,52.1425],[31.3887,52.1343],[31.3763,52.1337],[31.3878,52.1219],[31.3713,52.1145],[31.3245,52.1052],[31.3216,52.0928],[31.3125,52.0863],[31.3214,52.0828],[31.2985,52.0524],[31.254,52.0427],[31.2264,52.05],[31.2116,52.064],[31.2169,52.0682],[31.1918,52.0752],[31.1588,52.0795],[31.1391,52.1033],[31.0986,52.0893],[31.0686,52.0915],[30.9913,52.0779],[30.9629,52.0825],[30.9644,52.0898],[30.9494,52.0897],[30.9522,52.0753],[30.9357,52.0755],[30.9356,52.0645],[30.9461,52.0597],[30.9463,52.0496],[30.9355,52.0515],[30.9321,52.0613],[30.924,52.0529],[30.9377,52.0465],[30.9238,52.0405],[30.9254,52.0216],[30.9144,52.0235],[30.9241,52.0154],[30.9101,52.0104],[30.9259,52.0064],[30.9322,52.0001],[30.9229,51.9927],[30.9112,51.9953],[30.9077,52.0048],[30.8917,51.9987],[30.9104,51.9882],[30.8849,51.9843],[30.8893,51.9699],[30.8738,51.9667],[30.8637,51.9721],[30.8494,51.9619],[30.8374,51.9618],[30.8364,51.9556],[30.854,51.9548],[30.845,51.9483],[30.8213,51.956],[30.8188,51.9498],[30.8059,51.9462],[30.8247,51.9216],[30.808,51.9085],[30.8025,51.899],[30.7884,51.8982],[30.753,51.9046],[30.7462,51.9015],[30.7362,51.8834],[30.7072,51.8684],[30.6978,51.8435],[30.6915,51.8353],[30.6688,51.8331],[30.6527,51.8257],[30.6702,51.7969],[30.6639,51.7866],[30.6534,51.782],[30.6577,51.7752],[30.6482,51.7722],[30.6329,51.7762],[30.6137,51.7688],[30.6235,51.7608],[30.6389,51.7654],[30.6487,51.7628],[30.6466,51.7503],[30.627,51.7324],[30.626,51.7182],[30.6098,51.7089],[30.5801,51.712],[30.5661,51.7084],[30.5611,51.7001],[30.5733,51.685],[30.5699,51.667],[30.5513,51.6633],[30.5359,51.6754],[30.524,51.6764],[30.5181,51.6632],[30.5343,51.6577],[30.5258,51.6444],[30.514,51.6412],[30.5097,51.6265],[30.5356,51.6219],[30.5348,51.615],[30.5537,51.6112],[30.5572,51.6051],[30.5472,51.6005],[30.5356,51.606],[30.5154,51.6045],[30.5102,51.597],[30.5277,51.5851],[30.5467,51.5835],[30.5539,51.5757],[30.5316,51.5736],[30.5309,51.562],[30.5478,51.542],[30.5706,51.5518],[30.5813,51.5493],[30.5847,51.5396],[30.5665,51.515],[30.583,51.5027],[30.5874,51.4825],[30.6019,51.4726],[30.6194,51.4709],[30.6212,51.4613],[30.5883,51.4566],[30.5798,51.447],[30.5869,51.4262],[30.5973,51.423],[30.6187,51.4275],[30.6266,51.4133],[30.653,51.3747],[30.6406,51.3694],[30.6364,51.3588],[30.6522,51.3435],[30.6499,51.3382],[30.6243,51.3328],[30.5916,51.3132],[30.6153,51.3082],[30.6048,51.301],[30.6238,51.3049],[30.6178,51.2988],[30.6131,51.2828],[30.5947,51.2814],[30.5721,51.2742],[30.5702,51.2687],[30.5399,51.2626],[30.5427,51.2557],[30.5553,51.2503],[30.5587,51.2365],[30.5466,51.2295],[30.5303,51.2353],[30.5107,51.2321],[30.5029,51.2258],[30.5303,51.204],[30.5155,51.1897],[30.5208,51.1848],[30.54,51.1804],[30.5256,51.174],[30.5019,51.1764],[30.4906,51.1668],[30.4918,51.1387],[30.4985,51.1267],[30.5176,51.1114],[30.5168,51.1029],[30.4901,51.0978],[30.4869,51.0901],[30.5097,51.0725],[30.5085,51.0654],[30.494,51.0489],[30.5024,51.0217],[30.6017,51.0266],[30.6037,51.0101],[30.6239,51.0093],[30.641,51.0028],[30.6504,50.9856],[30.6471,50.9634],[30.6612,50.9516],[30.6834,50.9009],[30.7144,50.8992],[30.7324,50.8952],[30.7376,50.8867],[30.7711,50.8734],[30.7757,50.8623],[30.771,50.8513],[30.7793,50.8319],[30.7674,50.8257],[30.7697,50.8144],[30.7557,50.8101],[30.7448,50.8185],[30.7315,50.8164],[30.7424,50.8073],[30.743,50.7949],[30.7463,50.7914],[30.7379,50.7803],[30.7395,50.7706],[30.7467,50.7737],[30.7546,50.7762],[30.758,50.7734],[30.7695,50.7792],[30.8002,50.7686],[30.8108,50.7699],[30.835,50.7616],[30.8447,50.7721],[30.8709,50.7804],[30.8746,50.7771],[30.8546,50.771],[30.8381,50.7573],[30.8287,50.7555],[30.8334,50.7453],[30.8741,50.7463],[30.8753,50.7656],[30.8901,50.7731],[30.894,50.7661],[30.9333,50.7639],[30.9323,50.7587],[30.9487,50.7575],[30.9551,50.763],[30.9817,50.763],[31.0147,50.7655],[31.031,50.7619],[31.071,50.7642],[31.0755,50.7808],[31.1258,50.7746],[31.1215,50.7516],[31.1399,50.7466],[31.1495,50.737],[31.1661,50.7334],[31.1658,50.7321],[31.1853,50.7324],[31.1936,50.7379],[31.2022,50.7349],[31.2103,50.7492],[31.2166,50.7436],[31.2405,50.7517],[31.1859,50.7927]],[[30.7784,51.5389],[30.7782,51.5123],[30.698,51.5209],[30.6646,51.5189],[30.6539,51.5247],[30.6694,51.5312],[30.6973,51.5306],[30.7022,51.554],[30.735,51.5484],[30.7373,51.542],[30.7784,51.5389]]]]},"properties":{"key":"чернігівський","name":"Чернігівський район","source_group":"raion"}},{"id":"чортківський","type":"Feature","geometry":{"type":"MultiPolygon","coordinates":[[[[26.3533,48.56],[26.3414,48.5639],[26.3375,48.5672],[26.3381,48.5704],[26.3435,48.5743],[26.3607,48.5832],[26.3566,48.5877],[26.3432,48.5854],[26.3434,48.5947],[26.3288,48.5986],[26.3279,48.6089],[26.2949,48.6213],[26.2936,48.6242],[26.2961,48.6269],[26.3138,48.6246],[26.323,48.628],[26.3181,48.6362],[26.2988,48.6347],[26.2893,48.6392],[26.3104,48.6503],[26.3007,48.6565],[26.2892,48.6487],[26.2723,48.6476],[26.2788,48.6698],[26.2694,48.6731],[26.2485,48.6687],[26.247,48.6809],[26.239,48.6807],[26.2271,48.6812],[26.2223,48.6891],[26.2226,48.6908],[26.2264,48.6922],[26.2414,48.6971],[26.2339,48.7018],[26.2332,48.7129],[26.2412,48.7183],[26.2371,48.728],[26.2435,48.7396],[26.2275,48.747],[26.2347,48.75],[26.2464,48.7539],[26.2311,48.7615],[26.2388,48.7687],[26.2331,48.7792],[26.2156,48.7802],[26.2086,48.7964],[26.2155,48.8012],[26.2191,48.7938],[26.2375,48.7924],[26.2268,48.808],[26.2293,48.8134],[26.2417,48.8087],[26.2526,48.8079],[26.2572,48.8109],[26.2593,48.8168],[26.2518,48.8213],[26.2412,48.8182],[26.2228,48.8335],[26.2187,48.8506],[26.2028,48.8566],[26.2131,48.8647],[26.2068,48.8741],[26.2151,48.8803],[26.2061,48.896],[26.2243,48.904],[26.224,48.9092],[26.2108,48.911],[26.2043,48.9056],[26.1991,48.9038],[26.1931,48.9048],[26.1887,48.9079],[26.1841,48.9172],[26.1983,48.9184],[26.1936,48.9325],[26.2083,48.9523],[26.2028,48.9586],[26.1795,48.9675],[26.1765,48.9709],[26.1823,48.9778],[26.1859,48.9782],[26.1982,48.9743],[26.2095,48.979],[26.213,48.9839],[26.2093,48.9874],[26.1829,48.9892],[26.1778,48.9951],[26.1866,49.0027],[26.2084,48.9996],[26.2161,49.0057],[26.2138,49.0131],[26.1992,49.0237],[26.2094,49.0315],[26.1852,49.0536],[26.1877,49.0614],[26.2069,49.0661],[26.212,49.0733],[26.1965,49.0726],[26.1969,49.0803],[26.2043,49.0971],[26.2034,49.1115],[26.196,49.1281],[26.2047,49.1332],[26.1955,49.137],[26.1979,49.1477],[26.1905,49.1548],[26.1899,49.1585],[26.196,49.1617],[26.2035,49.1572],[26.2089,49.1666],[26.19,49.1718],[26.195,49.1812],[26.1839,49.1958],[26.1955,49.2116],[26.1895,49.2193],[26.2022,49.2209],[26.2065,49.2444],[26.2221,49.2457],[26.2441,49.2427],[26.2431,49.2526],[26.258,49.2623],[26.2446,49.2713],[26.2448,49.2774],[26.2566,49.2757],[26.2502,49.2853],[26.2609,49.2887],[26.2493,49.2964],[26.2489,49.3123],[26.2273,49.324],[26.2264,49.3449],[26.2432,49.3466],[26.2429,49.3539],[26.2348,49.3635],[26.2435,49.3674],[26.2431,49.3702],[26.2312,49.3738],[26.163,49.385],[26.161,49.3809],[26.1272,49.3838],[26.1281,49.3694],[26.1031,49.3665],[26.0921,49.3681],[26.0724,49.3611],[26.001,49.3604],[25.9771,49.3619],[25.9683,49.3592],[25.9221,49.3757],[25.903,49.3757],[25.8953,49.3692],[25.8927,49.3351],[25.898,49.319],[25.9137,49.3053],[25.9423,49.2964],[25.932,49.2946],[25.9234,49.2855],[25.8896,49.2867],[25.881,49.2791],[25.866,49.2761],[25.8541,49.2728],[25.8496,49.261],[25.8323,49.2438],[25.84,49.2403],[25.8362,49.2285],[25.8281,49.2234],[25.8275,49.213],[25.844,49.2057],[25.8552,49.2058],[25.83,49.1828],[25.8011,49.1426],[25.7926,49.136],[25.79,49.1452],[25.7791,49.1496],[25.787,49.138],[25.781,49.1333],[25.7786,49.1342],[25.7712,49.1304],[25.7547,49.155],[25.751,49.155],[25.7471,49.174],[25.7255,49.1751],[25.7226,49.1808],[25.7029,49.178],[25.6736,49.1648],[25.6652,49.1707],[25.6428,49.176],[25.6441,49.1631],[25.6534,49.1625],[25.668,49.1496],[25.6533,49.1448],[25.6273,49.1465],[25.624,49.1317],[25.5908,49.1311],[25.5609,49.1331],[25.5479,49.1309],[25.5174,49.1447],[25.5189,49.1569],[25.5066,49.1617],[25.5229,49.1845],[25.4875,49.2048],[25.4652,49.2124],[25.4337,49.2105],[25.4249,49.2123],[25.4162,49.2018],[25.4038,49.2039],[25.4054,49.1945],[25.3992,49.1872],[25.3733,49.1951],[25.3713,49.2005],[25.2991,49.2143],[25.2536,49.1858],[25.2453,49.1905],[25.1779,49.1779],[25.1387,49.175],[25.1002,49.175],[25.0543,49.1706],[25.0413,49.1736],[24.9985,49.1809],[24.9802,49.1816],[24.9442,49.1714],[24.9326,49.1738],[24.9271,49.181],[24.8891,49.2],[24.8693,49.1868],[24.8587,49.1778],[24.8581,49.1618],[24.8648,49.1614],[24.902,49.1293],[24.9532,49.1255],[24.9576,49.1268],[24.9848,49.1168],[24.9749,49.0981],[24.9795,49.0898],[24.9746,49.0827],[24.9862,49.0794],[24.9921,49.0721],[24.9695,49.0716],[24.9629,49.0761],[24.9268,49.0824],[24.9134,49.0801],[24.9151,49.0723],[24.9036,49.062],[24.9021,49.0496],[24.9154,49.0451],[24.9431,49.0281],[24.969,49.0096],[24.9645,48.9928],[24.9873,48.9992],[25.0204,49.0116],[25.042,48.9985],[25.065,48.9916],[25.0679,48.9873],[25.0896,48.9834],[25.0917,48.9796],[25.1073,48.9966],[25.1171,48.9951],[25.1085,48.9849],[25.111,48.9642],[25.1474,48.9446],[25.1412,48.9356],[25.121,48.9281],[25.1201,48.9174],[25.1355,48.8906],[25.134,48.8772],[25.1592,48.8649],[25.1718,48.8723],[25.1733,48.8812],[25.1667,48.895],[25.1827,48.9032],[25.1983,48.9144],[25.1965,48.918],[25.1911,48.9218],[25.1916,48.9273],[25.2105,48.922],[25.2268,48.9309],[25.2373,48.9283],[25.2383,48.921],[25.2298,48.9108],[25.2309,48.8905],[25.228,48.8783],[25.2092,48.8487],[25.2284,48.8487],[25.237,48.8654],[25.246,48.8676],[25.2653,48.8665],[25.2845,48.8605],[25.29,48.8475],[25.302,48.8441],[25.3195,48.8468],[25.3262,48.8427],[25.3269,48.8382],[25.3458,48.8384],[25.3427,48.8558],[25.3479,48.8592],[25.3685,48.8588],[25.4066,48.8468],[25.431,48.8434],[25.4376,48.8459],[25.4399,48.8498],[25.4279,48.8654],[25.4301,48.8707],[25.436,48.8724],[25.4525,48.8679],[25.4674,48.8595],[25.4671,48.8511],[25.451,48.8398],[25.4555,48.832],[25.4853,48.821],[25.5032,48.8074],[25.5432,48.8034],[25.5691,48.7901],[25.6014,48.7646],[25.6396,48.7484],[25.6347,48.7392],[25.615,48.7307],[25.609,48.7254],[25.6109,48.7189],[25.6142,48.7163],[25.647,48.7108],[25.6509,48.6993],[25.6219,48.6829],[25.6277,48.6731],[25.6541,48.6673],[25.7117,48.6635],[25.7203,48.6562],[25.727,48.6387],[25.7346,48.6329],[25.7462,48.6366],[25.7552,48.6609],[25.7674,48.6714],[25.7793,48.6755],[25.8037,48.668],[25.8128,48.6609],[25.842,48.6288],[25.8539,48.622],[25.8571,48.614],[25.8479,48.6],[25.8612,48.5965],[25.877,48.5994],[25.901,48.5882],[25.9203,48.5869],[25.9384,48.5931],[25.9539,48.6074],[25.9753,48.6206],[25.9924,48.6191],[26.0098,48.6099],[26.0219,48.61],[26.0301,48.62],[26.0327,48.643],[26.0399,48.6476],[26.0569,48.6454],[26.063,48.6312],[26.0595,48.6221],[26.0659,48.6034],[26.0449,48.5848],[26.0583,48.5705],[26.0814,48.556],[26.0896,48.5406],[26.0941,48.5374],[26.1036,48.5378],[26.1134,48.5411],[26.1242,48.5476],[26.128,48.5551],[26.1259,48.5679],[26.1071,48.5797],[26.105,48.59],[26.0967,48.5995],[26.0993,48.6097],[26.1032,48.6146],[26.1106,48.6182],[26.1265,48.6161],[26.145,48.5983],[26.146,48.5899],[26.1446,48.5663],[26.1479,48.5469],[26.1546,48.5363],[26.1657,48.5288],[26.1942,48.5247],[26.2292,48.5303],[26.2603,48.5387],[26.2827,48.5344],[26.2939,48.5153],[26.3079,48.5084],[26.3257,48.5162],[26.3552,48.5078],[26.3665,48.5117],[26.3853,48.5314],[26.4041,48.5371],[26.433,48.5346],[26.4447,48.5381],[26.4398,48.5451],[26.4357,48.5471],[26.4293,48.546],[26.4179,48.5403],[26.4119,48.5409],[26.4061,48.5444],[26.3826,48.5636],[26.3762,48.5611],[26.3768,48.5457],[26.3696,48.5423],[26.3594,48.5465],[26.3655,48.5588],[26.3533,48.56]]]]},"properties":{"key":"чортківський","name":"Чортківський район","source_group":"raion"}},{"id":"чугуївський","type":"Feature","geometry":{"type":"MultiPolygon","coordinates":[[[[36.491,49.475],[36.4989,49.4708],[36.5003,49.4807],[36.5255,49.4838],[36.5184,49.5037],[36.4985,49.5098],[36.4881,49.517],[36.4737,49.5035],[36.4725,49.5078],[36.4384,49.5105],[36.4289,49.5258],[36.4387,49.5367],[36.4769,49.5344],[36.493,49.5244],[36.5117,49.5233],[36.5354,49.5478],[36.5667,49.5451],[36.5802,49.5577],[36.5849,49.555],[36.5937,49.5654],[36.6042,49.5639],[36.6224,49.5885],[36.6976,49.5696],[36.7009,49.5872],[36.7178,49.5897],[36.7429,49.5981],[36.7574,49.6],[36.7597,49.6092],[36.7987,49.6195],[36.7993,49.6367],[36.8524,49.6371],[36.8531,49.6094],[36.856,49.6032],[36.8792,49.6021],[36.8862,49.5904],[36.8994,49.5981],[36.9171,49.5997],[36.9326,49.6343],[36.9407,49.6317],[36.973,49.6451],[36.9712,49.6472],[36.9789,49.6514],[36.9675,49.6608],[36.9862,49.6719],[37.0247,49.7125],[36.9996,49.7145],[37.0001,49.7262],[36.9914,49.7272],[36.9745,49.7665],[36.9641,49.7729],[37.0121,49.7875],[37.0237,49.8038],[37.0431,49.7926],[37.0406,49.7851],[37.0569,49.7729],[37.0673,49.7711],[37.0781,49.7972],[37.1042,49.789],[37.1177,49.7927],[37.1482,49.8253],[37.1802,49.8389],[37.1893,49.8387],[37.1877,49.8849],[37.1849,49.885],[37.1844,49.9178],[37.1788,49.9175],[37.1772,49.9366],[37.1536,49.941],[37.1349,49.9476],[37.1424,49.9567],[37.1659,49.9671],[37.1759,49.9817],[37.1527,49.9896],[37.1605,50.0001],[37.1494,50.0062],[37.162,50.0133],[37.1656,50.0311],[37.1581,50.0431],[37.1682,50.0671],[37.1842,50.0672],[37.1882,50.0777],[37.1671,50.0855],[37.1531,50.0977],[37.1583,50.1034],[37.1828,50.1172],[37.2058,50.1213],[37.2283,50.1145],[37.2416,50.1072],[37.2547,50.112],[37.2628,50.1065],[37.2809,50.1168],[37.2674,50.126],[37.3034,50.1368],[37.3017,50.1447],[37.2903,50.1517],[37.3079,50.1536],[37.3222,50.1715],[37.3184,50.1807],[37.3488,50.1888],[37.3691,50.178],[37.3792,50.1933],[37.3682,50.2219],[37.3845,50.2348],[37.4005,50.2324],[37.4117,50.249],[37.4234,50.2549],[37.4191,50.29],[37.4608,50.3009],[37.463,50.2982],[37.5103,50.3155],[37.5143,50.3114],[37.5292,50.3173],[37.5354,50.3336],[37.5217,50.3363],[37.5051,50.3524],[37.4846,50.3566],[37.4719,50.3692],[37.4661,50.3804],[37.4659,50.407],[37.4615,50.4187],[37.4649,50.4311],[37.4841,50.431],[37.4846,50.445],[37.4911,50.4575],[37.4768,50.4595],[37.4698,50.4538],[37.4319,50.4434],[37.4208,50.4344],[37.3971,50.4313],[37.3516,50.4372],[37.3332,50.4371],[37.3095,50.4259],[37.2996,50.4059],[37.2928,50.4013],[37.2568,50.391],[37.2556,50.3925],[37.2105,50.3737],[37.1817,50.3634],[37.1491,50.3557],[37.1379,50.361],[37.101,50.3575],[37.1067,50.3521],[37.0452,50.3453],[37.0373,50.3492],[36.9409,50.3502],[36.916,50.3462],[36.8877,50.3377],[36.8718,50.3353],[36.8522,50.3277],[36.8328,50.3131],[36.8097,50.3115],[36.8001,50.306],[36.7678,50.3015],[36.764,50.2916],[36.7196,50.2774],[36.7007,50.264],[36.6883,50.267],[36.6829,50.2571],[36.6794,50.2371],[36.6611,50.221],[36.6604,50.209],[36.6697,50.2113],[36.6866,50.2022],[36.708,50.2017],[36.7199,50.1945],[36.7064,50.1954],[36.6945,50.1911],[36.7051,50.1814],[36.6879,50.1688],[36.6757,50.1704],[36.6826,50.1598],[36.7013,50.1594],[36.7,50.1547],[36.6687,50.147],[36.6861,50.1358],[36.6916,50.1287],[36.6815,50.1175],[36.6644,50.112],[36.6705,50.1052],[36.6499,50.1023],[36.6326,50.1091],[36.6236,50.0952],[36.5942,50.1018],[36.5791,50.093],[36.5603,50.0935],[36.5484,50.0818],[36.5515,50.0616],[36.5661,50.0361],[36.5897,50.0372],[36.6229,50.0254],[36.628,50.0145],[36.6482,50.0065],[36.6388,49.9998],[36.6292,50.0014],[36.6295,49.9837],[36.6489,49.9703],[36.6023,49.9371],[36.6097,49.9309],[36.5998,49.9212],[36.5827,49.9137],[36.5682,49.9191],[36.5601,49.9035],[36.5398,49.9082],[36.5343,49.8859],[36.4859,49.8807],[36.4571,49.8795],[36.4453,49.8658],[36.4305,49.8689],[36.4189,49.8433],[36.4091,49.815],[36.4208,49.7986],[36.3783,49.7901],[36.365,49.7975],[36.3592,49.7936],[36.3347,49.7923],[36.3227,49.8006],[36.3226,49.8163],[36.3066,49.8248],[36.2691,49.817],[36.2485,49.8215],[36.2381,49.8158],[36.2183,49.8142],[36.1979,49.8196],[36.1679,49.8242],[36.1288,49.8058],[36.1281,49.794],[36.1201,49.7847],[36.1489,49.7861],[36.1599,49.781],[36.1566,49.7684],[36.1287,49.7539],[36.1059,49.7579],[36.0862,49.7675],[36.0559,49.7557],[36.0367,49.7628],[36.0271,49.7579],[35.9881,49.762],[35.9856,49.7601],[35.9754,49.7585],[35.9793,49.7434],[35.9991,49.7321],[36.0229,49.7283],[36.0333,49.7217],[36.0141,49.721],[36.0053,49.7149],[36.0172,49.705],[36.0493,49.7056],[36.0697,49.7004],[36.0754,49.6921],[36.0744,49.6711],[36.0388,49.6733],[36.0434,49.6598],[36.0554,49.6523],[36.0615,49.6324],[36.0671,49.6248],[36.0671,49.6163],[36.0741,49.6162],[36.08,49.6032],[36.0768,49.5935],[36.103,49.5866],[36.1011,49.5794],[36.0822,49.5706],[36.0682,49.5413],[36.0824,49.5178],[36.132,49.5171],[36.1342,49.5388],[36.1776,49.537],[36.1796,49.5307],[36.181,49.5224],[36.1935,49.5108],[36.2032,49.5092],[36.2092,49.5137],[36.2426,49.5072],[36.2598,49.5418],[36.2764,49.5424],[36.3356,49.5269],[36.3386,49.525],[36.3456,49.5231],[36.3556,49.5212],[36.3685,49.5076],[36.383,49.5071],[36.3843,49.4678],[36.4136,49.4653],[36.4348,49.4601],[36.4641,49.4705],[36.4784,49.4768],[36.491,49.475]]]]},"properties":{"key":"чугуївський","name":"Чугуївський район","source_group":"raion"}},{"id":"шепетівський","type":"Feature","geometry":{"type":"MultiPolygon","coordinates":[[[[26.2139,49.8717],[26.2309,49.8735],[26.2304,49.8774],[26.2717,49.8757],[26.2848,49.8814],[26.3143,49.8841],[26.3165,49.8996],[26.3258,49.914],[26.3467,49.9159],[26.3558,49.9264],[26.3741,49.9309],[26.388,49.9265],[26.3915,49.9142],[26.4243,49.9037],[26.4271,49.8928],[26.4458,49.885],[26.4498,49.8947],[26.4667,49.8901],[26.4806,49.8932],[26.5099,49.8844],[26.5167,49.9012],[26.5143,49.9089],[26.4887,49.9148],[26.4891,49.9334],[26.4982,49.9383],[26.5274,49.9447],[26.5342,49.939],[26.5434,49.9439],[26.6024,49.9387],[26.6137,49.9567],[26.6596,49.9449],[26.6651,49.9381],[26.648,49.933],[26.6609,49.9293],[26.6379,49.8925],[26.6949,49.8958],[26.7111,49.9009],[26.7118,49.9094],[26.7314,49.9092],[26.7489,49.9023],[26.7697,49.9177],[26.7862,49.9129],[26.8028,49.9168],[26.8011,49.9071],[26.848,49.8953],[26.8689,49.8831],[26.8932,49.8837],[26.9148,49.874],[26.9141,49.8891],[26.9254,49.8919],[26.9362,49.9053],[26.9461,49.9021],[26.9816,49.9111],[26.9677,49.9174],[26.9806,49.928],[27.015,49.9257],[27.0194,49.9308],[27.0401,49.9252],[27.0568,49.9373],[27.068,49.9373],[27.0663,49.9435],[27.0861,49.9436],[27.0978,49.9492],[27.1335,49.9445],[27.1394,49.9381],[27.1329,49.9247],[27.1636,49.923],[27.1722,49.9265],[27.1741,49.9373],[27.2111,49.9333],[27.2059,49.9175],[27.1896,49.909],[27.1961,49.9008],[27.223,49.8928],[27.2505,49.8956],[27.2516,49.8849],[27.2836,49.8894],[27.3032,49.9041],[27.3122,49.905],[27.3239,49.9189],[27.3396,49.9165],[27.338,49.9099],[27.3554,49.9089],[27.3645,49.9009],[27.3668,49.8774],[27.3727,49.8714],[27.381,49.8678],[27.386,49.8673],[27.4128,49.8776],[27.4148,49.8791],[27.4163,49.886],[27.4333,49.8961],[27.4475,49.9095],[27.46,49.8916],[27.4797,49.8784],[27.5081,49.8815],[27.5201,49.8858],[27.5189,49.9029],[27.5232,49.9092],[27.5478,49.9082],[27.5495,49.924],[27.5476,49.9342],[27.5563,49.9348],[27.5569,49.9446],[27.5744,49.9473],[27.5652,49.9609],[27.5616,49.9831],[27.5464,49.9987],[27.5473,50.0119],[27.5598,50.0127],[27.5626,50.0209],[27.5919,50.0146],[27.6091,50.0059],[27.6414,50.038],[27.6581,50.034],[27.6569,50.0264],[27.6707,50.0264],[27.6786,50.0349],[27.6814,50.0492],[27.6748,50.0567],[27.6765,50.0655],[27.6596,50.0803],[27.615,50.0874],[27.6308,50.1043],[27.6223,50.1058],[27.6238,50.114],[27.6414,50.1152],[27.6268,50.1232],[27.6321,50.134],[27.6315,50.1463],[27.648,50.1449],[27.6529,50.1526],[27.6714,50.1528],[27.6801,50.1588],[27.6634,50.1733],[27.6646,50.1941],[27.6349,50.1885],[27.6421,50.1731],[27.6227,50.1706],[27.6208,50.198],[27.6133,50.195],[27.6083,50.2152],[27.5935,50.2151],[27.5946,50.2299],[27.6002,50.2301],[27.6021,50.2432],[27.5959,50.2591],[27.5782,50.259],[27.563,50.2461],[27.5424,50.2463],[27.5252,50.2246],[27.4916,50.2384],[27.4807,50.2569],[27.4592,50.2573],[27.4433,50.2626],[27.4427,50.2756],[27.4132,50.2744],[27.4008,50.2854],[27.4019,50.2949],[27.4169,50.2953],[27.4154,50.3062],[27.3633,50.3322],[27.3167,50.3325],[27.3139,50.3402],[27.3245,50.3585],[27.3194,50.3687],[27.2488,50.3932],[27.257,50.419],[27.2924,50.4581],[27.2907,50.4759],[27.3015,50.4932],[27.2717,50.4898],[27.2647,50.4937],[27.2613,50.4986],[27.2612,50.511],[27.2585,50.5144],[27.2067,50.5321],[27.1965,50.5524],[27.1952,50.5623],[27.153,50.5636],[27.1339,50.5604],[27.1305,50.5614],[27.1282,50.5634],[27.1253,50.5704],[27.1311,50.588],[27.1202,50.5949],[27.1043,50.5858],[27.0906,50.5875],[27.0795,50.5832],[27.0648,50.5624],[27.077,50.5557],[27.0609,50.5511],[27.018,50.5592],[27.0095,50.5409],[26.9887,50.5344],[26.9822,50.5238],[26.967,50.5294],[26.9367,50.5312],[26.9009,50.5458],[26.8815,50.5351],[26.8737,50.5224],[26.8553,50.5092],[26.8257,50.5214],[26.8178,50.5029],[26.7801,50.5015],[26.776,50.49],[26.7675,50.4835],[26.7679,50.4783],[26.7634,50.4706],[26.7905,50.4754],[26.7864,50.4685],[26.7659,50.4605],[26.7417,50.4604],[26.7478,50.4686],[26.7457,50.4799],[26.7356,50.4775],[26.7351,50.4633],[26.7282,50.4582],[26.7386,50.4517],[26.7369,50.4446],[26.7174,50.4461],[26.712,50.4164],[26.6934,50.4196],[26.683,50.3893],[26.661,50.3918],[26.6491,50.3651],[26.6211,50.371],[26.6019,50.368],[26.5874,50.3398],[26.5527,50.3291],[26.5631,50.3222],[26.5605,50.3163],[26.5455,50.317],[26.5468,50.3083],[26.5201,50.3042],[26.5228,50.2972],[26.494,50.2807],[26.4932,50.2671],[26.4719,50.2601],[26.4529,50.2598],[26.4549,50.2638],[26.4211,50.2607],[26.3968,50.2648],[26.3847,50.2598],[26.379,50.2516],[26.3625,50.251],[26.3496,50.2387],[26.3261,50.2308],[26.316,50.2165],[26.306,50.2126],[26.305,50.1979],[26.291,50.1873],[26.2815,50.1831],[26.2698,50.1781],[26.2578,50.1799],[26.2308,50.1721],[26.2198,50.1809],[26.2109,50.1751],[26.2213,50.165],[26.2188,50.1571],[26.2088,50.1539],[26.2233,50.1461],[26.2431,50.1425],[26.2349,50.1317],[26.2742,50.1132],[26.2731,50.1017],[26.2458,50.1025],[26.2011,50.0982],[26.2011,50.0812],[26.2066,50.0755],[26.2008,50.0672],[26.2223,50.0601],[26.2267,50.0461],[26.2179,50.0463],[26.2171,50.0369],[26.1989,50.0363],[26.1772,50.0259],[26.2111,50.0165],[26.2013,49.9925],[26.1693,49.9943],[26.1684,49.9865],[26.1477,49.9758],[26.1439,49.9604],[26.1629,49.9256],[26.1352,49.9062],[26.1346,49.8982],[26.1596,49.8899],[26.1638,49.8809],[26.1906,49.8724],[26.2004,49.8663],[26.2143,49.8659],[26.2139,49.8717]]]]},"properties":{"key":"шепетівський","name":"Шепетівський район","source_group":"raion"}},{"id":"шосткинський","type":"Feature","geometry":{"type":"MultiPolygon","coordinates":[[[[34.291,51.4858],[34.2977,51.4921],[34.2898,51.5095],[34.3046,51.5117],[34.3075,51.5203],[34.2961,51.5237],[34.2951,51.5327],[34.2844,51.535],[34.26,51.5335],[34.259,51.5481],[34.2502,51.5546],[34.2569,51.5604],[34.245,51.5699],[34.249,51.5763],[34.2374,51.5847],[34.2166,51.5749],[34.2109,51.6],[34.1822,51.5968],[34.1797,51.6245],[34.1674,51.6456],[34.1522,51.6426],[34.1303,51.643],[34.1302,51.6488],[34.1123,51.6497],[34.1056,51.6668],[34.0926,51.6615],[34.0814,51.6664],[34.0989,51.6767],[34.1264,51.6846],[34.1278,51.6892],[34.1638,51.6886],[34.1961,51.697],[34.2049,51.694],[34.2135,51.7029],[34.2342,51.6968],[34.2503,51.7024],[34.2621,51.7012],[34.2971,51.708],[34.3094,51.7202],[34.3191,51.716],[34.3631,51.7124],[34.3912,51.718],[34.4005,51.7152],[34.4225,51.7224],[34.4346,51.7312],[34.4404,51.743],[34.4354,51.7497],[34.4363,51.7639],[34.4093,51.7821],[34.4083,51.7939],[34.4139,51.8004],[34.4154,51.8253],[34.4001,51.8349],[34.391,51.8351],[34.3868,51.8439],[34.3688,51.8458],[34.3642,51.8578],[34.3287,51.8708],[34.3185,51.8814],[34.3034,51.8875],[34.2754,51.8881],[34.2634,51.8788],[34.246,51.8815],[34.2588,51.8889],[34.2554,51.9054],[34.2615,51.9094],[34.2498,51.9164],[34.233,51.913],[34.2197,51.9205],[34.2265,51.9283],[34.2042,51.941],[34.1894,51.9684],[34.1774,51.9705],[34.1429,51.9682],[34.1296,51.9847],[34.1398,52.0002],[34.1269,52.0066],[34.0965,52.0049],[34.0915,52.031],[34.1011,52.0414],[34.0935,52.0527],[34.0837,52.0575],[34.0808,52.0711],[34.062,52.0697],[34.0625,52.0735],[34.0847,52.085],[34.0951,52.0855],[34.1007,52.0934],[34.0876,52.1023],[34.087,52.109],[34.0988,52.1119],[34.111,52.1229],[34.116,52.1411],[34.0893,52.1547],[34.0758,52.1546],[34.0534,52.1712],[34.065,52.183],[34.0529,52.2016],[34.0165,52.202],[34.0003,52.2092],[34.0005,52.2272],[33.9816,52.2343],[33.9744,52.2303],[33.9576,52.2428],[33.9613,52.2475],[33.9369,52.2498],[33.9446,52.2829],[33.9244,52.2951],[33.9219,52.3046],[33.9097,52.3083],[33.9052,52.3016],[33.8956,52.307],[33.8756,52.3058],[33.8392,52.3201],[33.8546,52.3322],[33.8378,52.3499],[33.8355,52.3611],[33.7889,52.3667],[33.7525,52.3614],[33.7482,52.357],[33.7245,52.3537],[33.717,52.3629],[33.7081,52.3632],[33.678,52.355],[33.6799,52.348],[33.6576,52.34],[33.6393,52.3401],[33.6048,52.3337],[33.5779,52.3186],[33.5775,52.3107],[33.563,52.3186],[33.5441,52.3237],[33.564,52.3136],[33.5607,52.3019],[33.5257,52.3074],[33.5053,52.3061],[33.4979,52.3122],[33.4879,52.3106],[33.4806,52.3164],[33.4899,52.3296],[33.5136,52.3348],[33.5208,52.3439],[33.5194,52.3542],[33.5099,52.3585],[33.4999,52.3551],[33.4724,52.3591],[33.4551,52.3653],[33.4515,52.3572],[33.4389,52.3531],[33.4469,52.3422],[33.4289,52.3457],[33.4142,52.3258],[33.4038,52.322],[33.3985,52.2989],[33.382,52.2839],[33.3866,52.2724],[33.3729,52.2581],[33.3571,52.2578],[33.366,52.2447],[33.3662,52.2338],[33.3536,52.2221],[33.3332,52.2155],[33.3243,52.2214],[33.3161,52.213],[33.3256,52.2123],[33.3302,52.1984],[33.3102,52.1825],[33.3328,52.167],[33.3373,52.1554],[33.3278,52.155],[33.322,52.1365],[33.343,52.1352],[33.3284,52.1401],[33.3434,52.145],[33.4167,52.123],[33.4099,52.1161],[33.434,52.1088],[33.4464,52.0897],[33.4911,52.0833],[33.5002,52.0888],[33.5004,52.0389],[33.4647,52.0386],[33.4384,52.0326],[33.4277,52.0243],[33.4125,52.0309],[33.4019,52.0509],[33.389,52.0496],[33.3682,52.0418],[33.3458,52.0295],[33.3167,52.0314],[33.3169,52.0176],[33.3045,52.0132],[33.3357,52.0076],[33.3473,51.9986],[33.3486,51.985],[33.3825,51.9728],[33.3955,51.9615],[33.3907,51.9536],[33.3715,51.9535],[33.3622,51.9467],[33.3565,51.9304],[33.3312,51.9298],[33.3155,51.9368],[33.2971,51.9344],[33.292,51.9242],[33.2722,51.9229],[33.2644,51.9184],[33.257,51.9251],[33.2245,51.9076],[33.2223,51.9057],[33.2169,51.9065],[33.2154,51.9115],[33.2113,51.9124],[33.1986,51.9093],[33.1875,51.9111],[33.1848,51.9023],[33.1755,51.9046],[33.172,51.9003],[33.1788,51.8958],[33.1802,51.8854],[33.1447,51.8777],[33.1339,51.871],[33.1321,51.8557],[33.1257,51.8538],[33.1274,51.8358],[33.1362,51.834],[33.1477,51.8179],[33.1332,51.8161],[33.1012,51.79],[33.1022,51.7815],[33.092,51.7838],[33.078,51.7752],[33.0852,51.7693],[33.0919,51.7744],[33.0962,51.7567],[33.1047,51.7451],[33.138,51.7257],[33.1324,51.7219],[33.1481,51.7136],[33.1544,51.705],[33.1714,51.6995],[33.1688,51.6925],[33.1452,51.6885],[33.1479,51.6838],[33.1526,51.6814],[33.1628,51.6818],[33.1655,51.6795],[33.1865,51.673],[33.1864,51.6841],[33.1979,51.6841],[33.2112,51.6668],[33.2136,51.656],[33.2368,51.6595],[33.2369,51.6657],[33.2572,51.6657],[33.2721,51.6739],[33.2954,51.6795],[33.3133,51.6784],[33.326,51.6861],[33.3487,51.6911],[33.3746,51.7024],[33.4136,51.7148],[33.4385,51.7181],[33.4872,51.7052],[33.488,51.7115],[33.5091,51.7137],[33.5054,51.7045],[33.5506,51.6818],[33.5563,51.6724],[33.5832,51.6596],[33.604,51.6708],[33.6405,51.645],[33.6788,51.6488],[33.6799,51.6408],[33.6642,51.6341],[33.7331,51.6076],[33.7428,51.5846],[33.7233,51.5834],[33.726,51.5767],[33.7435,51.5599],[33.7416,51.5537],[33.7505,51.5442],[33.7509,51.5344],[33.768,51.5292],[33.7838,51.5146],[33.8052,51.5084],[33.8345,51.513],[33.8479,51.4976],[33.868,51.5067],[33.8826,51.5047],[33.8789,51.4996],[33.8976,51.4963],[33.8973,51.4887],[33.8801,51.4803],[33.8875,51.4718],[33.8848,51.4659],[33.8912,51.4638],[33.9073,51.4644],[33.9107,51.4628],[33.9229,51.4647],[33.9422,51.4739],[33.9572,51.477],[33.9549,51.4626],[33.9724,51.4638],[33.9819,51.4685],[33.9983,51.4772],[33.9997,51.4901],[33.9874,51.4961],[33.9908,51.51],[34.0053,51.5121],[34.0016,51.5225],[34.024,51.5251],[34.027,51.5186],[34.0494,51.5211],[34.0404,51.5374],[34.0522,51.549],[34.0632,51.5282],[34.0831,51.5141],[34.1089,51.5083],[34.1111,51.5114],[34.1295,51.5059],[34.1328,51.5011],[34.1766,51.5259],[34.189,51.5153],[34.1868,51.495],[34.1977,51.491],[34.2268,51.5014],[34.2534,51.5016],[34.291,51.4858]]]]},"properties":{"key":"шосткинський","name":"Шосткинський район","source_group":"raion"}},{"id":"яворівський","type":"Feature","geometry":{"type":"MultiPolygon","coordinates":[[[[23.0499,49.6361],[23.0396,49.6389],[23.0457,49.6495],[23.0613,49.6415],[23.0697,49.6441],[23.077,49.6354],[23.0938,49.6486],[23.1143,49.6509],[23.1469,49.6471],[23.1434,49.6513],[23.1794,49.6548],[23.1785,49.6498],[23.2137,49.6441],[23.2318,49.6466],[23.2392,49.6521],[23.2651,49.6429],[23.28,49.6525],[23.3102,49.6527],[23.3086,49.6598],[23.3152,49.674],[23.3364,49.6713],[23.3414,49.6804],[23.3497,49.6805],[23.3616,49.6892],[23.3776,49.6862],[23.3902,49.702],[23.3923,49.7105],[23.3799,49.7137],[23.3912,49.7178],[23.3951,49.7388],[23.3862,49.7459],[23.3969,49.7606],[23.4268,49.7527],[23.4376,49.7537],[23.4388,49.7583],[23.4551,49.762],[23.4579,49.7768],[23.442,49.7794],[23.4436,49.7906],[23.4589,49.7974],[23.4615,49.8031],[23.4448,49.809],[23.4437,49.8225],[23.4551,49.8182],[23.4737,49.818],[23.5038,49.8359],[23.5078,49.8436],[23.5322,49.8557],[23.5327,49.8673],[23.5456,49.8738],[23.5603,49.88],[23.5696,49.8814],[23.5847,49.8765],[23.5828,49.8545],[23.6108,49.8445],[23.6111,49.8398],[23.6438,49.8318],[23.6523,49.842],[23.6647,49.845],[23.6785,49.843],[23.692,49.8506],[23.695,49.8598],[23.7148,49.8546],[23.7153,49.8427],[23.7509,49.842],[23.7659,49.8454],[23.7704,49.8416],[23.797,49.8402],[23.8031,49.8471],[23.8201,49.8447],[23.8394,49.8468],[23.8479,49.856],[23.8658,49.8542],[23.873,49.8449],[23.8913,49.8531],[23.8888,49.8617],[23.8712,49.8611],[23.8618,49.8788],[23.8807,49.8882],[23.8877,49.8988],[23.902,49.8961],[23.9233,49.8982],[23.9249,49.9117],[23.9324,49.9215],[23.9302,49.929],[23.9195,49.9307],[23.924,49.9422],[23.9145,49.946],[23.893,49.9762],[23.8685,49.9809],[23.837,49.9922],[23.8107,49.9949],[23.8129,50.0054],[23.8087,50.0263],[23.7845,50.036],[23.7742,50.0544],[23.7714,50.0698],[23.7462,50.0742],[23.7246,50.0878],[23.7141,50.0874],[23.7054,50.0945],[23.6711,50.1061],[23.6614,50.1189],[23.6557,50.1182],[23.6429,50.1322],[23.6195,50.1343],[23.6316,50.1413],[23.6334,50.1505],[23.6192,50.1532],[23.5906,50.1518],[23.5772,50.1749],[23.5616,50.1732],[23.5476,50.1765],[23.5324,50.1724],[23.5228,50.1738],[23.5136,50.152],[23.5026,50.1574],[23.4886,50.1718],[23.4879,50.1851],[23.4627,50.1863],[23.4402,50.1933],[23.4268,50.1827],[23.3806,50.1594],[23.3438,50.1353],[23.3152,50.1129],[23.2931,50.1016],[23.2797,50.1009],[23.2795,50.0866],[23.2644,50.079],[23.2402,50.0553],[23.2159,50.0479],[23.213,50.0303],[23.1426,49.9714],[23.1158,49.9562],[23.1082,49.9423],[23.0928,49.9281],[23.0332,49.8814],[22.9962,49.8424],[22.9702,49.8377],[22.9562,49.8114],[22.9613,49.805],[22.9311,49.7916],[22.8991,49.7659],[22.8962,49.7518],[22.8731,49.7399],[22.8514,49.7196],[22.8621,49.7093],[22.911,49.7092],[22.9225,49.6974],[22.9061,49.6873],[22.9101,49.6839],[22.9264,49.6894],[22.9359,49.6899],[22.9473,49.6861],[22.9525,49.6826],[22.9679,49.6734],[22.9695,49.6643],[22.9842,49.6532],[22.9928,49.646],[22.9726,49.6404],[22.9917,49.6243],[23.0097,49.629],[23.0304,49.6247],[23.0403,49.6315],[23.0512,49.6314],[23.0499,49.6361]]]]},"properties":{"key":"яворівський","name":"Яворівський район","source_group":"raion"}}]}
